customer_id,first_name,last_name,email,phone,region,created_at,updated_at
CUST_000459,Fatima,Patel,fatima.patel459@example.com,414-545-5118,North,2025-08-08T14:02:06.776383Z,2025-12-31T01:59:34.184431Z
CUST_000589,Fatima,Davis,fatima.davis589@example.com,815-466-7336,East,2025-07-28T22:00:07.485168Z,2026-02-05T11:59:12.466173Z
CUST_000528,Divya,Reddy,divya.reddy528@example.com,918-972-3764,Central,2025-02-20T19:16:09.093387Z,2025-11-15T11:10:36.123050Z
CUST_000462,Emily,Iyer,emily.iyer462@example.com,476-307-6503,South,2025-02-15T01:17:08.116506Z,2026-02-17T14:29:26.179517Z
CUST_001861,Lisa,Brown,lisa.brown1861@example.com,889-332-8612,South,2026-02-24T21:09:06.232698Z,2026-03-02T21:39:46.948857Z
CUST_001265,Nina,Kulkarni,nina.kulkarni1265@example.com,553-124-9724,North,2026-02-18T16:45:05.697467Z,2026-06-16T14:11:50.189441Z
CUST_001919,Emily,Rossi,emily.rossi1919@example.com,467-964-8679,East,2025-03-02T17:58:54.213183Z,2026-02-07T07:20:18.532257Z
CUST_001470,Rohan,Kulkarni,rohan.kulkarni1470@example.com,798-900-6623,North,2026-04-06T09:45:16.959298Z,2026-04-11T16:46:47.154594Z
CUST_000976,Omar,Miller,omar.miller976@example.com,780-285-1395,East,2024-08-27T09:58:26.840848Z,2025-04-05T00:46:29.890691Z
CUST_001774,Fatima,Schmidt,fatima.schmidt1774@example.com,712-634-3115,East,2025-02-23T20:33:55.415688Z,2025-02-26T22:32:51.983102Z
CUST_001139,Meera,Miller,meera.miller1139@example.com,569-828-6619,North,2024-08-10T00:06:30.809047Z,2026-05-18T16:12:13.154985Z
CUST_000396,Arjun,Johnson,arjun.johnson396@example.com,492-572-3727,South,2025-06-08T01:44:33.947572Z,2026-07-09T04:29:53.677486Z
CUST_000508,Omar,Johnson,omar.johnson508@example.com,512-217-6531,East,2026-07-06T01:29:42.905307Z,2026-07-08T13:36:32.945196Z
CUST_000095,Emily,Miller,emily.miller95@example.com,807-598-9633,North,2026-06-26T12:38:03.008060Z,2026-07-17T06:19:13.804624Z
CUST_000485,Priya,Johnson,priya.johnson485@example.com,772-857-8593,West,2025-06-08T04:16:19.671670Z,2026-02-15T20:30:07.685572Z
CUST_000516,Noah,Johnson,noah.johnson516@example.com,632-762-1606,South,2026-02-25T00:16:50.842570Z,2026-06-16T08:42:35.184533Z
CUST_001534,Rohan,Kulkarni,rohan.kulkarni1534@example.com,414-640-9237,East,2026-05-16T17:07:49.085895Z,2026-05-19T18:15:39.515568Z
CUST_001489,Lisa,Clark,lisa.clark1489@example.com,829-557-3513,West,2024-11-01T19:38:39.291173Z,2026-02-26T18:44:33.101224Z
CUST_001599,Lukas,Jones,lukas.jones1599@example.com,367-163-4303,North,2024-09-29T18:39:38.956740Z,2025-04-24T01:05:05.846817Z
CUST_000584,Lukas,Desai,lukas.desai584@example.com,753-272-5016,West,2024-12-24T17:28:02.001049Z,2026-01-10T14:53:39.303300Z
CUST_001001,Liam,Tan,liam.tan1001@example.com,377-756-6138,West,2026-03-08T01:19:24.197382Z,2026-07-24T11:34:03.863760Z
CUST_001360,Rohan,Davis,rohan.davis1360@example.com,948-475-5364,North,2025-04-28T17:22:43.307912Z,2026-05-02T11:31:53.875569Z
CUST_001231,Ananya,Desai,ananya.desai1231@example.com,503-414-5335,North,2024-10-16T05:55:37.338713Z,2026-04-27T01:09:55.414804Z
CUST_001707,Ava,Patel,ava.patel1707@example.com,746-234-1070,East,2025-08-14T07:40:59.002913Z,2026-03-07T14:39:26.428909Z
CUST_001931,Grace,Johnson,grace.johnson1931@example.com,685-517-6832,North,2025-10-07T03:25:51.509421Z,2026-02-03T13:30:44.908878Z
CUST_000531,Emily,Tan,emily.tan531@example.com,210-580-3182,East,2025-11-13T12:43:13.747986Z,2025-12-04T12:45:27.771861Z
CUST_001560,Mei,Williams,mei.williams1560@example.com,449-239-6464,North,2024-11-07T00:01:51.483807Z,2026-03-28T06:39:29.093821Z
CUST_000096,Vikram,Smith,vikram.smith96@example.com,709-864-8055,North,2024-12-01T22:14:32.585864Z,2024-12-08T21:51:22.075576Z
CUST_000503,Vikram,Johnson,vikram.johnson503@example.com,876-869-9518,East,2024-11-07T06:18:42.522084Z,2025-01-24T15:32:16.568787Z
CUST_001582,Emily,Schmidt,emily.schmidt1582@example.com,905-432-3227,Central,2025-12-22T11:40:12.431579Z,2026-02-27T09:10:59.233066Z
CUST_001761,Sofia,Rao,sofia.rao1761@example.com,357-306-7471,Central,2026-04-28T17:03:36.922806Z,2026-06-23T04:26:05.402853Z
CUST_001198,Ananya,Brown,ananya.brown1198@example.com,731-282-5512,North,2026-07-16T14:39:53.731057Z,2026-07-24T01:43:44.356441Z
CUST_000196,Emily,Clark,emily.clark196@example.com,810-241-7286,North,2025-09-02T17:44:58.676604Z,2026-04-04T05:35:10.513426Z
CUST_001146,Fatima,Johnson,fatima.johnson1146@example.com,636-308-3685,East,2025-09-30T09:19:34.725150Z,2025-12-21T17:40:04.079928Z
CUST_000418,Fatima,Patel,fatima.patel418@example.com,636-501-3932,North,2024-09-25T20:53:44.733337Z,2024-12-22T14:39:22.327617Z
CUST_001460,Sofia,Khan,sofia.khan1460@example.com,590-871-1821,South,2024-12-23T02:41:42.510966Z,2025-10-06T14:56:18.067540Z
CUST_001144,Laura,Sharma,laura.sharma1144@example.com,987-714-1838,South,2026-05-18T17:42:35.301525Z,2026-06-26T03:54:15.970592Z
CUST_000334,Lukas,Nair,lukas.nair334@example.com,548-219-9409,East,2025-12-29T18:16:44.464276Z,2026-03-14T12:36:30.807369Z
CUST_001892,Aarav,Johnson,aarav.johnson1892@example.com,780-574-3243,Central,2025-12-18T09:44:41.054462Z,2026-06-21T14:01:13.241359Z
CUST_001673,David,Sharma,david.sharma1673@example.com,621-870-8018,North,2025-03-30T07:45:15.465784Z,2025-10-02T08:58:27.620903Z
CUST_001353,David,Lim,david.lim1353@example.com,990-733-8691,West,2026-03-29T11:49:35.797136Z,2026-05-02T06:27:26.574865Z
CUST_001340,Olivia,Jones,olivia.jones1340@example.com,726-168-7962,South,2025-12-31T08:16:58.702573Z,2026-03-14T11:16:16.448263Z
CUST_001622,Noah,Weber,noah.weber1622@example.com,469-629-9574,East,2025-09-21T07:11:03.727629Z,2025-10-06T10:49:23.815184Z
CUST_001296,Lukas,Rao,lukas.rao1296@example.com,219-132-1943,West,2026-07-18T13:06:19.346377Z,2026-07-25T20:37:01.791775Z
CUST_001412,Nina,Williams,nina.williams1412@example.com,929-837-5395,West,2025-09-16T20:21:12.378003Z,2026-07-13T07:27:23.591729Z
CUST_000300,Emily,Davis,emily.davis300@example.com,240-798-6258,North,2026-05-20T03:24:16.566479Z,2026-06-20T23:18:01.955604Z
CUST_000166,Chen,Ahmed,chen.ahmed166@example.com,540-410-1251,East,2025-12-04T23:07:47.790973Z,2026-01-26T15:58:15.729417Z
CUST_001812,Chen,Williams,chen.williams1812@example.com,866-545-7961,North,2025-10-26T22:33:51.392142Z,2026-07-06T16:03:03.104758Z
CUST_000926,Chen,Khan,chen.khan926@example.com,959-307-6956,Central,2026-01-19T03:21:32.070461Z,2026-03-18T08:35:34.887730Z
CUST_000214,Noah,Tan,noah.tan214@example.com,981-582-2195,South,2026-02-11T08:13:02.967394Z,2026-03-27T01:50:25.531219Z
CUST_000465,Aarav,Miller,aarav.miller465@example.com,951-887-9261,Central,2024-09-11T15:51:51.730494Z,2026-01-05T03:28:31.252194Z
CUST_000278,Emily,Williams,emily.williams278@example.com,667-378-7319,North,2025-09-15T13:41:56.835620Z,2026-04-07T05:07:08.729987Z
CUST_000253,Fatima,Clark,fatima.clark253@example.com,907-343-1807,South,2025-09-10T11:01:21.857091Z,2026-02-26T09:19:17.883788Z
CUST_000186,Chen,Desai,chen.desai186@example.com,898-886-1440,East,2026-02-10T22:13:28.836433Z,2026-03-28T09:53:44.072518Z
CUST_001775,James,Nair,james.nair1775@example.com,862-884-4600,East,2025-01-10T00:47:41.378110Z,2025-09-17T23:35:24.751232Z
CUST_000650,Grace,Reddy,grace.reddy650@example.com,346-375-4432,North,2026-03-10T09:00:10.856046Z,2026-06-06T15:00:06.073234Z
CUST_001184,Noah,Desai,noah.desai1184@example.com,851-191-9486,North,2025-03-14T13:46:40.573284Z,2026-03-06T02:47:48.337476Z
CUST_001824,David,Jones,david.jones1824@example.com,267-373-8994,South,2025-07-07T05:23:50.258251Z,2026-04-21T20:32:03.649685Z
CUST_000649,Liam,Miller,liam.miller649@example.com,908-409-9202,North,2025-10-12T12:37:19.769584Z,2026-02-18T13:48:56.969220Z
CUST_000495,Rohan,Iyer,rohan.iyer495@example.com,556-460-3630,West,2025-05-12T19:15:32.597935Z,2026-03-04T02:06:52.606217Z
CUST_001544,Michael,Rao,michael.rao1544@example.com,586-926-5176,North,2026-01-16T21:26:04.036660Z,2026-02-06T03:39:44.484260Z
CUST_001566,Nina,Miller,nina.miller1566@example.com,507-837-1394,North,2025-11-20T08:22:52.725658Z,2026-04-23T11:37:34.367793Z
CUST_000453,Daniel,Lim,daniel.lim453@example.com,308-216-9145,North,2026-03-29T02:51:12.446915Z,2026-04-06T10:51:53.773774Z
CUST_001337,Fatima,Kulkarni,fatima.kulkarni1337@example.com,768-651-7217,South,2024-09-01T15:22:45.013228Z,2025-03-16T20:34:03.840115Z
CUST_000387,Divya,Schmidt,divya.schmidt387@example.com,463-999-7343,North,2024-10-03T00:35:17.236540Z,2026-07-05T04:21:57.411929Z
CUST_001738,Ananya,Ahmed,ananya.ahmed1738@example.com,797-155-6231,West,2026-07-13T23:05:48.674219Z,2026-07-20T16:40:36.557336Z
CUST_000885,Michael,Clark,michael.clark885@example.com,292-625-4452,Central,2026-02-16T01:59:07.542145Z,2026-04-25T21:40:11.498293Z
CUST_000185,Nina,Williams,nina.williams185@example.com,498-852-9044,North,2025-09-12T10:24:17.856156Z,2026-02-22T12:23:07.977343Z
CUST_000896,Ananya,Davis,ananya.davis896@example.com,,West,2025-07-21T10:08:36.531597Z,2026-07-07T12:43:29.012151Z
CUST_001280,Vikram,Kulkarni,vikram.kulkarni1280@example.com,657-239-6618,North,2026-04-25T14:59:15.207567Z,2026-04-29T19:47:46.224488Z
CUST_000285,Fatima,Davis,fatima.davis285@example.com,428-964-8445,Central,2025-08-08T19:30:45.689089Z,2025-09-04T11:45:28.119562Z
CUST_001380,Emily,Clark,emily.clark1380@example.com,859-128-4778,West,2026-06-22T01:00:25.301828Z,2026-07-15T21:39:13.318832Z
CUST_000042,Aarav,Rossi,aarav.rossi42@example.com,865-170-1659,North,2025-07-25T06:53:01.651517Z,2025-11-16T04:15:08.496564Z
CUST_001223,Aarav,Kulkarni,aarav.kulkarni1223@example.com,206-783-9419,South,2025-03-18T12:04:03.122456Z,2025-03-18T12:32:12.078702Z
CUST_000546,Ava,Patel,ava.patel546@example.com,622-196-8612,South,2026-01-05T08:22:16.614012Z,2026-04-23T02:49:32.017058Z
CUST_000879,Aarav,Ahmed,aarav.ahmed879@example.com,266-297-9216,South,2026-06-15T05:28:02.288909Z,2026-06-18T19:12:44.530019Z
CUST_000199,Lisa,Weber,lisa.weber199@example.com,316-374-9898,South,2024-11-24T01:48:46.462806Z,2026-07-03T17:13:27.107391Z
CUST_000700,Emily,Clark,emily.clark700@example.com,386-141-1008,South,2025-06-24T06:18:30.293768Z,2025-07-18T19:06:27.193818Z
CUST_000248,Fatima,Brown,fatima.brown248@example.com,766-162-7342,West,2025-09-28T17:43:55.981846Z,2026-01-22T15:36:56.247088Z
CUST_001867,Noah,Weber,noah.weber1867@example.com,209-644-5620,West,2025-02-01T04:57:16.182566Z,2025-12-28T06:19:32.004999Z
CUST_000729,Nina,Williams,nina.williams729@example.com,368-155-7086,East,2025-09-19T03:06:04.380320Z,2026-04-01T19:49:54.351767Z
CUST_001654,Sofia,Kulkarni,sofia.kulkarni1654@example.com,615-272-5913,South,2026-06-11T06:37:48.264190Z,2026-07-21T05:41:00.095042Z
CUST_000543,Vikram,Brown,vikram.brown543@example.com,404-601-8298,East,2025-08-12T18:38:27.094604Z,2026-05-01T13:51:23.643687Z
CUST_000784,Divya,Schmidt,divya.schmidt784@example.com,302-411-6499,South,2024-12-29T17:16:42.510125Z,2025-04-04T08:23:29.014219Z
CUST_000942,Meera,Williams,meera.williams942@example.com,541-303-5243,South,2025-11-15T00:08:07.673437Z,2026-02-15T13:27:25.845220Z
CUST_001334,Lukas,Kulkarni,lukas.kulkarni1334@example.com,911-869-4810,South,2024-12-05T11:51:48.996171Z,2026-06-28T08:03:02.708649Z
CUST_000314,Vikram,Davis,vikram.davis314@example.com,572-614-1173,South,2024-11-01T19:43:10.793988Z,2025-12-12T16:08:28.166956Z
CUST_001147,Vikram,Nair,vikram.nair1147@example.com,267-897-5424,West,2024-08-04T14:21:07.524773Z,2025-04-06T17:29:32.128028Z
CUST_001239,Lukas,Khan,lukas.khan1239@example.com,784-242-6363,West,2025-01-26T19:02:35.619323Z,2025-04-10T17:49:43.281560Z
CUST_000047,Laura,Tan,laura.tan47@example.com,288-385-8385,North,2025-04-09T19:42:24.352737Z,2026-06-08T00:31:54.340802Z
CUST_000978,Olivia,Rossi,olivia.rossi978@example.com,999-935-3818,East,2025-09-15T10:22:39.564380Z,2026-03-12T23:51:53.238625Z
CUST_001451,Chen,Smith,chen.smith1451@example.com,738-877-3807,West,2025-04-28T10:32:26.134536Z,2025-05-06T19:46:30.758693Z
CUST_000933,Meera,Reddy,meera.reddy933@example.com,296-982-8261,West,2026-06-21T05:12:49.113992Z,2026-07-10T07:13:19.526154Z
CUST_000798,Aarav,Iyer,aarav.iyer798@example.com,299-353-4347,East,2024-12-02T16:28:25.058356Z,2026-05-18T03:19:25.507216Z
CUST_001736,Fatima,Sharma,fatima.sharma1736@example.com,943-750-2477,North,2025-03-24T10:27:03.363710Z,2026-03-06T16:28:36.064842Z
CUST_001506,David,Sharma,david.sharma1506@example.com,232-267-7528,South,2025-01-23T12:25:18.579733Z,2025-05-24T19:57:03.018956Z
CUST_001014,Ava,Rao,ava.rao1014@example.com,553-751-8454,East,2026-04-20T14:34:56.377629Z,2026-05-22T07:09:18.668040Z
CUST_000386,Lukas,Davis,lukas.davis386@example.com,453-642-5995,East,2024-08-23T05:01:22.717552Z,2024-10-02T11:22:40.317012Z
CUST_001625,James,Kulkarni,james.kulkarni1625@example.com,921-983-1452,South,2024-10-18T08:09:54.189716Z,2026-06-10T15:13:55.421990Z
CUST_001770,Daniel,Desai,daniel.desai1770@example.com,506-621-1232,South,2025-08-22T20:14:36.263417Z,2026-04-30T21:01:56.353141Z
CUST_000530,Arjun,Lim,arjun.lim530@example.com,893-293-7853,North,2025-05-17T00:18:16.246924Z,2026-05-24T19:28:58.260380Z
CUST_000343,Vikram,Weber,vikram.weber343@example.com,711-237-9470,West,2025-01-28T15:19:16.589444Z,2026-04-04T18:03:25.103782Z
CUST_001023,Sofia,Khan,sofia.khan1023@example.com,455-216-3402,South,2025-05-15T01:08:56.399454Z,2026-05-03T15:24:30.178738Z
CUST_000507,Priya,Iyer,priya.iyer507@example.com,227-883-6591,West,2025-07-24T11:26:22.059191Z,2026-05-18T21:15:15.246019Z
CUST_001535,Noah,Rossi,noah.rossi1535@example.com,211-940-1371,North,2025-07-11T23:36:40.887014Z,2026-05-02T05:53:06.466925Z
CUST_001684,Meera,Smith,meera.smith1684@example.com,994-384-5019,North,2026-01-07T22:43:52.776345Z,2026-07-16T02:29:46.564948Z
CUST_000888,Grace,Jones,grace.jones888@example.com,940-482-6535,South,2025-04-07T01:59:56.245684Z,2025-08-14T16:06:26.446582Z
CUST_001521,Emily,Khan,emily.khan1521@example.com,648-994-9665,North,2024-12-23T09:07:53.827820Z,2025-10-23T14:07:22.608783Z
CUST_000661,Liam,Ahmed,liam.ahmed661@example.com,848-842-9060,North,2024-12-18T07:59:36.803562Z,2026-06-18T19:04:41.359898Z
CUST_001438,Nina,Sharma,nina.sharma1438@example.com,372-545-3593,West,2024-08-19T20:31:06.142559Z,2025-05-05T23:42:05.156941Z
CUST_001426,Divya,Iyer,divya.iyer1426@example.com,432-816-4114,North,2026-05-18T05:00:18.381252Z,2026-07-13T15:44:44.868541Z
CUST_000291,Tom,Rossi,tom.rossi291@example.com,839-831-5760,East,2025-02-22T04:45:41.186450Z,2025-09-24T16:34:44.667814Z
CUST_000618,Daniel,Rossi,daniel.rossi618@example.com,512-855-1158,North,2024-12-21T11:21:14.439507Z,2025-05-01T13:43:48.422962Z
CUST_001388,Chen,Patel,chen.patel1388@example.com,564-350-1092,East,2025-10-06T17:58:26.535231Z,2025-10-29T08:15:00.158824Z
CUST_000331,Lisa,Kulkarni,lisa.kulkarni331@example.com,406-970-9489,East,2025-10-24T19:32:33.732377Z,2025-10-29T07:39:10.706765Z
CUST_000450,Vikram,Patel,vikram.patel450@example.com,700-498-2032,North,2026-03-31T15:34:53.851211Z,2026-04-30T14:01:02.355766Z
CUST_001556,Sofia,Davis,sofia.davis1556@example.com,354-862-7386,North,2026-02-23T18:26:13.192237Z,2026-06-24T05:23:05.520103Z
CUST_001983,Sarah,Ahmed,sarah.ahmed1983@example.com,997-199-5885,North,2025-11-12T11:11:18.536198Z,2026-06-13T07:07:38.416056Z
CUST_001013,Olivia,Rao,olivia.rao1013@example.com,758-175-1324,West,2024-09-06T18:41:24.296189Z,2026-04-06T21:39:24.471514Z
CUST_001584,Laura,Reddy,laura.reddy1584@example.com,554-678-1293,East,2026-05-09T12:07:56.033247Z,2026-06-19T01:29:38.181291Z
CUST_001817,Fatima,Williams,fatima.williams1817@example.com,495-858-2565,Central,2024-12-20T00:25:26.503735Z,2025-06-10T01:06:20.079049Z
CUST_000880,Laura,Kulkarni,laura.kulkarni880@example.com,480-674-6745,East,2024-08-04T22:05:36.975461Z,2025-06-18T14:05:07.962604Z
CUST_000577,Fatima,Davis,fatima.davis577@example.com,369-824-1406,West,2026-05-24T22:19:35.676498Z,2026-05-29T03:41:35.089288Z
CUST_001262,Vikram,Weber,vikram.weber1262@example.com,633-559-8226,Central,2026-07-08T13:09:47.006674Z,2026-07-15T04:23:54.540345Z
CUST_000124,David,Williams,david.williams124@example.com,226-853-4048,East,2025-04-13T17:07:16.812609Z,2025-06-10T08:45:28.224993Z
CUST_000018,Tom,Weber,tom.weber18@example.com,259-693-9883,North,2025-05-31T01:37:30.527276Z,2025-09-19T16:10:03.532496Z
CUST_000393,Aarav,Smith,aarav.smith393@example.com,887-307-4351,Central,2025-03-16T14:55:39.513742Z,2026-03-31T22:20:55.479770Z
CUST_000220,Priya,Sharma,priya.sharma220@example.com,592-253-3932,North,2025-11-27T17:51:58.748705Z,2026-02-28T23:41:26.235421Z
CUST_001741,Grace,Reddy,grace.reddy1741@example.com,206-925-2642,South,2025-04-08T19:23:27.512616Z,2026-06-20T07:13:12.891613Z
CUST_000974,Nina,Rossi,nina.rossi974@example.com,821-631-7268,East,2026-03-03T20:06:36.099524Z,2026-06-07T03:48:15.378222Z
CUST_001667,Priya,Smith,priya.smith1667@example.com,,East,2025-01-25T00:38:21.238169Z,2025-08-15T16:55:21.656221Z
CUST_000217,Mei,Patel,mei.patel217@example.com,379-222-1207,South,2026-06-05T05:31:22.548410Z,2026-07-22T16:50:52.755777Z
CUST_001471,Divya,Weber,divya.weber1471@example.com,787-887-2250,North,2025-02-09T02:05:03.125017Z,2026-05-17T16:29:32.044002Z
CUST_000536,Fatima,Khan,fatima.khan536@example.com,352-155-4766,West,2024-09-24T05:45:29.457629Z,2025-04-05T03:57:59.518951Z
CUST_000566,Mei,Lim,mei.lim566@example.com,864-514-4232,East,2026-07-16T17:21:24.760321Z,2026-07-21T23:47:56.132126Z
CUST_000154,Tom,Rossi,tom.rossi154@example.com,423-880-5054,Central,2026-02-02T02:33:28.553829Z,2026-07-22T22:23:04.961800Z
CUST_001373,Ava,Iyer,ava.iyer1373@example.com,254-556-8279,South,2025-07-05T12:23:28.649985Z,2025-12-23T10:22:05.381914Z
CUST_001773,Daniel,Weber,daniel.weber1773@example.com,571-724-6985,North,2025-10-22T09:04:32.943041Z,2026-06-14T13:47:17.953211Z
CUST_001355,Liam,Khan,liam.khan1355@example.com,898-776-8951,East,2025-11-27T00:23:51.620087Z,2026-04-11T13:11:23.475565Z
CUST_000192,Tom,Nair,tom.nair192@example.com,311-793-3692,North,2025-07-18T16:11:35.167914Z,2026-06-14T10:35:27.484498Z
CUST_001918,Omar,Tan,omar.tan1918@example.com,963-818-2575,North,2025-07-03T04:26:00.032222Z,2025-07-22T16:02:08.420820Z
CUST_001781,Rohan,Khan,rohan.khan1781@example.com,521-421-4318,West,2025-10-05T17:34:39.718789Z,2026-06-16T01:53:28.785327Z
CUST_000262,Lukas,Rao,lukas.rao262@example.com,876-427-3292,Central,2026-04-07T09:16:58.438897Z,2026-05-28T12:24:47.037034Z
CUST_000845,Noah,Davis,noah.davis845@example.com,655-542-9081,North,2024-11-21T08:46:42.122119Z,2025-03-23T11:51:05.780431Z
CUST_001589,Olivia,Iyer,olivia.iyer1589@example.com,631-185-9047,North,2025-07-25T05:20:48.106490Z,2026-05-06T23:43:08.866176Z
CUST_000012,Sofia,Kulkarni,sofia.kulkarni12@example.com,416-652-4295,North,2026-04-14T21:41:23.459381Z,2026-06-07T16:28:07.259947Z
CUST_000388,Fatima,Iyer,fatima.iyer388@example.com,894-727-4726,North,2025-08-27T13:19:58.634775Z,2026-05-20T10:28:34.138173Z
CUST_000552,Nina,Sharma,nina.sharma552@example.com,,West,2026-03-23T20:54:45.452762Z,2026-04-23T13:54:31.772882Z
CUST_001463,Michael,Jones,michael.jones1463@example.com,409-998-1163,East,2024-11-19T08:26:29.462393Z,2025-06-27T02:46:44.128823Z
CUST_000963,Emily,Miller,emily.miller963@example.com,296-332-8494,East,2026-02-08T22:18:08.915728Z,2026-03-12T11:19:28.457351Z
CUST_001820,Lisa,Patel,lisa.patel1820@example.com,462-647-6025,West,2024-11-25T06:14:41.182776Z,2025-06-25T11:11:33.397234Z
CUST_001886,Tom,Miller,tom.miller1886@example.com,655-986-4609,South,2025-02-05T04:31:11.293234Z,2026-04-22T10:22:14.847038Z
CUST_000864,Laura,Clark,laura.clark864@example.com,365-632-2990,North,2024-12-09T03:02:56.444787Z,2024-12-22T15:10:40.842167Z
CUST_001655,Olivia,Kulkarni,olivia.kulkarni1655@example.com,480-189-5709,West,2025-04-09T00:50:00.634896Z,2026-07-25T22:41:26.413578Z
CUST_001433,Divya,Khan,divya.khan1433@example.com,450-168-2879,West,2025-12-04T21:50:31.289175Z,2026-07-13T03:52:15.006619Z
CUST_001171,James,Clark,james.clark1171@example.com,843-511-6847,West,2026-03-24T06:56:15.340488Z,2026-04-18T01:54:21.374216Z
CUST_001193,James,Khan,james.khan1193@example.com,454-628-4176,North,2025-11-29T16:41:04.419124Z,2026-04-05T08:15:09.705691Z
CUST_001789,Emma,Ahmed,emma.ahmed1789@example.com,530-437-6574,Central,2025-03-12T10:28:43.949032Z,2025-05-02T01:22:08.674976Z
CUST_001690,Aarav,Miller,aarav.miller1690@example.com,936-714-7305,Central,2026-07-03T15:25:25.138864Z,2026-07-06T00:35:02.556147Z
CUST_001186,Meera,Khan,meera.khan1186@example.com,692-924-2609,East,2024-10-24T20:23:03.825717Z,2025-05-06T20:47:38.027096Z
CUST_000039,Emily,Johnson,emily.johnson39@example.com,965-852-9947,West,2025-10-04T15:14:17.457007Z,2026-07-06T15:01:24.352457Z
CUST_000653,Rohan,Johnson,rohan.johnson653@example.com,265-450-1486,North,2024-12-06T21:48:06.009968Z,2025-09-15T01:17:48.007577Z
CUST_000755,Lisa,Tan,lisa.tan755@example.com,756-180-7265,North,2026-04-25T14:40:40.815361Z,2026-07-24T11:11:15.684219Z
CUST_000341,Mei,Smith,mei.smith341@example.com,475-582-6621,North,2025-04-27T06:26:44.788734Z,2025-08-26T11:23:54.420051Z
CUST_001693,Sarah,Ahmed,sarah.ahmed1693@example.com,366-773-7126,Central,2024-12-25T18:05:59.163798Z,2025-10-26T07:29:23.260722Z
CUST_001849,Rohan,Clark,rohan.clark1849@example.com,921-728-5520,South,2026-02-07T11:27:24.633873Z,2026-07-09T09:32:36.995767Z
CUST_001965,James,Desai,james.desai1965@example.com,407-762-5901,Central,2026-01-16T11:14:58.834189Z,2026-07-16T02:56:02.718983Z
CUST_001230,Mei,Kulkarni,mei.kulkarni1230@example.com,968-532-4898,North,2024-11-24T10:08:29.519829Z,2025-07-06T17:36:22.394244Z
CUST_000354,Liam,Rossi,liam.rossi354@example.com,932-854-7385,South,2025-04-13T02:27:40.251198Z,2025-07-05T16:48:51.954156Z
CUST_001332,Daniel,Iyer,daniel.iyer1332@example.com,368-753-7963,Central,2025-09-23T05:03:13.554447Z,2026-02-04T08:14:47.796626Z
CUST_001951,Daniel,Davis,daniel.davis1951@example.com,804-422-5417,North,2025-12-15T21:40:43.005019Z,2026-01-20T07:35:59.029965Z
CUST_001107,Aarav,Weber,aarav.weber1107@example.com,291-547-5176,South,2025-10-31T08:30:10.176728Z,2026-06-05T07:54:37.676340Z
CUST_001427,Liam,Rao,liam.rao1427@example.com,432-533-7993,West,2025-03-19T01:30:25.096089Z,2025-05-24T01:35:29.047774Z
CUST_000894,Emily,Brown,emily.brown894@example.com,813-869-7523,South,2024-08-02T04:31:12.046397Z,2026-04-19T06:19:27.097360Z
CUST_000983,Divya,Davis,divya.davis983@example.com,212-403-4992,East,2025-03-10T15:53:28.434661Z,2025-05-23T17:35:36.201577Z
CUST_000225,Olivia,Schmidt,olivia.schmidt225@example.com,965-186-2565,South,2025-08-17T12:04:37.595403Z,2026-04-08T01:27:42.137057Z
CUST_001686,Liam,Patel,liam.patel1686@example.com,458-890-3325,North,2026-05-29T02:21:00.209414Z,2026-07-22T14:49:02.119996Z
CUST_000677,Emma,Johnson,emma.johnson677@example.com,790-602-6127,East,2025-10-30T11:38:34.535392Z,2026-01-09T06:44:06.694804Z
CUST_000907,Nina,Rossi,nina.rossi907@example.com,554-942-8280,North,2025-07-15T15:13:34.731618Z,2025-12-25T05:43:24.268113Z
CUST_000216,Emma,Iyer,emma.iyer216@example.com,849-881-2083,South,2025-09-05T07:03:15.090400Z,2026-07-02T13:07:29.642039Z
CUST_000733,Olivia,Patel,olivia.patel733@example.com,280-740-2528,North,2025-01-03T06:51:43.685999Z,2026-04-22T04:49:45.168870Z
CUST_000717,Vikram,Brown,vikram.brown717@example.com,900-493-2841,East,2025-03-20T07:06:18.374664Z,2026-07-04T02:39:21.124099Z
CUST_000770,Olivia,Khan,olivia.khan770@example.com,832-205-1479,Central,2024-12-03T04:06:20.903231Z,2025-12-20T22:46:27.237336Z
CUST_000172,Ava,Lim,ava.lim172@example.com,,Central,2026-06-07T16:46:17.561762Z,2026-07-08T09:01:32.852657Z
CUST_000545,Rohan,Johnson,rohan.johnson545@example.com,507-252-3093,South,2024-10-21T07:33:27.309834Z,2026-02-22T18:03:35.080250Z
CUST_000422,Rohan,Johnson,rohan.johnson422@example.com,623-344-4992,South,2025-09-15T12:04:21.218353Z,2026-07-14T22:37:27.822412Z
CUST_001889,Michael,Jones,michael.jones1889@example.com,346-938-1888,South,2025-07-08T14:56:26.745497Z,2025-09-02T15:11:38.990545Z
CUST_001910,Sarah,Miller,sarah.miller1910@example.com,,North,2025-04-02T18:59:30.131136Z,2025-04-04T23:53:00.669944Z
CUST_001414,Tom,Sharma,tom.sharma1414@example.com,720-189-6598,East,2026-04-26T04:20:50.985610Z,2026-06-04T11:36:24.416363Z
CUST_001734,Mei,Weber,mei.weber1734@example.com,589-112-4845,North,2026-07-18T13:53:08.324635Z,2026-07-24T17:27:01.469389Z
CUST_000489,Lisa,Nair,lisa.nair489@example.com,523-946-5932,East,2025-01-19T11:06:34.608222Z,2025-12-15T11:52:09.013524Z
CUST_000174,Daniel,Tan,daniel.tan174@example.com,507-800-2320,North,2026-07-15T01:05:25.397687Z,2026-07-18T12:35:30.058840Z
CUST_001264,Noah,Reddy,noah.reddy1264@example.com,860-107-5994,North,2026-04-14T23:00:56.094215Z,2026-05-02T16:15:26.275136Z
CUST_001583,Emily,Davis,emily.davis1583@example.com,363-734-2551,North,2025-05-29T04:35:44.348143Z,2025-07-12T03:35:07.719971Z
CUST_001413,Nina,Smith,nina.smith1413@example.com,714-491-2041,South,2026-04-01T04:05:11.359931Z,2026-07-09T09:23:01.561498Z
CUST_000135,Nina,Johnson,nina.johnson135@example.com,717-568-4944,South,2024-11-01T01:18:31.626543Z,2025-12-08T20:43:30.299628Z
CUST_000123,Lisa,Khan,lisa.khan123@example.com,233-719-3513,South,2025-08-28T11:28:48.080620Z,2026-06-14T18:08:33.384774Z
CUST_000513,Lukas,Davis,lukas.davis513@example.com,219-742-9457,East,2026-02-12T06:42:52.778261Z,2026-03-30T14:17:59.668914Z
CUST_001804,Divya,Smith,divya.smith1804@example.com,274-313-8171,East,2026-02-09T13:31:22.647177Z,2026-02-19T23:01:06.497395Z
CUST_000753,Mei,Khan,mei.khan753@example.com,639-231-7396,South,2024-09-22T10:33:10.458648Z,2026-05-06T07:06:45.840089Z
CUST_001618,Priya,Desai,priya.desai1618@example.com,433-642-1261,North,2025-06-22T09:52:04.881366Z,2025-11-26T09:32:54.340071Z
CUST_000714,Aarav,Khan,aarav.khan714@example.com,988-185-5385,Central,2024-12-14T00:50:00.830116Z,2025-08-25T03:34:47.858002Z
CUST_000797,Lukas,Iyer,lukas.iyer797@example.com,428-791-3535,East,2025-12-21T00:51:31.653959Z,2026-01-24T22:12:07.070403Z
CUST_001979,Ava,Brown,ava.brown1979@example.com,831-504-6638,South,2025-11-27T19:11:29.448566Z,2026-01-02T15:05:15.460524Z
CUST_001796,Lisa,Desai,lisa.desai1796@example.com,290-439-7034,East,2024-12-18T20:10:52.237784Z,2026-07-19T07:11:19.094864Z
CUST_001676,Lukas,Williams,lukas.williams1676@example.com,682-869-4362,East,2024-09-17T21:52:10.730202Z,2025-10-18T16:44:39.910644Z
CUST_000851,Divya,Ahmed,divya.ahmed851@example.com,526-776-2860,South,2025-01-28T04:49:56.507236Z,2026-05-18T15:38:26.720604Z
CUST_001971,Mei,Patel,mei.patel1971@example.com,554-156-3786,Central,2025-06-14T14:48:25.049525Z,2026-05-06T07:41:49.049832Z
CUST_000599,Divya,Lim,divya.lim599@example.com,664-493-8605,West,2026-05-01T19:06:21.682540Z,2026-05-02T21:50:01.476133Z
CUST_000081,Laura,Smith,laura.smith81@example.com,654-555-4868,North,2025-08-15T21:23:34.945497Z,2025-12-04T20:22:03.417479Z
CUST_000308,Meera,Kulkarni,meera.kulkarni308@example.com,317-285-1891,North,2025-04-16T17:29:41.576365Z,2025-07-24T02:18:42.070634Z
CUST_001121,Grace,Tan,grace.tan1121@example.com,538-776-8206,South,2025-01-05T04:09:48.959441Z,2026-01-26T06:05:39.402537Z
CUST_001151,Nina,Rossi,nina.rossi1151@example.com,857-477-4262,West,2025-09-01T06:00:36.372686Z,2026-02-12T00:42:59.390633Z
CUST_001837,Grace,Tan,grace.tan1837@example.com,431-337-5459,North,2024-10-23T21:26:53.505446Z,2025-05-10T21:51:13.718957Z
CUST_001454,Emily,Williams,emily.williams1454@example.com,996-228-1610,South,2026-03-23T08:36:27.889461Z,2026-04-08T09:24:59.067201Z
CUST_000348,Daniel,Miller,daniel.miller348@example.com,945-340-5122,North,2024-08-24T02:13:10.416332Z,2024-12-30T03:06:04.982299Z
CUST_001118,Emily,Davis,emily.davis1118@example.com,279-712-5816,Central,2026-06-01T15:02:59.910823Z,2026-06-28T15:04:22.347553Z
CUST_001987,Ava,Smith,ava.smith1987@example.com,792-196-2342,North,2026-07-04T16:10:17.503121Z,2026-07-08T03:33:12.021414Z
CUST_001369,Lukas,Iyer,lukas.iyer1369@example.com,751-184-4493,Central,2025-02-24T02:02:16.348431Z,2026-01-08T01:09:22.812314Z
CUST_000706,Rohan,Kulkarni,rohan.kulkarni706@example.com,775-898-7393,South,2026-01-04T05:00:10.599678Z,2026-04-12T06:37:44.009291Z
CUST_001793,Divya,Khan,divya.khan1793@example.com,565-536-9394,Central,2026-05-05T15:36:51.307698Z,2026-06-08T00:58:48.243167Z
CUST_001044,Daniel,Brown,daniel.brown1044@example.com,534-804-4824,South,2025-03-03T20:58:57.499318Z,2026-06-29T08:35:21.605258Z
CUST_001523,Arjun,Nair,arjun.nair1523@example.com,270-804-4293,South,2025-10-06T19:11:27.981822Z,2025-11-17T01:32:30.530608Z
CUST_001679,David,Desai,david.desai1679@example.com,611-881-3668,North,2024-10-02T00:30:12.989337Z,2024-12-12T18:37:11.803982Z
CUST_000346,Liam,Reddy,liam.reddy346@example.com,846-248-3745,South,2025-05-21T13:40:39.599405Z,2026-01-13T12:54:58.074809Z
CUST_000333,Rohan,Rossi,rohan.rossi333@example.com,556-455-5530,North,2026-02-24T14:59:25.602833Z,2026-07-23T00:16:11.426911Z
CUST_000085,Emily,Schmidt,emily.schmidt85@example.com,426-729-1710,East,2025-11-06T21:33:19.480292Z,2026-07-21T20:01:03.502248Z
CUST_001537,Michael,Schmidt,michael.schmidt1537@example.com,966-112-6216,South,2024-08-22T00:47:47.127441Z,2025-12-10T03:36:15.825506Z
CUST_000663,Ava,Desai,ava.desai663@example.com,576-230-6134,West,2024-11-27T00:19:03.618722Z,2026-07-06T17:12:54.407000Z
CUST_001510,Aarav,Brown,aarav.brown1510@example.com,467-885-4138,South,2024-11-08T21:54:57.308480Z,2026-06-02T13:28:36.054301Z
CUST_000590,Aarav,Rao,aarav.rao590@example.com,926-466-4137,West,2025-05-15T09:51:45.231890Z,2026-04-28T07:31:23.038583Z
CUST_000817,Divya,Reddy,divya.reddy817@example.com,965-870-9785,East,2025-03-21T00:55:46.262062Z,2025-10-18T01:04:03.132871Z
CUST_001996,Mei,Brown,mei.brown1996@example.com,995-440-9249,West,2025-08-16T07:43:38.961616Z,2026-05-07T18:35:48.871225Z
CUST_000252,Lisa,Nair,lisa.nair252@example.com,620-370-7275,West,2026-01-31T15:02:11.288792Z,2026-04-29T12:09:39.638221Z
CUST_000064,Sarah,Schmidt,sarah.schmidt64@example.com,683-349-8483,East,2025-09-30T19:32:47.922040Z,2026-06-04T04:55:04.289666Z
CUST_001430,Lisa,Smith,lisa.smith1430@example.com,612-589-4281,South,2025-04-22T04:09:13.227216Z,2026-05-26T22:09:09.998542Z
CUST_000581,Laura,Ahmed,laura.ahmed581@example.com,385-127-1958,North,2026-04-22T04:26:57.339966Z,2026-06-02T08:24:52.943195Z
CUST_001254,Arjun,Miller,arjun.miller1254@example.com,443-917-7983,South,2026-01-20T00:39:17.999010Z,2026-02-13T04:44:55.674561Z
CUST_001103,Ananya,Sharma,ananya.sharma1103@example.com,793-981-7335,North,2025-06-12T02:26:45.465707Z,2026-01-20T14:09:47.931259Z
CUST_000327,Omar,Tan,omar.tan327@example.com,778-474-5514,North,2026-01-31T06:26:35.821861Z,2026-05-19T17:30:11.388196Z
CUST_001120,Mei,Davis,mei.davis1120@example.com,576-152-9470,South,2025-07-01T15:27:48.538938Z,2025-11-23T01:42:49.574608Z
CUST_001497,Nina,Williams,nina.williams1497@example.com,615-593-9077,East,2026-07-19T13:48:40.758489Z,2026-07-19T11:52:37.175162Z
CUST_000954,Noah,Kulkarni,noah.kulkarni954@example.com,355-859-3975,South,2025-01-26T05:01:31.213990Z,2026-07-11T09:25:40.391311Z
CUST_000802,Daniel,Patel,daniel.patel802@example.com,679-840-8509,Central,2025-07-30T11:32:54.902847Z,2025-10-09T16:13:22.946392Z
CUST_001070,Liam,Patel,liam.patel1070@example.com,813-449-9850,South,2026-05-03T18:08:52.830763Z,2026-05-21T06:52:44.415603Z
CUST_000860,David,Brown,david.brown860@example.com,429-691-1407,West,2024-11-19T11:30:36.114240Z,2026-02-25T20:19:21.150755Z
CUST_001713,Laura,Williams,laura.williams1713@example.com,682-744-1558,North,2026-04-15T11:05:30.728840Z,2026-04-24T07:42:10.905841Z
CUST_000781,Emma,Desai,emma.desai781@example.com,810-394-1050,South,2025-05-22T22:39:30.774992Z,2026-05-18T09:54:58.721353Z
CUST_000310,Michael,Lim,michael.lim310@example.com,356-679-6971,East,2026-07-12T05:00:20.258133Z,2026-07-21T07:45:47.671967Z
CUST_000168,Ananya,Weber,ananya.weber168@example.com,579-420-7781,West,2025-06-24T23:09:01.273441Z,2025-10-06T17:59:37.607275Z
CUST_000966,Omar,Lim,omar.lim966@example.com,824-534-4312,North,2025-01-03T12:18:24.944721Z,2026-07-10T16:26:57.499694Z
CUST_000574,Sarah,Johnson,sarah.johnson574@example.com,803-531-1797,South,2024-12-25T09:13:11.858914Z,2025-05-19T23:31:00.128270Z
CUST_001439,Sarah,Reddy,sarah.reddy1439@example.com,969-833-8045,Central,2026-03-09T14:34:36.678707Z,2026-05-10T14:25:02.593907Z
CUST_000696,Divya,Patel,divya.patel696@example.com,811-855-1131,East,2025-07-17T15:05:48.449788Z,2026-02-21T07:39:09.764672Z
CUST_000553,Chen,Lim,chen.lim553@example.com,699-509-8964,West,2025-05-25T21:57:52.909780Z,2025-06-12T15:14:45.063653Z
CUST_001236,Grace,Sharma,grace.sharma1236@example.com,757-836-8023,South,2026-07-21T03:29:30.734120Z,2026-07-25T01:25:55.983768Z
CUST_001924,Aarav,Rossi,aarav.rossi1924@example.com,346-607-2876,West,2025-05-14T23:03:56.676294Z,2025-08-28T22:46:12.245861Z
CUST_001572,Ananya,Rao,ananya.rao1572@example.com,526-380-8072,East,2026-01-23T00:10:04.174587Z,2026-05-08T06:47:46.515551Z
CUST_000916,Chen,Davis,chen.davis916@example.com,654-347-3897,South,2026-07-02T03:51:38.878576Z,2026-07-21T10:55:58.953028Z
CUST_001577,David,Rao,david.rao1577@example.com,803-627-5543,North,2024-08-24T03:56:06.758133Z,2026-04-27T07:28:05.974723Z
CUST_000232,Liam,Iyer,liam.iyer232@example.com,451-762-5835,North,2026-04-27T15:03:05.293366Z,2026-07-14T12:08:26.209146Z
CUST_000023,Mei,Desai,mei.desai23@example.com,717-600-5114,East,2025-02-25T02:40:27.869634Z,2025-11-22T08:02:00.349759Z
CUST_000973,Laura,Ahmed,laura.ahmed973@example.com,213-203-8955,West,2025-08-01T18:27:42.278663Z,2025-09-12T03:49:52.742946Z
CUST_001011,Aarav,Davis,aarav.davis1011@example.com,741-394-3639,North,2025-04-09T01:07:43.068295Z,2026-02-11T13:33:34.018310Z
CUST_000611,Emily,Schmidt,emily.schmidt611@example.com,474-695-7569,East,2025-12-20T20:02:13.230189Z,2026-04-20T06:28:55.245770Z
CUST_000892,Ananya,Weber,ananya.weber892@example.com,683-784-7165,South,2025-09-08T03:24:08.333821Z,2025-12-25T04:25:49.343001Z
CUST_000822,David,Johnson,david.johnson822@example.com,485-975-7290,West,2024-10-26T12:28:02.235351Z,2024-12-26T06:24:11.691982Z
CUST_001443,Divya,Nair,divya.nair1443@example.com,800-170-6766,North,2025-01-10T15:51:24.285514Z,2025-05-13T09:36:40.478250Z
CUST_001543,Priya,Ahmed,priya.ahmed1543@example.com,682-597-3977,North,2026-01-03T17:38:26.802904Z,2026-03-05T20:24:26.004913Z
CUST_001586,Meera,Desai,meera.desai1586@example.com,952-742-7999,Central,2024-12-09T00:41:57.277339Z,2026-07-13T17:45:23.012088Z
CUST_000670,Fatima,Iyer,fatima.iyer670@example.com,257-198-6825,South,2025-10-12T01:07:32.681676Z,2026-01-06T10:37:27.155785Z
CUST_000457,Daniel,Miller,daniel.miller457@example.com,810-284-9190,North,2025-01-26T09:22:26.004792Z,2025-03-05T17:15:12.123215Z
CUST_000920,Fatima,Williams,fatima.williams920@example.com,694-315-5333,North,2025-04-06T02:29:57.743527Z,2026-05-18T15:48:15.793751Z
CUST_000241,Rohan,Clark,rohan.clark241@example.com,211-371-4435,East,2025-07-10T08:50:06.755408Z,2026-02-23T00:03:24.459507Z
CUST_000572,Tom,Weber,tom.weber572@example.com,347-617-3082,West,2025-10-01T22:32:55.554844Z,2025-12-23T03:44:13.477555Z
CUST_001688,Olivia,Reddy,olivia.reddy1688@example.com,741-269-7793,South,2025-09-16T09:53:19.883370Z,2025-12-01T16:20:48.992504Z
CUST_000027,Grace,Rao,grace.rao27@example.com,591-993-1634,North,2026-07-20T14:22:19.860394Z,2026-07-20T07:14:01.692094Z
CUST_001940,Arjun,Sharma,arjun.sharma1940@example.com,848-113-2045,North,2025-01-01T20:02:31.288606Z,2025-12-15T05:36:48.024072Z
CUST_000567,Lukas,Rossi,lukas.rossi567@example.com,765-419-9541,North,2024-11-04T00:01:56.835294Z,2026-04-11T17:37:16.253063Z
CUST_001613,Rohan,Reddy,rohan.reddy1613@example.com,979-382-9170,North,2024-08-18T04:31:32.860107Z,2024-12-17T18:50:27.897080Z
CUST_001902,Lukas,Patel,lukas.patel1902@example.com,212-205-7607,North,2026-05-02T09:28:07.510717Z,2026-07-22T14:35:16.037844Z
CUST_001448,Lukas,Kulkarni,lukas.kulkarni1448@example.com,636-406-4846,South,2026-06-22T19:18:58.549999Z,2026-07-05T19:54:35.881323Z
CUST_001823,Lisa,Davis,lisa.davis1823@example.com,448-383-6906,East,2025-11-28T07:22:25.875392Z,2026-05-07T02:21:44.186188Z
CUST_000302,Rohan,Desai,rohan.desai302@example.com,901-534-2702,East,2025-03-07T23:49:27.677968Z,2026-05-23T02:47:43.161223Z
CUST_000287,Grace,Miller,grace.miller287@example.com,392-223-7437,North,2026-04-18T06:45:21.113000Z,2026-05-13T13:02:59.664000Z
CUST_001533,Chen,Schmidt,chen.schmidt1533@example.com,301-908-5356,North,2025-04-26T15:48:55.167642Z,2025-10-11T16:25:33.109902Z
CUST_000290,Tom,Rao,tom.rao290@example.com,663-924-3185,North,2025-07-18T23:32:19.884027Z,2025-12-15T22:35:55.329159Z
CUST_001495,Sofia,Jones,sofia.jones1495@example.com,453-544-5992,North,2025-11-09T02:12:09.696069Z,2026-01-01T16:50:10.210894Z
CUST_000188,Ava,Clark,ava.clark188@example.com,918-931-9796,South,2024-09-07T03:49:15.689545Z,2025-09-10T21:22:10.678428Z
CUST_001934,Tom,Clark,tom.clark1934@example.com,287-504-6322,North,2026-05-22T20:38:43.935320Z,2026-07-11T22:34:38.000708Z
CUST_001950,Meera,Rossi,meera.rossi1950@example.com,950-942-1134,North,2025-11-18T05:58:48.632824Z,2025-12-30T06:36:02.730797Z
CUST_000380,Divya,Reddy,divya.reddy380@example.com,901-689-2467,North,2025-10-15T11:22:12.336318Z,2026-03-29T11:38:41.025382Z
CUST_001416,Noah,Johnson,noah.johnson1416@example.com,866-657-4201,North,2026-06-15T13:52:07.315618Z,2026-07-01T10:56:19.223861Z
CUST_001481,Laura,Rao,laura.rao1481@example.com,376-946-5860,South,2025-01-05T01:27:24.079689Z,2026-02-27T10:42:16.653789Z
CUST_001043,Sarah,Ahmed,sarah.ahmed1043@example.com,813-232-9677,East,2026-04-19T22:55:08.387519Z,2026-05-04T18:30:04.018570Z
CUST_001178,Grace,Desai,grace.desai1178@example.com,642-257-2036,South,2025-06-03T12:00:10.392729Z,2026-05-20T01:34:11.717686Z
CUST_000109,Laura,Brown,laura.brown109@example.com,825-391-8355,East,2025-04-01T15:57:53.203440Z,2025-11-14T11:43:36.461999Z
CUST_000994,Liam,Tan,liam.tan994@example.com,393-751-9162,East,2024-10-11T11:06:55.716367Z,2025-04-05T04:38:23.601866Z
CUST_001836,Divya,Lim,divya.lim1836@example.com,310-273-6732,North,2024-11-16T03:25:49.753313Z,2025-12-19T07:36:38.285326Z
CUST_001116,Arjun,Sharma,arjun.sharma1116@example.com,660-985-3291,North,2026-05-16T07:09:01.944246Z,2026-06-03T07:57:28.265205Z
CUST_001899,Olivia,Sharma,olivia.sharma1899@example.com,600-212-8785,North,2025-07-06T22:44:57.742896Z,2025-12-02T20:03:34.920413Z
CUST_001073,Vikram,Clark,vikram.clark1073@example.com,716-919-2766,Central,2025-02-09T22:19:15.792514Z,2025-02-09T12:19:52.219408Z
CUST_000239,Meera,Clark,meera.clark239@example.com,565-328-3872,Central,2026-07-12T09:08:11.764234Z,2026-07-21T00:44:36.410623Z
CUST_000872,Rohan,Patel,rohan.patel872@example.com,880-583-6359,North,2025-10-25T07:35:25.395637Z,2026-05-30T12:45:30.372235Z
CUST_000470,Rohan,Rossi,rohan.rossi470@example.com,542-344-9841,East,2025-02-26T18:55:44.219984Z,2025-07-17T23:48:14.336030Z
CUST_001651,Daniel,Clark,daniel.clark1651@example.com,481-158-9515,South,2025-05-24T11:47:33.556169Z,2025-12-31T06:53:47.567789Z
CUST_000246,Arjun,Nair,arjun.nair246@example.com,283-584-2892,North,2025-01-22T15:57:42.277877Z,2025-11-16T02:41:34.406351Z
CUST_000345,Ananya,Brown,ananya.brown345@example.com,790-689-9821,West,2026-04-13T11:20:43.535239Z,2026-05-08T15:49:47.468640Z
CUST_000555,Sarah,Desai,sarah.desai555@example.com,719-324-6556,South,2025-10-23T22:42:29.137529Z,2026-02-18T09:46:45.409333Z
CUST_000337,Nina,Williams,nina.williams337@example.com,387-864-4115,South,2026-03-11T23:15:55.278297Z,2026-05-18T06:14:12.875498Z
CUST_000370,Arjun,Desai,arjun.desai370@example.com,840-283-7802,South,2025-04-12T18:22:43.481003Z,2026-01-28T22:42:27.925708Z
CUST_000351,Daniel,Iyer,daniel.iyer351@example.com,381-705-8480,Central,2026-07-16T18:27:33.670864Z,2026-07-24T20:34:19.953075Z
CUST_000826,David,Patel,david.patel826@example.com,875-356-1202,East,2025-08-06T10:53:16.888765Z,2025-12-21T05:28:29.018105Z
CUST_001251,Aarav,Lim,aarav.lim1251@example.com,896-394-5287,South,2025-12-13T20:39:07.920387Z,2026-06-28T21:57:32.864371Z
CUST_001054,Emma,Jones,emma.jones1054@example.com,412-559-3606,East,2026-02-13T08:14:15.059259Z,2026-03-07T20:43:35.025401Z
CUST_000117,Omar,Nair,omar.nair117@example.com,245-460-9945,West,2025-07-07T21:29:44.501776Z,2025-09-13T20:11:51.141403Z
CUST_000837,Omar,Desai,omar.desai837@example.com,370-223-7858,Central,2025-11-08T15:47:06.132537Z,2025-11-15T01:53:27.025093Z
CUST_001605,Nina,Weber,nina.weber1605@example.com,696-446-4714,West,2026-01-31T17:55:06.943372Z,2026-03-22T00:11:51.300727Z
CUST_001242,Sarah,Brown,sarah.brown1242@example.com,668-929-1586,South,2026-02-10T11:59:11.246709Z,2026-06-19T17:25:28.409464Z
CUST_000296,Emily,Tan,emily.tan296@example.com,994-842-4170,South,2026-04-10T21:04:11.182237Z,2026-05-05T23:32:07.395521Z
CUST_001180,Lukas,Tan,lukas.tan1180@example.com,663-261-9730,Central,2026-03-23T14:27:11.640626Z,2026-05-04T14:17:20.272869Z
CUST_001798,David,Weber,david.weber1798@example.com,944-225-6658,East,2025-09-03T17:18:41.086330Z,2025-12-02T20:31:17.776705Z
CUST_001455,Vikram,Lim,vikram.lim1455@example.com,344-854-6828,North,2024-09-25T06:46:55.483887Z,2024-10-23T10:54:25.906304Z
CUST_001406,Sarah,Lim,sarah.lim1406@example.com,626-452-1139,West,2025-03-19T05:29:12.135765Z,2026-01-03T05:24:08.454914Z
CUST_001935,Daniel,Johnson,daniel.johnson1935@example.com,525-679-9772,East,2025-04-05T19:30:30.487433Z,2026-05-23T04:27:20.632565Z
CUST_001980,Daniel,Ahmed,daniel.ahmed1980@example.com,712-525-3316,West,2026-07-06T11:25:06.141004Z,2026-07-22T23:25:48.869459Z
CUST_001882,Grace,Johnson,grace.johnson1882@example.com,425-609-2372,East,2025-08-12T19:19:12.022621Z,2026-03-12T01:01:47.256734Z
CUST_001302,Mei,Davis,mei.davis1302@example.com,369-541-3286,West,2024-10-08T16:29:52.947992Z,2025-07-05T17:54:10.110825Z
CUST_001199,Priya,Johnson,priya.johnson1199@example.com,444-309-4541,East,2024-09-28T11:12:53.551773Z,2025-07-23T08:37:20.926396Z
CUST_001404,Lukas,Patel,lukas.patel1404@example.com,627-961-7443,South,2026-02-22T01:24:14.734450Z,2026-05-27T12:59:09.088198Z
CUST_000193,Divya,Jones,divya.jones193@example.com,605-129-4232,East,2025-02-07T00:45:13.215780Z,2026-04-25T08:48:45.848014Z
CUST_001680,Noah,Schmidt,noah.schmidt1680@example.com,749-263-9036,West,2024-10-22T22:20:56.806841Z,2026-05-25T06:49:51.244717Z
CUST_000268,Nina,Reddy,nina.reddy268@example.com,613-539-8821,North,2025-10-19T06:46:23.996219Z,2026-05-26T00:57:20.793612Z
CUST_000571,Laura,Iyer,laura.iyer571@example.com,578-793-9622,South,2025-10-31T12:55:16.612686Z,2025-12-09T15:40:27.461457Z
CUST_001917,James,Rao,james.rao1917@example.com,669-121-6928,Central,2026-07-22T07:26:03.799290Z,2026-07-22T03:21:31.826897Z
CUST_000673,Aarav,Tan,aarav.tan673@example.com,480-810-2549,East,2026-03-10T15:41:44.454721Z,2026-07-10T09:36:08.104271Z
CUST_000443,Mei,Iyer,mei.iyer443@example.com,389-213-4018,South,2026-05-26T02:40:29.967516Z,2026-07-01T08:49:27.725846Z
CUST_000384,Priya,Johnson,priya.johnson384@example.com,,North,2026-07-15T12:42:17.695186Z,2026-07-24T21:23:55.113132Z
CUST_001629,Meera,Miller,meera.miller1629@example.com,214-197-5360,Central,2026-03-06T15:53:04.063491Z,2026-07-24T13:34:01.910532Z
CUST_001972,James,Sharma,james.sharma1972@example.com,617-801-8524,East,2025-02-27T02:34:45.758751Z,2025-12-03T04:15:50.444558Z
CUST_000179,Aarav,Khan,aarav.khan179@example.com,433-464-7150,North,2025-11-05T21:24:05.809676Z,2026-07-14T19:18:51.258421Z
CUST_001374,David,Kulkarni,david.kulkarni1374@example.com,808-134-9861,North,2025-02-04T10:06:02.517351Z,2025-02-13T20:44:19.766110Z
CUST_001323,Sofia,Jones,sofia.jones1323@example.com,620-826-3060,North,2025-06-18T10:23:38.058522Z,2025-10-23T12:31:00.051539Z
CUST_000431,Laura,Rossi,laura.rossi431@example.com,781-594-7038,East,2024-09-04T22:05:09.765654Z,2024-10-12T23:33:54.787042Z
CUST_001300,Daniel,Tan,daniel.tan1300@example.com,591-717-5794,South,2024-12-02T03:09:13.508512Z,2026-01-30T09:03:31.503203Z
CUST_000272,James,Rossi,james.rossi272@example.com,877-210-1323,East,2026-04-01T14:24:07.573867Z,2026-04-07T08:30:44.160565Z
CUST_001025,Rohan,Kulkarni,rohan.kulkarni1025@example.com,603-253-2818,North,2025-06-04T21:12:40.336276Z,2026-05-16T09:45:50.994848Z
CUST_000292,Michael,Clark,michael.clark292@example.com,691-696-7839,North,2025-07-27T17:18:56.888459Z,2026-05-10T13:51:00.548122Z
CUST_001925,Michael,Miller,michael.miller1925@example.com,812-829-4289,West,2025-03-11T01:03:46.039548Z,2025-09-22T18:03:33.860624Z
CUST_000001,Omar,Nair,omar.nair1@example.com,428-242-2679,North,2025-05-09T02:37:27.033326Z,2025-09-11T00:05:13.243962Z
CUST_001478,Liam,Kulkarni,liam.kulkarni1478@example.com,363-998-6186,South,2026-05-12T14:58:31.497198Z,2026-06-07T10:50:10.167791Z
CUST_001082,Divya,Williams,divya.williams1082@example.com,705-334-8285,West,2026-03-21T03:06:10.145967Z,2026-07-07T04:47:38.590107Z
CUST_001766,Lisa,Rao,lisa.rao1766@example.com,242-847-2040,West,2025-11-25T13:12:02.924735Z,2026-07-05T19:19:51.982106Z
CUST_000350,Grace,Johnson,grace.johnson350@example.com,739-958-3795,South,2024-12-08T10:55:30.489887Z,2025-04-21T17:59:17.575191Z
CUST_000382,Rohan,Nair,,351-989-5713,West,2025-04-06T03:19:28.494078Z,2026-02-17T00:21:13.775959Z
CUST_000129,Olivia,Patel,olivia.patel129@example.com,511-268-3653,West,2026-01-13T11:33:57.297846Z,2026-02-21T02:16:12.665905Z
CUST_000377,Lisa,Khan,lisa.khan377@example.com,242-426-9846,South,2025-06-09T22:14:09.052973Z,2026-03-04T21:46:25.467262Z
CUST_001590,Daniel,Ahmed,daniel.ahmed1590@example.com,203-621-7422,Central,2025-09-08T12:59:22.977149Z,2026-04-27T22:50:25.998982Z
CUST_000667,Olivia,Kulkarni,olivia.kulkarni667@example.com,875-968-3608,West,2025-09-06T10:27:43.496418Z,2026-02-06T11:48:25.410059Z
CUST_000240,Olivia,Tan,olivia.tan240@example.com,826-326-2705,North,2026-04-09T23:04:15.363656Z,2026-05-19T10:10:40.928325Z
CUST_000488,Tom,Iyer,tom.iyer488@example.com,569-529-6832,South,2024-09-24T20:59:04.538828Z,2025-06-30T06:49:40.192148Z
CUST_001462,David,Williams,david.williams1462@example.com,971-876-3612,North,2025-07-11T04:39:50.245128Z,2026-07-19T00:08:01.140972Z
CUST_001351,Emily,Smith,emily.smith1351@example.com,648-954-2221,Central,2026-03-26T01:27:27.940453Z,2026-05-13T21:24:27.281723Z
CUST_000559,James,Iyer,james.iyer559@example.com,885-206-1826,West,2026-01-10T14:53:48.116319Z,2026-06-13T03:50:39.639270Z
CUST_000814,Laura,Lim,laura.lim814@example.com,690-232-5432,West,2024-10-22T15:32:14.681927Z,2026-05-09T11:27:30.318157Z
CUST_000404,Emily,Patel,emily.patel404@example.com,577-488-2108,North,2025-06-03T02:18:30.141081Z,2025-11-15T03:44:55.287748Z
CUST_001643,Chen,Brown,chen.brown1643@example.com,593-286-5394,North,2024-10-07T14:21:39.835536Z,2024-10-22T03:37:08.189594Z
CUST_000097,David,Patel,david.patel97@example.com,279-982-6129,South,2025-11-14T22:40:26.303578Z,2026-07-07T03:25:01.340544Z
CUST_001125,Noah,Clark,noah.clark1125@example.com,808-896-5018,East,2026-06-30T15:17:21.985598Z,2026-07-08T16:19:31.759459Z
CUST_000843,Daniel,Rao,daniel.rao843@example.com,820-871-2738,Central,2025-05-23T04:06:13.578985Z,2025-10-02T16:48:10.028678Z
CUST_000046,Laura,Brown,laura.brown46@example.com,356-545-3885,East,2025-11-14T08:39:51.964289Z,2026-05-14T17:49:30.487455Z
CUST_000594,James,Nair,james.nair594@example.com,570-629-1712,East,2025-11-21T08:58:26.558272Z,2026-03-27T14:20:00.410893Z
CUST_000522,Liam,Ahmed,liam.ahmed522@example.com,653-497-1128,North,2025-03-31T08:19:05.981805Z,2026-06-13T07:19:13.901163Z
CUST_000254,Nina,Clark,nina.clark254@example.com,507-861-8259,East,2025-03-22T23:26:38.676913Z,2025-05-29T02:12:28.221659Z
CUST_000420,Lisa,Davis,lisa.davis420@example.com,831-364-6954,South,2025-03-18T21:21:50.902605Z,2025-05-30T10:29:31.031734Z
CUST_001852,David,Sharma,david.sharma1852@example.com,284-401-5496,South,2026-06-11T12:32:41.441428Z,2026-06-13T05:16:02.825704Z
CUST_000789,Meera,Johnson,meera.johnson789@example.com,215-564-1670,South,2024-10-06T03:03:31.320677Z,2025-08-03T00:27:22.692325Z
CUST_001782,Arjun,Davis,arjun.davis1782@example.com,266-428-9095,South,2025-07-28T09:23:32.638084Z,2026-05-22T22:40:24.175791Z
CUST_000289,Ava,Schmidt,ava.schmidt289@example.com,948-934-3103,West,2025-01-29T19:56:20.528597Z,2025-07-25T12:26:38.960401Z
CUST_000181,James,Nair,james.nair181@example.com,659-670-9395,North,2025-02-08T11:35:05.625920Z,2026-04-25T19:50:20.905674Z
CUST_001407,Liam,Nair,liam.nair1407@example.com,421-904-7732,North,2024-12-29T23:21:41.581755Z,2025-09-16T22:20:17.706222Z
CUST_001012,Mei,Kulkarni,mei.kulkarni1012@example.com,,East,2025-06-26T00:36:03.853232Z,2026-01-01T12:49:36.125453Z
CUST_001396,Emma,Schmidt,emma.schmidt1396@example.com,873-198-9419,North,2025-06-15T15:10:00.056596Z,2025-07-12T05:35:13.644918Z
CUST_001805,Olivia,Davis,olivia.davis1805@example.com,850-411-5523,East,2025-07-02T09:01:39.172180Z,2025-09-16T06:15:49.900041Z
CUST_000449,Sofia,Patel,sofia.patel449@example.com,506-812-7391,Central,2026-06-08T11:31:05.928214Z,2026-06-20T20:28:47.198667Z
CUST_001800,Omar,Johnson,omar.johnson1800@example.com,981-407-5480,Central,2024-11-10T01:45:37.267539Z,2025-07-01T17:13:44.510502Z
CUST_000497,Chen,Kulkarni,chen.kulkarni497@example.com,563-488-7948,South,2024-11-18T03:48:20.129620Z,2025-05-22T14:07:33.142514Z
CUST_001546,Vikram,Weber,vikram.weber1546@example.com,346-598-7876,Central,2024-08-09T16:55:06.276087Z,2025-05-06T20:16:43.283732Z
CUST_000680,James,Khan,james.khan680@example.com,777-773-9379,East,2025-02-14T04:20:50.454691Z,2026-03-02T12:01:38.259520Z
CUST_001851,Sarah,Iyer,sarah.iyer1851@example.com,853-841-2415,West,2025-02-05T04:48:41.379191Z,2026-05-10T12:23:01.271571Z
CUST_001210,Daniel,Reddy,daniel.reddy1210@example.com,379-886-4581,South,2025-03-06T01:52:27.533804Z,2025-04-26T17:11:27.599828Z
CUST_000360,Priya,Rossi,priya.rossi360@example.com,853-405-4255,South,2025-04-17T21:13:07.247428Z,2025-12-19T20:27:20.015799Z
CUST_000629,Fatima,Rao,fatima.rao629@example.com,682-940-5573,East,2025-10-23T00:38:06.185846Z,2026-01-02T09:07:34.777462Z
CUST_001750,Rohan,Patel,rohan.patel1750@example.com,254-235-9127,East,2025-06-01T13:30:50.795461Z,2026-06-08T11:32:10.448819Z
CUST_001704,Ananya,Sharma,ananya.sharma1704@example.com,529-255-9905,North,2026-03-12T19:34:27.675731Z,2026-07-16T10:53:42.402385Z
CUST_001890,Divya,Williams,divya.williams1890@example.com,798-896-4530,East,2026-04-21T04:04:08.603484Z,2026-06-16T03:19:27.910873Z
CUST_001310,Nina,Johnson,nina.johnson1310@example.com,541-840-7183,East,2026-07-09T14:37:51.900719Z,2026-07-16T21:42:41.417499Z
CUST_001735,Aarav,Johnson,aarav.johnson1735@example.com,975-531-7653,South,2026-05-18T02:23:32.382904Z,2026-06-06T00:04:23.208716Z
CUST_001205,Emma,Brown,emma.brown1205@example.com,518-718-2161,North,2024-09-29T20:49:36.300769Z,2024-12-16T03:34:18.236814Z
CUST_000687,Rohan,Johnson,rohan.johnson687@example.com,210-534-9334,East,2025-12-18T15:32:43.709649Z,2026-07-12T17:44:07.425167Z
CUST_001578,Ananya,Schmidt,ananya.schmidt1578@example.com,878-718-7051,Central,2025-06-22T04:48:36.843952Z,2025-08-08T09:09:01.198298Z
CUST_000061,David,Rossi,david.rossi61@example.com,458-431-2899,North,2024-10-30T16:52:00.689606Z,2025-09-17T17:29:26.056837Z
CUST_001868,Lisa,Patel,lisa.patel1868@example.com,515-213-6423,North,2025-11-09T12:38:06.343543Z,2026-01-12T17:21:20.480809Z
CUST_000304,Omar,Jones,,889-221-9762,South,2024-08-18T02:48:47.614054Z,2025-09-20T01:44:54.076115Z
CUST_001733,Emily,Khan,emily.khan1733@example.com,489-880-6409,South,2025-03-05T05:38:50.719143Z,2025-07-28T11:09:07.517287Z
CUST_001682,Sofia,Ahmed,sofia.ahmed1682@example.com,289-790-4889,Central,2025-03-29T20:38:44.020214Z,2026-06-24T03:18:22.812738Z
CUST_000518,Rohan,Jones,rohan.jones518@example.com,314-684-9196,Central,2024-12-22T18:49:59.550775Z,2025-08-20T08:31:56.094632Z
CUST_000855,Arjun,Kulkarni,arjun.kulkarni855@example.com,497-920-3644,West,2025-09-10T06:35:46.260784Z,2026-01-05T00:02:54.021001Z
CUST_000409,Ananya,Ahmed,ananya.ahmed409@example.com,830-129-3877,South,2025-09-10T21:30:58.497549Z,2026-06-28T01:41:08.504884Z
CUST_000274,Ananya,Johnson,ananya.johnson274@example.com,403-723-4272,North,2024-11-17T06:22:45.429660Z,2026-04-10T09:10:02.574765Z
CUST_000411,Aarav,Desai,aarav.desai411@example.com,267-252-5595,East,2025-07-06T12:40:34.883326Z,2026-01-03T05:36:38.408489Z
CUST_001786,Tom,Lim,tom.lim1786@example.com,665-700-3161,North,2024-11-30T18:35:09.406451Z,2025-01-17T17:38:57.242187Z
CUST_001030,Daniel,Ahmed,daniel.ahmed1030@example.com,721-216-1376,North,2026-06-14T03:15:04.185710Z,2026-07-04T11:04:09.599689Z
CUST_000757,Olivia,Nair,olivia.nair757@example.com,309-245-5627,North,2026-04-03T02:31:54.378952Z,2026-04-18T06:25:06.514889Z
CUST_000514,Sofia,Lim,sofia.lim514@example.com,734-305-6968,West,2025-10-19T23:43:48.314861Z,2025-11-18T13:26:20.901970Z
CUST_001973,Sofia,Schmidt,sofia.schmidt1973@example.com,762-780-3165,North,2024-10-17T10:06:15.256447Z,2025-06-23T08:24:03.105434Z
CUST_001907,Meera,Johnson,meera.johnson1907@example.com,296-579-8896,North,2025-09-14T21:21:34.853943Z,2025-11-25T08:59:27.448535Z
CUST_001661,Ananya,Desai,ananya.desai1661@example.com,317-112-5243,Central,2025-02-19T13:19:08.984289Z,2026-04-15T06:45:06.407989Z
CUST_001024,Lisa,Sharma,lisa.sharma1024@example.com,,East,2025-08-07T15:42:36.360530Z,2026-03-20T10:05:56.387939Z
CUST_001048,Mei,Rossi,mei.rossi1048@example.com,811-719-2972,North,2026-05-24T06:33:51.528617Z,2026-06-05T09:15:50.394273Z
CUST_000043,Fatima,Nair,fatima.nair43@example.com,916-362-7043,East,2025-03-12T23:45:07.815573Z,2025-11-05T05:19:06.606794Z
CUST_000890,Fatima,Williams,fatima.williams890@example.com,516-911-3317,West,2024-09-25T05:29:00.690601Z,2024-12-26T04:12:56.180426Z
CUST_000021,Chen,Nair,chen.nair21@example.com,471-235-6718,North,2025-03-07T11:18:10.459469Z,2025-11-21T17:45:19.641390Z
CUST_000206,Emma,Williams,emma.williams206@example.com,301-741-8529,Central,2024-09-19T05:28:29.000708Z,2024-11-05T13:12:44.953582Z
CUST_001720,Priya,Desai,priya.desai1720@example.com,469-970-1338,East,2025-11-23T01:48:49.881256Z,2026-02-07T13:31:02.530148Z
CUST_000759,Fatima,Tan,fatima.tan759@example.com,551-455-8928,East,2024-09-02T00:10:33.777725Z,2024-12-31T08:59:07.202212Z
CUST_001762,David,Iyer,david.iyer1762@example.com,564-426-8366,North,2025-10-03T08:21:31.697837Z,2026-03-17T16:25:20.343700Z
CUST_000943,Nina,Patel,nina.patel943@example.com,582-116-8163,West,2024-10-01T10:50:34.515909Z,2026-03-09T09:36:21.665189Z
CUST_001656,Meera,Clark,meera.clark1656@example.com,608-100-5297,South,2024-12-16T01:37:23.451211Z,2026-02-08T06:11:04.500395Z
CUST_000647,Grace,Rao,grace.rao647@example.com,846-823-1462,North,2024-09-05T08:38:29.990133Z,2025-09-10T21:09:16.259433Z
CUST_001271,Meera,Jones,meera.jones1271@example.com,540-367-5159,North,2024-08-21T15:39:45.760248Z,2026-03-28T03:11:57.468531Z
CUST_001291,Emma,Miller,emma.miller1291@example.com,608-382-2474,East,2024-11-11T01:34:00.541958Z,2026-02-14T03:51:46.702749Z
CUST_001811,Vikram,Brown,vikram.brown1811@example.com,802-568-9617,North,2025-04-24T10:13:04.140522Z,2026-04-15T22:00:18.014642Z
CUST_000223,Chen,Weber,chen.weber223@example.com,354-106-7718,Central,2025-02-17T20:53:44.919809Z,2025-10-26T00:21:00.795794Z
CUST_000827,Daniel,Sharma,daniel.sharma827@example.com,853-964-4569,South,2025-08-03T02:17:57.639975Z,2026-04-05T17:20:04.461834Z
CUST_001166,Sarah,Desai,sarah.desai1166@example.com,,South,2025-05-22T16:04:37.476503Z,2025-08-02T11:19:41.235212Z
CUST_000164,Meera,Rossi,meera.rossi164@example.com,924-247-8586,South,2025-03-19T13:35:33.140606Z,2025-08-19T12:15:16.213214Z
CUST_000534,Michael,Davis,michael.davis534@example.com,743-543-3323,North,2025-06-21T04:31:55.875355Z,2026-06-19T08:47:23.971229Z
CUST_001320,Laura,Lim,laura.lim1320@example.com,915-695-7485,East,2026-04-25T09:59:32.399677Z,2026-05-26T18:19:44.935878Z
CUST_001485,James,Rossi,james.rossi1485@example.com,512-868-3188,South,2025-09-03T01:50:24.186291Z,2026-02-08T18:59:32.960040Z
CUST_000754,Vikram,Schmidt,vikram.schmidt754@example.com,980-742-5263,North,2026-03-14T10:13:05.097795Z,2026-06-22T00:27:00.659443Z
CUST_001542,Rohan,Khan,rohan.khan1542@example.com,445-698-8984,South,2025-08-31T03:06:24.304272Z,2026-03-11T07:25:43.643242Z
CUST_000060,Chen,Miller,chen.miller60@example.com,681-456-7690,East,2025-12-17T05:21:26.727369Z,2026-01-09T15:18:42.991107Z
CUST_001247,Ava,Schmidt,ava.schmidt1247@example.com,400-243-6783,South,2026-03-31T05:40:15.664743Z,2026-05-20T04:43:34.775275Z
CUST_001944,Lisa,Smith,lisa.smith1944@example.com,576-517-9127,South,2026-06-11T17:57:31.827311Z,2026-07-19T06:23:41.318692Z
CUST_001062,Liam,Sharma,liam.sharma1062@example.com,211-380-1000,West,2026-04-27T18:10:06.056138Z,2026-05-03T11:13:41.200053Z
CUST_001136,Grace,Tan,grace.tan1136@example.com,684-771-1554,South,2025-03-03T11:04:03.032903Z,2026-06-04T08:24:11.851987Z
CUST_001826,James,Jones,james.jones1826@example.com,438-446-4414,South,2025-06-22T22:59:26.133464Z,2026-05-29T20:56:49.604595Z
CUST_002000,Michael,Jones,michael.jones2000@example.com,448-108-8705,North,2024-09-23T23:21:49.651965Z,2026-06-02T01:41:37.449471Z
CUST_001729,Ananya,Sharma,ananya.sharma1729@example.com,806-221-3701,West,2026-03-24T20:01:09.382558Z,2026-03-29T04:01:38.275033Z
CUST_000347,Rohan,Kulkarni,rohan.kulkarni347@example.com,868-398-5382,South,2025-06-18T14:49:55.984371Z,2025-11-27T11:47:37.546240Z
CUST_000562,Meera,Reddy,meera.reddy562@example.com,844-780-5021,North,2025-09-29T13:50:14.144697Z,2026-04-01T13:26:58.429191Z
CUST_000750,Omar,Davis,omar.davis750@example.com,496-972-7891,South,2024-09-03T17:24:07.205059Z,2026-07-18T15:07:22.832308Z
CUST_001524,Sofia,Kulkarni,sofia.kulkarni1524@example.com,561-913-3852,West,2026-02-22T00:18:52.581804Z,2026-03-11T13:11:20.717510Z
CUST_000950,Rohan,Kulkarni,rohan.kulkarni950@example.com,366-874-4434,South,2026-03-16T19:22:47.332272Z,2026-04-16T13:12:13.095201Z
CUST_000810,Sofia,Iyer,sofia.iyer810@example.com,840-485-2161,West,2025-10-24T16:19:06.123655Z,2026-05-30T15:14:03.630707Z
CUST_000548,James,Williams,james.williams548@example.com,389-180-5248,Central,2025-02-08T17:01:00.414118Z,2025-09-12T03:00:10.687657Z
CUST_000157,Noah,Sharma,noah.sharma157@example.com,246-533-6644,West,2026-03-16T01:59:57.072371Z,2026-04-03T15:02:18.428728Z
CUST_000366,Nina,Rossi,nina.rossi366@example.com,619-756-6276,North,2025-05-17T02:02:53.983354Z,2025-10-29T04:11:55.032792Z
CUST_001185,Daniel,Kulkarni,daniel.kulkarni1185@example.com,233-883-1188,East,2025-07-12T22:01:55.848924Z,2025-07-27T23:01:05.338162Z
CUST_000359,Daniel,Rao,daniel.rao359@example.com,671-852-2539,West,2024-09-04T15:24:43.327270Z,2025-03-26T10:10:40.763611Z
CUST_000865,Lukas,Weber,lukas.weber865@example.com,608-109-5861,North,2026-02-12T23:59:56.709553Z,2026-05-30T08:33:20.644979Z
CUST_000379,David,Schmidt,david.schmidt379@example.com,980-238-8879,South,2026-07-16T20:36:12.588426Z,2026-07-18T19:47:33.258207Z
CUST_000440,Mei,Khan,mei.khan440@example.com,473-921-2610,West,2025-07-10T14:49:43.785478Z,2025-11-25T07:46:43.617322Z
CUST_001671,Olivia,Davis,olivia.davis1671@example.com,613-666-2100,North,2025-09-02T22:05:33.390874Z,2025-12-30T16:47:38.599002Z
CUST_000121,Ananya,Reddy,ananya.reddy121@example.com,656-717-7981,South,2025-05-30T14:02:46.912300Z,2025-11-02T11:39:27.287892Z
CUST_000741,Ananya,Smith,ananya.smith741@example.com,681-249-4497,South,2026-02-10T19:49:24.065431Z,2026-03-21T11:50:27.496405Z
CUST_000326,Aarav,Clark,,735-220-9515,West,2024-08-08T22:51:20.428705Z,2026-03-22T11:06:09.446768Z
CUST_001442,Ava,Clark,ava.clark1442@example.com,817-193-7262,East,2025-02-24T16:43:46.823800Z,2025-06-22T18:40:21.190514Z
CUST_001855,Meera,Rossi,meera.rossi1855@example.com,484-582-6353,North,2024-08-14T11:38:37.624422Z,2026-02-13T09:02:00.286176Z
CUST_000830,Mei,Rao,mei.rao830@example.com,654-215-9372,South,2024-10-19T18:23:53.862656Z,2026-03-22T21:26:04.673067Z
CUST_001504,Lukas,Desai,lukas.desai1504@example.com,315-520-8570,West,2025-12-30T16:40:21.216277Z,2026-03-17T12:46:37.562492Z
CUST_000900,Laura,Williams,laura.williams900@example.com,,East,2024-08-25T10:19:40.037345Z,2026-03-03T19:07:22.767457Z
CUST_000688,Aarav,Lim,aarav.lim688@example.com,919-647-6653,North,2024-08-08T16:43:38.044413Z,2025-10-17T19:28:10.707287Z
CUST_001884,Omar,Schmidt,omar.schmidt1884@example.com,413-229-8843,West,2025-08-25T08:06:31.691127Z,2026-07-04T17:12:51.716189Z
CUST_001306,Ava,Rao,ava.rao1306@example.com,582-548-1188,East,2025-10-25T00:16:34.049096Z,2026-07-11T13:30:20.496265Z
CUST_001862,Tom,Davis,tom.davis1862@example.com,937-512-1225,North,2025-04-03T10:22:58.516934Z,2026-05-28T11:37:36.320928Z
CUST_000283,James,Patel,james.patel283@example.com,612-936-4850,South,2026-02-15T18:28:05.898198Z,2026-05-22T15:28:20.124473Z
CUST_000730,Aarav,Rao,aarav.rao730@example.com,266-316-1179,North,2026-02-06T17:12:40.974338Z,2026-03-05T01:15:17.089170Z
CUST_001954,Olivia,Williams,olivia.williams1954@example.com,345-344-6776,North,2024-11-11T05:25:22.193620Z,2025-03-05T14:52:16.156224Z
CUST_001587,Nina,Miller,nina.miller1587@example.com,990-848-5236,South,2025-06-29T09:41:11.937252Z,2025-10-21T04:28:26.229389Z
CUST_000919,David,Clark,david.clark919@example.com,638-906-3032,Central,2026-05-07T18:48:50.117213Z,2026-07-02T23:10:23.432949Z
CUST_001816,Tom,Desai,tom.desai1816@example.com,389-299-1888,North,2024-09-04T10:41:44.988158Z,2024-10-28T10:58:44.019783Z
CUST_001259,Vikram,Johnson,vikram.johnson1259@example.com,909-538-6444,Central,2024-11-30T00:56:02.044957Z,2025-02-22T04:51:19.390598Z
CUST_000631,Noah,Khan,noah.khan631@example.com,599-806-6051,West,2026-05-19T01:49:24.804377Z,2026-06-01T06:59:15.392843Z
CUST_000082,James,Desai,james.desai82@example.com,878-317-1349,Central,2025-11-09T04:50:36.215173Z,2025-12-25T02:53:48.581128Z
CUST_001034,Fatima,Tan,fatima.tan1034@example.com,389-619-1103,West,2024-10-02T08:09:56.568326Z,2025-12-29T18:12:44.130034Z
CUST_001410,Daniel,Kulkarni,daniel.kulkarni1410@example.com,573-644-4864,Central,2026-06-14T06:52:02.848210Z,2026-06-17T22:15:04.082507Z
CUST_000363,Liam,Davis,liam.davis363@example.com,566-841-3207,West,2024-08-22T22:28:35.309030Z,2025-09-12T17:44:31.198994Z
CUST_000881,Rohan,Kulkarni,rohan.kulkarni881@example.com,805-741-1329,East,2025-02-07T06:40:23.482711Z,2025-12-29T02:56:46.989056Z
CUST_001718,Lukas,Brown,lukas.brown1718@example.com,608-800-5566,Central,2026-02-09T00:42:28.560126Z,2026-06-30T17:00:09.410771Z
CUST_000169,Grace,Miller,grace.miller169@example.com,435-488-5026,North,2025-02-17T21:21:16.800441Z,2026-01-20T15:46:41.775520Z
CUST_001737,Emily,Iyer,emily.iyer1737@example.com,414-351-6347,North,2025-06-06T01:45:24.277048Z,2025-07-14T23:47:23.224179Z
CUST_001559,Mei,Williams,mei.williams1559@example.com,624-838-3220,West,2025-03-31T13:34:37.032691Z,2025-10-17T00:21:29.498908Z
CUST_001636,Sofia,Miller,sofia.miller1636@example.com,966-607-6953,South,2024-08-03T00:10:02.572145Z,2025-10-05T00:42:45.967170Z
CUST_001382,Rohan,Reddy,rohan.reddy1382@example.com,296-326-6518,South,2026-05-04T05:34:22.362920Z,2026-07-21T07:58:23.719349Z
CUST_000375,Rohan,Tan,rohan.tan375@example.com,279-840-6319,South,2025-03-11T22:44:36.859324Z,2026-03-21T03:38:41.314985Z
CUST_001394,Sofia,Brown,sofia.brown1394@example.com,947-702-6127,South,2026-02-15T15:10:45.724284Z,2026-03-07T03:24:35.541866Z
CUST_001083,Aarav,Davis,aarav.davis1083@example.com,221-825-9604,South,2026-07-17T17:06:26.496666Z,2026-07-23T01:17:27.584352Z
CUST_000712,Daniel,Kulkarni,daniel.kulkarni712@example.com,783-602-3955,West,2025-01-28T05:56:11.857210Z,2025-08-09T12:43:38.196972Z
CUST_001108,Lukas,Lim,lukas.lim1108@example.com,590-473-1786,South,2025-02-17T05:05:39.729088Z,2025-03-26T17:03:16.083105Z
CUST_001137,Nina,Davis,nina.davis1137@example.com,660-236-6356,East,2025-09-12T21:20:58.788019Z,2026-02-24T18:55:44.192898Z
CUST_001751,Daniel,Miller,,640-950-3619,North,2026-03-06T22:25:12.843946Z,2026-03-06T16:42:22.665104Z
CUST_001028,Michael,Rossi,michael.rossi1028@example.com,952-687-1314,North,2026-05-02T15:24:24.037731Z,2026-05-03T22:43:17.730706Z
CUST_000413,Meera,Nair,meera.nair413@example.com,294-554-9290,South,2024-09-08T16:09:12.356637Z,2025-04-02T15:46:55.549063Z
CUST_000751,Ava,Davis,ava.davis751@example.com,207-483-4668,South,2026-05-23T21:16:19.879214Z,2026-07-12T13:43:15.004359Z
CUST_000550,Sarah,Reddy,sarah.reddy550@example.com,314-935-1260,North,2024-08-15T00:13:30.680130Z,2025-02-26T04:41:15.456957Z
CUST_000608,Lukas,Lim,lukas.lim608@example.com,347-233-4107,Central,2024-10-06T11:20:38.450405Z,2025-02-04T20:15:58.048439Z
CUST_000762,Fatima,Clark,fatima.clark762@example.com,797-912-6105,North,2025-09-07T23:31:27.925743Z,2025-10-29T14:27:38.783369Z
CUST_001623,Divya,Smith,divya.smith1623@example.com,818-890-3372,North,2024-08-27T23:05:57.343274Z,2026-02-15T19:54:28.449906Z
CUST_001650,Nina,Khan,nina.khan1650@example.com,413-340-3787,South,2026-03-12T13:22:06.375357Z,2026-05-01T19:03:10.356823Z
CUST_000787,Fatima,Rossi,fatima.rossi787@example.com,471-795-6715,Central,2025-11-04T13:17:19.199829Z,2026-02-01T01:37:33.735928Z
CUST_000703,Omar,Desai,omar.desai703@example.com,276-659-6618,North,2025-10-31T06:34:46.161137Z,2025-12-20T01:08:12.438527Z
CUST_001468,Grace,Nair,grace.nair1468@example.com,851-807-9113,West,2025-12-01T03:39:50.872839Z,2026-05-14T19:59:55.191760Z
CUST_001885,Nina,Miller,nina.miller1885@example.com,415-636-3284,South,2024-10-13T08:42:55.031807Z,2025-09-27T12:51:22.171617Z
CUST_000773,Ananya,Schmidt,ananya.schmidt773@example.com,877-601-5596,South,2026-03-15T07:05:16.803421Z,2026-07-15T09:45:05.370157Z
CUST_000579,Divya,Clark,divya.clark579@example.com,286-926-9741,West,2026-03-17T01:31:55.979211Z,2026-07-08T00:21:27.189276Z
CUST_001866,Divya,Khan,divya.khan1866@example.com,690-840-7528,North,2025-05-15T19:54:25.310127Z,2025-08-22T08:19:29.811463Z
CUST_001315,Lisa,Lim,lisa.lim1315@example.com,931-517-2768,East,2025-01-15T13:57:00.358328Z,2025-08-12T05:15:02.962960Z
CUST_000732,David,Brown,david.brown732@example.com,539-517-9250,Central,2026-07-21T04:01:37.834739Z,2026-07-21T12:30:37.911015Z
CUST_000147,Meera,Miller,meera.miller147@example.com,866-304-5706,East,2025-12-01T02:41:36.243500Z,2026-04-02T17:47:46.891638Z
CUST_000307,Vikram,Nair,vikram.nair307@example.com,750-660-2394,North,2026-03-10T23:22:13.432699Z,2026-06-18T20:54:32.149375Z
CUST_000417,Emily,Rossi,emily.rossi417@example.com,787-350-3806,South,2024-12-23T10:34:28.053190Z,2025-10-09T04:01:30.947170Z
CUST_000612,David,Desai,david.desai612@example.com,360-962-7129,South,2025-08-22T02:18:28.544022Z,2026-06-10T11:14:37.043141Z
CUST_001257,Emma,Miller,emma.miller1257@example.com,718-525-8369,South,2025-06-29T05:08:31.740401Z,2026-04-23T10:32:21.776787Z
CUST_000991,Omar,Weber,omar.weber991@example.com,296-513-7347,East,2025-07-06T15:08:54.359971Z,2025-08-20T05:06:19.372409Z
CUST_001712,Aarav,Smith,aarav.smith1712@example.com,967-647-7815,South,2024-08-27T10:04:59.927837Z,2025-11-24T00:44:53.493287Z
CUST_000029,Priya,Nair,priya.nair29@example.com,646-720-9379,East,2025-07-20T06:16:02.743215Z,2025-12-27T13:00:33.970535Z
CUST_000603,Emily,Desai,emily.desai603@example.com,270-449-4102,Central,2026-05-18T14:38:44.347231Z,2026-06-12T18:36:21.646030Z
CUST_000633,Priya,Miller,priya.miller633@example.com,775-741-4105,South,2025-07-01T12:27:07.243697Z,2025-12-13T06:06:22.339075Z
CUST_000949,Vikram,Davis,vikram.davis949@example.com,654-988-4417,North,2025-08-20T12:12:13.808435Z,2025-09-02T12:37:52.130704Z
CUST_000993,James,Sharma,james.sharma993@example.com,,West,2024-10-02T16:00:00.342737Z,2026-04-25T12:19:01.838900Z
CUST_001268,Daniel,Ahmed,daniel.ahmed1268@example.com,778-771-4049,North,2025-10-28T10:11:11.162730Z,2026-02-16T18:36:58.644674Z
CUST_001113,Daniel,Rao,daniel.rao1113@example.com,365-755-1692,South,2024-11-21T00:18:29.554584Z,2025-08-02T15:43:48.414205Z
CUST_001530,Grace,Schmidt,grace.schmidt1530@example.com,969-959-8500,West,2025-06-01T17:58:56.388953Z,2026-04-14T15:21:40.744466Z
CUST_000686,Divya,Johnson,divya.johnson686@example.com,616-889-6123,East,2024-10-29T02:46:15.990764Z,2025-09-06T02:10:36.060200Z
CUST_001585,Divya,Patel,divya.patel1585@example.com,255-187-3093,North,2025-09-23T14:05:01.094089Z,2025-10-05T23:56:47.951452Z
CUST_001009,Emily,Davis,emily.davis1009@example.com,878-615-4096,West,2025-10-27T01:36:00.994668Z,2025-11-17T04:21:55.996581Z
CUST_001528,Priya,Lim,priya.lim1528@example.com,229-806-1605,East,2026-03-23T17:21:30.238944Z,2026-07-02T18:01:34.949926Z
CUST_001908,Sofia,Weber,sofia.weber1908@example.com,995-307-1105,East,2025-03-02T06:10:57.865842Z,2025-03-04T14:11:30.790573Z
CUST_001574,Grace,Clark,,807-213-1079,Central,2025-11-08T18:05:07.264369Z,2026-03-10T03:25:51.002778Z
CUST_000066,Michael,Rossi,michael.rossi66@example.com,529-990-4090,West,2025-08-22T12:14:54.813217Z,2026-04-12T13:02:20.780879Z
CUST_001067,Noah,Miller,noah.miller1067@example.com,437-832-1774,East,2026-07-21T11:29:52.495426Z,2026-07-24T17:10:23.690593Z
CUST_000383,Sofia,Desai,sofia.desai383@example.com,761-594-3315,North,2026-01-18T12:37:57.695759Z,2026-03-25T16:02:16.178593Z
CUST_000694,Sarah,Patel,sarah.patel694@example.com,232-264-4260,North,2025-10-06T08:07:26.512824Z,2026-03-24T17:31:51.714852Z
CUST_001562,Vikram,Kulkarni,vikram.kulkarni1562@example.com,926-892-5576,North,2025-04-17T15:07:36.175304Z,2025-09-25T17:51:04.496984Z
CUST_001644,David,Davis,david.davis1644@example.com,693-481-4803,North,2025-03-23T13:54:17.496450Z,2025-05-13T10:09:42.894484Z
CUST_000793,Daniel,Rossi,daniel.rossi793@example.com,341-639-8240,North,2025-10-22T21:45:22.491130Z,2025-12-10T11:27:29.440932Z
CUST_000010,Meera,Schmidt,meera.schmidt10@example.com,854-619-4258,Central,2026-05-03T17:49:59.556116Z,2026-06-10T00:38:20.512340Z
CUST_001616,Grace,Jones,grace.jones1616@example.com,499-545-7058,North,2025-05-30T14:29:09.038460Z,2026-07-06T11:04:28.106688Z
CUST_001085,Arjun,Davis,arjun.davis1085@example.com,770-369-8829,East,2026-02-11T05:37:26.121477Z,2026-05-17T17:02:14.212281Z
CUST_000395,Emma,Patel,emma.patel395@example.com,243-998-5025,South,2025-11-06T23:02:35.406216Z,2026-06-27T16:48:40.051690Z
CUST_001449,Chen,Williams,chen.williams1449@example.com,623-773-8120,East,2025-07-24T08:55:57.987858Z,2025-12-15T09:47:14.322323Z
CUST_001101,Mei,Tan,mei.tan1101@example.com,442-255-1376,West,2026-02-17T07:10:51.865200Z,2026-05-18T12:13:34.646233Z
CUST_000127,Emily,Rossi,emily.rossi127@example.com,764-232-2412,East,2025-11-22T22:46:30.551231Z,2026-06-15T13:49:26.863333Z
CUST_000778,Vikram,Jones,vikram.jones778@example.com,254-551-5466,South,2026-01-03T12:46:59.443116Z,2026-03-29T06:18:12.422253Z
CUST_001036,Noah,Brown,noah.brown1036@example.com,870-799-5123,West,2026-01-26T01:04:31.360944Z,2026-01-27T23:03:39.792356Z
CUST_000967,Daniel,Williams,daniel.williams967@example.com,276-357-6105,North,2025-06-04T19:04:03.791852Z,2025-06-04T13:08:09.504293Z
CUST_001943,Chen,Davis,chen.davis1943@example.com,952-750-5723,South,2025-11-24T10:31:56.819875Z,2026-07-23T22:05:51.673186Z
CUST_001668,Liam,Williams,liam.williams1668@example.com,293-500-5563,South,2025-05-02T19:01:53.836850Z,2025-07-30T01:37:49.231079Z
CUST_001343,Chen,Miller,chen.miller1343@example.com,995-258-1998,Central,2026-01-23T15:37:44.139297Z,2026-06-03T15:06:17.880537Z
CUST_001316,James,Williams,james.williams1316@example.com,540-898-1359,East,2024-11-05T08:48:19.519665Z,2025-12-20T04:16:07.646216Z
CUST_001508,Nina,Johnson,nina.johnson1508@example.com,442-733-8761,East,2026-02-05T03:35:22.436201Z,2026-06-26T07:00:09.970409Z
CUST_001398,Olivia,Schmidt,olivia.schmidt1398@example.com,568-691-4215,West,2024-10-07T23:40:47.013679Z,2025-12-12T04:02:40.217954Z
CUST_000339,Liam,Tan,liam.tan339@example.com,982-623-5591,West,2025-12-16T04:03:33.838095Z,2026-01-31T13:30:34.034144Z
CUST_000468,Rohan,Jones,rohan.jones468@example.com,233-403-7977,Central,2025-07-07T19:34:36.833071Z,2026-04-04T06:50:43.084891Z
CUST_000203,Vikram,Rao,vikram.rao203@example.com,979-963-7434,North,2025-06-26T08:40:26.393396Z,2025-10-30T14:04:40.833197Z
CUST_000282,Noah,Rossi,noah.rossi282@example.com,211-758-3571,Central,2026-04-20T15:55:10.078501Z,2026-04-26T15:20:15.346968Z
CUST_001208,Emily,Khan,emily.khan1208@example.com,704-504-8023,North,2025-07-12T01:33:44.100647Z,2025-11-10T03:47:08.447234Z
CUST_000279,Grace,Patel,grace.patel279@example.com,626-704-8908,Central,2025-01-11T05:39:24.817012Z,2025-04-27T11:39:01.904476Z
CUST_000772,Emma,Jones,emma.jones772@example.com,797-571-2964,North,2025-01-22T18:56:54.938975Z,2025-06-12T13:40:28.700695Z
CUST_000628,Michael,Jones,michael.jones628@example.com,210-356-2878,West,2025-09-11T21:47:29.508306Z,2025-09-30T14:04:05.575069Z
CUST_001835,Meera,Khan,meera.khan1835@example.com,780-571-2448,South,2025-08-28T21:01:26.715053Z,2026-01-24T17:14:13.344600Z
CUST_001615,Emily,Tan,emily.tan1615@example.com,570-365-3535,South,2024-11-09T01:48:42.851546Z,2025-10-24T19:29:10.238113Z
CUST_001338,Olivia,Reddy,olivia.reddy1338@example.com,242-361-6389,East,2025-09-01T12:38:50.240694Z,2026-01-05T10:46:34.527477Z
CUST_001961,Nina,Patel,nina.patel1961@example.com,938-730-9844,South,2024-09-03T21:45:46.439115Z,2025-08-06T14:14:43.842875Z
CUST_000998,Ava,Weber,ava.weber998@example.com,972-959-2618,West,2026-06-07T20:20:58.552953Z,2026-07-22T18:36:44.557764Z
CUST_000815,Emma,Rao,emma.rao815@example.com,992-900-4214,North,2024-09-26T21:43:47.018973Z,2024-10-22T17:30:03.405929Z
CUST_000133,Vikram,Williams,vikram.williams133@example.com,553-508-3142,West,2025-06-23T03:20:15.489131Z,2026-07-03T03:17:28.259961Z
CUST_000138,Mei,Schmidt,mei.schmidt138@example.com,239-240-6456,South,2024-09-11T04:38:57.540546Z,2024-10-27T04:20:59.642848Z
CUST_001132,James,Tan,james.tan1132@example.com,827-391-3271,North,2026-01-21T08:10:41.813773Z,2026-02-08T22:32:06.520529Z
CUST_000011,Aarav,Nair,aarav.nair11@example.com,259-346-2290,Central,2025-06-11T02:48:34.803035Z,2025-10-11T04:08:42.498369Z
CUST_000429,Rohan,Khan,rohan.khan429@example.com,647-239-2387,North,2025-12-12T14:57:50.729169Z,2026-05-29T19:59:27.653523Z
CUST_000610,Emma,Weber,emma.weber610@example.com,371-620-7358,West,2026-04-22T16:23:31.544098Z,2026-04-30T14:11:20.747096Z
CUST_001317,Ananya,Miller,ananya.miller1317@example.com,913-396-5482,South,2024-09-02T12:54:04.492879Z,2025-03-18T23:30:57.955833Z
CUST_001341,Priya,Rossi,priya.rossi1341@example.com,904-167-8784,North,2026-01-30T22:50:35.112358Z,2026-05-02T00:41:43.682529Z
CUST_000100,James,Desai,james.desai100@example.com,381-891-9095,North,2025-01-04T18:28:43.969045Z,2025-03-22T18:41:40.654858Z
CUST_001397,Sarah,Rossi,sarah.rossi1397@example.com,878-259-1969,North,2025-03-23T15:17:41.221692Z,2025-05-31T23:08:59.785704Z
CUST_000957,Emma,Khan,emma.khan957@example.com,463-231-6290,North,2025-12-01T19:42:45.101080Z,2026-03-31T15:31:47.871460Z
CUST_000744,Nina,Rossi,nina.rossi744@example.com,563-809-7375,East,2025-01-12T19:12:04.757830Z,2026-04-04T21:37:39.151642Z
CUST_000132,Sarah,Khan,sarah.khan132@example.com,901-515-5873,Central,2025-12-08T05:28:26.507774Z,2026-02-08T14:13:21.636129Z
CUST_000263,Chen,Clark,chen.clark263@example.com,943-830-4643,Central,2025-02-11T15:58:42.375911Z,2026-01-28T16:19:54.178243Z
CUST_001232,Sarah,Schmidt,sarah.schmidt1232@example.com,482-391-1866,North,2024-11-05T08:53:06.417710Z,2026-01-20T15:34:06.972747Z
CUST_001086,Vikram,Johnson,vikram.johnson1086@example.com,,North,2026-07-20T16:42:17.614017Z,2026-07-23T16:00:19.923150Z
CUST_000163,Chen,Kulkarni,chen.kulkarni163@example.com,707-148-6642,East,2025-10-12T16:20:44.436548Z,2026-07-23T13:09:19.394747Z
CUST_000526,Lisa,Khan,lisa.khan526@example.com,620-911-6233,West,2026-04-01T04:16:11.720861Z,2026-06-27T18:52:20.838366Z
CUST_001552,James,Nair,james.nair1552@example.com,212-737-2846,North,2024-08-09T16:52:40.915771Z,2026-04-20T13:01:11.571422Z
CUST_001743,Vikram,Williams,vikram.williams1743@example.com,671-485-4061,North,2025-01-15T07:39:59.743554Z,2026-02-23T05:14:46.560901Z
CUST_000373,Priya,Johnson,priya.johnson373@example.com,509-106-5920,East,2026-01-13T10:01:49.861866Z,2026-02-16T22:52:17.963758Z
CUST_001869,Sarah,Tan,,710-676-7206,Central,2025-08-29T11:28:03.250779Z,2025-11-26T06:14:42.151413Z
CUST_001277,Rohan,Sharma,rohan.sharma1277@example.com,997-847-6705,West,2026-05-21T06:30:17.685511Z,2026-06-11T23:32:12.059442Z
CUST_001371,Divya,Williams,divya.williams1371@example.com,742-161-7645,West,2025-01-03T13:02:47.450118Z,2026-03-09T14:12:37.574571Z
CUST_001181,Mei,Desai,mei.desai1181@example.com,615-402-7152,Central,2024-08-21T02:55:37.120950Z,2025-03-09T22:08:57.056405Z
CUST_000634,Meera,Sharma,meera.sharma634@example.com,598-317-8516,South,2025-06-20T08:41:39.386903Z,2025-06-26T01:04:56.229177Z
CUST_000336,Michael,Miller,michael.miller336@example.com,209-817-5314,Central,2026-01-11T21:47:52.358605Z,2026-05-28T02:35:59.187155Z
CUST_001386,Arjun,Kulkarni,arjun.kulkarni1386@example.com,705-317-7217,East,2024-08-12T12:11:18.110905Z,2024-10-25T14:34:16.192697Z
CUST_001390,Chen,Rossi,chen.rossi1390@example.com,531-977-4048,West,2026-02-08T18:49:27.326825Z,2026-06-03T05:25:02.242163Z
CUST_000970,Nina,Rao,nina.rao970@example.com,754-860-8444,East,2025-06-02T23:21:56.285320Z,2025-08-04T01:24:53.934403Z
CUST_001246,Grace,Lim,grace.lim1246@example.com,231-789-3045,South,2025-11-11T05:49:47.359275Z,2025-11-30T11:17:16.191423Z
CUST_001920,Lukas,Clark,lukas.clark1920@example.com,814-291-2766,North,2025-12-17T18:05:52.264397Z,2026-01-08T12:15:57.745412Z
CUST_000441,Lisa,Desai,,,South,2026-06-25T02:00:26.102444Z,2026-07-17T16:06:43.467604Z
CUST_001604,Laura,Nair,laura.nair1604@example.com,313-897-8700,South,2026-02-17T06:43:38.921819Z,2026-06-28T18:40:24.263522Z
CUST_000668,Rohan,Schmidt,rohan.schmidt668@example.com,399-817-9978,East,2025-05-17T18:55:51.056752Z,2026-05-08T22:19:29.686433Z
CUST_000448,Emily,Williams,emily.williams448@example.com,847-762-2485,East,2025-09-15T10:05:53.481966Z,2025-10-13T09:41:12.185197Z
CUST_001021,Olivia,Patel,olivia.patel1021@example.com,565-307-3467,South,2024-11-01T02:23:39.953413Z,2025-09-17T10:37:57.868487Z
CUST_000260,Olivia,Brown,olivia.brown260@example.com,509-793-9530,South,2025-03-12T03:00:32.694530Z,2025-11-05T11:35:41.622615Z
CUST_000482,Laura,Brown,laura.brown482@example.com,553-459-6047,South,2024-08-13T02:13:46.930930Z,2025-05-31T14:47:26.842725Z
CUST_000632,Ava,Rao,ava.rao632@example.com,228-114-6523,North,2024-08-17T02:14:56.101295Z,2025-10-22T21:10:46.175161Z
CUST_001756,Fatima,Nair,fatima.nair1756@example.com,547-333-5120,South,2025-05-23T05:43:28.458162Z,2026-03-06T23:44:58.918214Z
CUST_000303,Aarav,Davis,aarav.davis303@example.com,275-155-3916,East,2024-09-08T18:52:14.955238Z,2024-12-06T08:26:24.473039Z
CUST_000564,Laura,Patel,laura.patel564@example.com,856-254-1947,South,2024-09-07T21:56:33.310089Z,2026-07-15T13:25:56.713944Z
CUST_000728,James,Reddy,james.reddy728@example.com,610-733-1917,South,2024-12-07T23:35:38.882600Z,2025-07-11T02:52:44.491190Z
CUST_001865,Daniel,Patel,daniel.patel1865@example.com,654-524-2527,North,2025-06-22T17:04:19.616296Z,2025-09-03T17:03:08.375090Z
CUST_000945,Noah,Smith,noah.smith945@example.com,274-286-6567,South,2025-01-03T23:52:27.932600Z,2025-12-07T00:25:36.308086Z
CUST_001200,Tom,Nair,tom.nair1200@example.com,344-925-2674,South,2025-03-16T14:33:29.756287Z,2026-05-03T03:34:03.635915Z
CUST_000137,Rohan,Jones,rohan.jones137@example.com,838-796-2946,South,2026-02-15T11:50:21.584929Z,2026-04-27T11:48:09.208727Z
CUST_000857,David,Khan,david.khan857@example.com,286-178-2210,South,2025-05-04T23:26:01.015457Z,2026-07-19T23:53:34.634254Z
CUST_001097,Chen,Davis,chen.davis1097@example.com,820-173-5137,South,2024-12-28T17:25:00.069778Z,2025-09-14T06:51:59.267188Z
CUST_000189,Mei,Patel,mei.patel189@example.com,970-439-8052,East,2026-05-23T07:32:47.543998Z,2026-07-13T17:37:44.603178Z
CUST_001488,Sarah,Clark,sarah.clark1488@example.com,826-359-9714,North,2025-05-19T09:46:31.983208Z,2025-08-10T16:58:56.595960Z
CUST_001978,Ananya,Kulkarni,ananya.kulkarni1978@example.com,580-182-2804,North,2024-08-07T02:39:16.837337Z,2026-01-30T20:19:23.272149Z
CUST_000558,Lukas,Patel,lukas.patel558@example.com,316-732-4714,West,2025-07-12T08:21:50.372497Z,2026-02-17T01:49:56.584080Z
CUST_001429,David,Nair,david.nair1429@example.com,771-794-3996,South,2026-02-18T15:42:50.882706Z,2026-04-15T20:27:59.741816Z
CUST_000362,Ava,Khan,ava.khan362@example.com,357-818-9787,North,2025-07-31T07:20:35.826867Z,2026-06-26T20:48:22.844654Z
CUST_000438,Noah,Nair,noah.nair438@example.com,687-408-8803,North,2025-11-19T17:14:24.716712Z,2026-03-01T22:24:30.275382Z
CUST_001385,Liam,Desai,liam.desai1385@example.com,514-694-7143,East,2026-03-07T12:31:29.395288Z,2026-05-19T05:21:20.008440Z
CUST_001290,Noah,Nair,noah.nair1290@example.com,644-102-2811,North,2025-04-15T03:51:50.539159Z,2025-12-07T03:02:13.027939Z
CUST_000707,Liam,Schmidt,liam.schmidt707@example.com,510-972-4609,South,2026-01-20T03:10:14.047828Z,2026-03-27T17:15:18.040989Z
CUST_000972,Olivia,Ahmed,olivia.ahmed972@example.com,631-158-2723,South,2026-07-20T23:46:17.948679Z,2026-07-23T08:40:32.344802Z
CUST_001050,Vikram,Davis,vikram.davis1050@example.com,808-554-6146,East,2026-02-20T08:12:45.636005Z,2026-04-01T14:18:10.614969Z
CUST_001748,Vikram,Iyer,vikram.iyer1748@example.com,423-308-2235,South,2025-11-22T22:02:25.421327Z,2026-03-21T09:46:30.029650Z
CUST_001064,Grace,Ahmed,grace.ahmed1064@example.com,214-215-2410,West,2025-12-01T18:44:35.286402Z,2026-01-14T08:01:44.590590Z
CUST_001512,Tom,Nair,tom.nair1512@example.com,510-358-3154,North,2025-05-05T12:30:17.697581Z,2025-10-03T10:27:35.946221Z
CUST_001929,Chen,Johnson,chen.johnson1929@example.com,987-568-1061,West,2026-07-16T07:04:53.905093Z,2026-07-20T02:02:22.713955Z
CUST_001004,Noah,Williams,noah.williams1004@example.com,580-957-7585,Central,2025-09-04T07:39:42.270726Z,2025-12-29T13:43:36.744669Z
CUST_001051,Vikram,Williams,vikram.williams1051@example.com,534-665-8816,Central,2024-12-05T23:24:35.026702Z,2025-01-27T20:27:41.339617Z
CUST_000965,Mei,Iyer,mei.iyer965@example.com,248-919-9735,East,2026-01-26T16:10:23.166461Z,2026-06-09T03:43:10.665748Z
CUST_000905,Priya,Lim,priya.lim905@example.com,479-105-7671,South,2025-02-02T21:08:17.280025Z,2025-11-20T14:38:50.665695Z
CUST_000524,Ava,Williams,ava.williams524@example.com,915-367-9295,East,2024-11-11T23:52:35.773624Z,2025-04-24T10:29:44.028679Z
CUST_001609,Liam,Iyer,liam.iyer1609@example.com,,North,2024-09-26T00:13:12.381659Z,2025-01-22T01:52:41.548071Z
CUST_001999,David,Patel,david.patel1999@example.com,438-685-5278,North,2026-02-07T06:46:49.581811Z,2026-05-19T08:20:14.098373Z
CUST_001157,Sofia,Ahmed,sofia.ahmed1157@example.com,519-999-7884,North,2025-09-18T23:03:08.072087Z,2025-10-08T03:37:00.112018Z
CUST_001056,David,Sharma,david.sharma1056@example.com,224-785-7798,South,2025-05-24T18:02:13.240654Z,2026-01-31T18:31:00.366353Z
CUST_001154,James,Jones,james.jones1154@example.com,621-176-9699,Central,2025-05-15T23:19:26.023836Z,2025-11-05T00:18:20.193751Z
CUST_000836,Ava,Rossi,ava.rossi836@example.com,881-241-5264,North,2025-09-22T03:05:26.441474Z,2026-07-18T16:09:36.518206Z
CUST_001040,Vikram,Jones,vikram.jones1040@example.com,,South,2025-10-19T15:09:17.353700Z,2026-01-15T06:01:31.411284Z
CUST_000723,Ava,Nair,ava.nair723@example.com,997-938-3283,North,2025-07-24T17:59:58.441531Z,2026-01-24T07:13:52.235496Z
CUST_000809,Chen,Rossi,chen.rossi809@example.com,898-847-9653,West,2025-07-15T18:52:30.525179Z,2025-10-17T11:22:39.943462Z
CUST_001991,Emma,Ahmed,emma.ahmed1991@example.com,616-982-4985,West,2026-07-25T03:10:38.483391Z,2026-07-26T11:53:22.470424Z
CUST_001716,Priya,Khan,priya.khan1716@example.com,251-391-1185,South,2025-11-28T00:45:19.334425Z,2025-11-28T09:07:34.289712Z
CUST_001888,Meera,Smith,meera.smith1888@example.com,925-476-2971,West,2026-03-15T04:20:00.433351Z,2026-05-27T18:08:36.439150Z
CUST_001174,Omar,Tan,omar.tan1174@example.com,548-342-2946,Central,2025-03-03T19:34:47.659666Z,2025-04-19T07:02:30.722465Z
CUST_001162,James,Clark,james.clark1162@example.com,887-354-3170,North,2025-02-05T07:47:02.766773Z,2025-06-07T02:43:25.139420Z
CUST_000015,Laura,Davis,laura.davis15@example.com,300-162-7596,West,2024-09-25T03:15:12.199448Z,2026-07-18T17:28:08.442374Z
CUST_001807,David,Desai,david.desai1807@example.com,968-465-7248,North,2026-03-22T11:37:48.165623Z,2026-06-30T20:11:31.718598Z
CUST_001547,Daniel,Nair,daniel.nair1547@example.com,806-424-4463,South,2026-03-16T18:51:02.438712Z,2026-05-13T15:25:16.728941Z
CUST_000211,Mei,Ahmed,mei.ahmed211@example.com,302-243-3017,South,2025-03-11T13:20:50.146622Z,2025-04-24T07:17:41.088341Z
CUST_001706,Aarav,Tan,aarav.tan1706@example.com,823-919-2676,Central,2025-10-11T19:25:08.959838Z,2026-05-18T18:52:49.571682Z
CUST_000308,Meera,Kulkarni,meera.kulkarni308@example.com,317-285-1891,North,2025-04-16T17:29:41.576365Z,2025-07-24T02:18:42.070634Z
CUST_001784,Chen,Jones,chen.jones1784@example.com,846-905-1456,East,2025-02-01T02:35:56.846494Z,2025-05-29T17:06:09.973496Z
CUST_000374,Sofia,Schmidt,sofia.schmidt374@example.com,296-138-8542,East,2026-03-09T11:56:37.261993Z,2026-04-17T07:16:51.314889Z
CUST_000165,Michael,Khan,michael.khan165@example.com,294-648-4120,North,2025-11-04T19:38:02.916057Z,2026-05-12T02:12:51.798696Z
CUST_000106,Tom,Reddy,tom.reddy106@example.com,536-932-3093,South,2025-08-21T23:43:58.551963Z,2026-07-16T02:41:42.443973Z
CUST_001129,Laura,Rao,laura.rao1129@example.com,544-263-6359,North,2026-04-18T03:05:05.834870Z,2026-05-09T23:00:09.566619Z
CUST_001911,Daniel,Rao,daniel.rao1911@example.com,686-580-8469,East,2025-01-18T03:07:56.796871Z,2026-05-28T16:18:08.334537Z
CUST_001970,Emily,Desai,,252-110-3909,North,2025-05-08T12:47:51.546038Z,2025-10-17T07:35:31.581908Z
CUST_001365,Emily,Sharma,emily.sharma1365@example.com,311-935-2411,East,2025-11-18T23:56:02.780002Z,2026-07-02T11:14:52.904076Z
CUST_001969,Ananya,Sharma,,898-562-8984,South,2026-03-02T11:54:38.776454Z,2026-07-11T19:53:46.084908Z
CUST_000364,Chen,Kulkarni,chen.kulkarni364@example.com,679-381-3627,South,2025-06-28T09:52:16.567915Z,2026-07-07T11:29:00.813608Z
CUST_001133,Mei,Rao,mei.rao1133@example.com,546-780-3667,East,2024-09-02T11:32:19.307917Z,2025-10-09T20:45:52.420577Z
CUST_001249,Michael,Weber,michael.weber1249@example.com,371-689-3815,North,2025-07-18T22:14:21.555473Z,2026-02-02T19:50:43.388027Z
CUST_001313,Sofia,Iyer,sofia.iyer1313@example.com,472-647-7555,North,2026-03-11T19:02:56.457082Z,2026-05-06T04:16:25.502816Z
CUST_000915,Olivia,Desai,olivia.desai915@example.com,577-840-4920,West,2025-01-13T06:20:08.307213Z,2026-04-26T02:57:01.217062Z
CUST_001053,Vikram,Nair,vikram.nair1053@example.com,972-468-6850,South,2025-03-29T02:31:25.571590Z,2025-05-15T01:33:26.672995Z
CUST_000858,Ava,Iyer,ava.iyer858@example.com,600-298-6114,North,2026-03-26T23:01:19.287361Z,2026-07-05T14:12:06.277107Z
CUST_000401,Olivia,Weber,olivia.weber401@example.com,705-343-4553,South,2024-08-06T13:28:05.630421Z,2026-04-20T19:00:15.925020Z
CUST_000727,Meera,Schmidt,meera.schmidt727@example.com,896-996-8443,North,2025-09-10T18:32:19.743810Z,2026-04-14T07:27:59.164417Z
CUST_001705,Sarah,Kulkarni,sarah.kulkarni1705@example.com,503-111-6398,West,2026-06-15T04:03:33.191523Z,2026-06-23T07:21:53.243403Z
CUST_000066,Michael,Rossi,michael.rossi66@example.com,529-990-4090,West,2025-08-22T12:14:54.813217Z,2026-04-12T13:02:20.780879Z
CUST_000914,Chen,Miller,chen.miller914@example.com,455-270-8731,Central,2025-06-29T00:47:38.926429Z,2026-05-07T20:24:35.536174Z
CUST_001256,Grace,Iyer,grace.iyer1256@example.com,569-232-4850,West,2024-08-07T11:25:10.933426Z,2025-05-12T04:59:21.584483Z
CUST_001549,Emily,Nair,emily.nair1549@example.com,985-436-9808,West,2025-03-31T15:07:29.278797Z,2026-05-30T06:01:41.445454Z
CUST_001179,Noah,Miller,noah.miller1179@example.com,274-257-7800,North,2025-01-09T05:17:45.545534Z,2025-08-13T22:35:56.710034Z
CUST_001381,Lisa,Sharma,lisa.sharma1381@example.com,203-384-6705,North,2026-03-16T06:27:02.531085Z,2026-04-15T19:44:48.298017Z
CUST_001763,Lisa,Brown,lisa.brown1763@example.com,,Central,2025-07-27T01:24:33.468095Z,2025-09-16T10:33:50.848607Z
CUST_000659,Olivia,Clark,olivia.clark659@example.com,289-408-9990,South,2024-12-09T14:07:30.694830Z,2026-05-02T17:15:15.221921Z
CUST_001358,Michael,Schmidt,michael.schmidt1358@example.com,698-567-5764,South,2024-11-29T04:31:18.403803Z,2026-03-15T19:11:50.078253Z
CUST_001109,Lukas,Smith,lukas.smith1109@example.com,646-385-4047,South,2025-05-28T16:04:14.914159Z,2025-08-08T02:39:03.600424Z
CUST_000355,Mei,Clark,mei.clark355@example.com,960-644-5404,East,2025-05-19T05:08:18.115717Z,2026-04-16T20:29:39.474760Z
CUST_000324,Noah,Sharma,noah.sharma324@example.com,641-634-7892,Central,2026-06-26T16:27:14.984006Z,2026-07-16T15:50:49.399755Z
CUST_001326,Emily,Weber,emily.weber1326@example.com,229-684-8382,West,2025-07-15T10:14:12.819209Z,2026-04-16T16:51:38.030294Z
CUST_001342,Lisa,Ahmed,lisa.ahmed1342@example.com,350-649-8479,South,2026-05-22T08:55:34.771061Z,2026-06-06T12:51:39.595484Z
CUST_000368,Rohan,Sharma,rohan.sharma368@example.com,703-952-2310,Central,2025-03-02T11:35:47.983819Z,2026-01-31T13:52:23.832831Z
CUST_001440,Lukas,Weber,lukas.weber1440@example.com,702-595-4790,North,2025-01-16T05:08:28.683707Z,2026-03-28T12:43:48.029693Z
CUST_000201,Tom,Brown,tom.brown201@example.com,638-269-3281,West,2026-04-17T01:36:22.558136Z,2026-07-06T08:38:34.176556Z
CUST_000585,Omar,Kulkarni,omar.kulkarni585@example.com,812-356-7228,North,2025-12-07T06:37:53.535118Z,2026-02-14T09:02:10.775089Z
CUST_000467,Olivia,Tan,olivia.tan467@example.com,674-890-3271,West,2024-08-25T11:40:29.738094Z,2025-12-03T20:00:55.657776Z
CUST_000233,Omar,Schmidt,omar.schmidt233@example.com,591-900-6883,North,2026-02-08T11:58:36.526797Z,2026-02-12T10:24:17.188550Z
CUST_001018,Ananya,Rossi,ananya.rossi1018@example.com,838-522-1833,East,2025-06-04T05:42:24.982643Z,2026-07-05T16:27:11.989016Z
CUST_000502,Ananya,Smith,ananya.smith502@example.com,337-130-2631,South,2025-03-25T15:43:01.187795Z,2026-02-09T12:38:43.342838Z
CUST_000809,Chen,Rossi,chen.rossi809@example.com,898-847-9653,West,2025-07-15T18:52:30.525179Z,2025-10-17T11:22:39.943462Z
CUST_000604,Sarah,Miller,sarah.miller604@example.com,243-607-4594,South,2024-11-16T22:14:29.654227Z,2026-02-24T06:15:30.770269Z
CUST_001569,Arjun,Davis,arjun.davis1569@example.com,712-638-5411,South,2024-09-30T16:47:14.459613Z,2024-10-09T21:35:05.591978Z
CUST_000674,Michael,Reddy,michael.reddy674@example.com,615-932-1323,East,2026-02-02T16:31:04.544107Z,2026-03-21T18:34:45.858602Z
CUST_000353,Sofia,Sharma,sofia.sharma353@example.com,688-406-1149,East,2025-12-17T19:14:50.007568Z,2026-06-28T17:23:12.431736Z
CUST_001352,Rohan,Reddy,rohan.reddy1352@example.com,579-406-2417,North,2026-05-25T07:18:00.847000Z,2026-06-19T14:34:20.105456Z
CUST_001870,Mei,Williams,mei.williams1870@example.com,385-327-2352,East,2025-05-26T04:33:24.237355Z,2025-11-25T01:17:01.955932Z
CUST_000818,Daniel,Kulkarni,daniel.kulkarni818@example.com,816-770-5001,North,2025-06-18T12:30:42.128320Z,2025-12-14T21:04:04.262352Z
CUST_000007,Arjun,Khan,arjun.khan7@example.com,346-371-3287,South,2026-05-21T08:47:37.449245Z,2026-07-18T18:25:23.229974Z
CUST_001123,Rohan,Kulkarni,rohan.kulkarni1123@example.com,694-905-2082,West,2025-04-29T05:59:43.517453Z,2026-05-06T03:05:42.481932Z
CUST_001492,James,Rao,james.rao1492@example.com,926-101-6820,Central,2025-03-29T13:53:51.645864Z,2026-01-04T05:42:49.591979Z
CUST_001708,Ananya,Schmidt,ananya.schmidt1708@example.com,,South,2025-07-08T07:50:19.514591Z,2026-03-10T08:07:45.171302Z
CUST_001810,Sarah,Weber,sarah.weber1810@example.com,458-469-5521,West,2025-03-28T02:23:43.505625Z,2025-04-30T09:37:53.207589Z
CUST_001106,Liam,Rao,liam.rao1106@example.com,902-676-4998,South,2025-11-24T22:51:01.407759Z,2025-11-30T18:22:23.399476Z
CUST_000863,Lisa,Rossi,lisa.rossi863@example.com,520-767-4862,West,2026-02-10T16:35:54.775615Z,2026-06-17T23:05:58.110146Z
CUST_001755,Vikram,Rao,vikram.rao1755@example.com,590-203-3142,Central,2025-04-21T18:45:59.923292Z,2026-07-22T17:51:41.078255Z
CUST_000194,Emma,Reddy,emma.reddy194@example.com,574-433-4228,East,2026-02-01T15:33:40.328628Z,2026-03-20T19:24:39.411612Z
CUST_000024,Lisa,Iyer,lisa.iyer24@example.com,959-552-8007,East,2025-04-26T22:57:09.572092Z,2025-07-17T01:53:23.610805Z
CUST_001988,Rohan,Rossi,rohan.rossi1988@example.com,991-510-1875,North,2026-07-15T21:28:33.642590Z,2026-07-24T23:50:53.762502Z
CUST_000407,Liam,Lim,liam.lim407@example.com,201-221-1392,North,2025-05-25T23:54:13.838403Z,2025-09-01T19:26:26.047702Z
CUST_001212,Sofia,Sharma,sofia.sharma1212@example.com,550-405-4889,West,2025-11-02T17:47:57.554285Z,2026-02-09T04:26:02.222256Z
CUST_000901,Priya,Rossi,priya.rossi901@example.com,286-647-2549,West,2025-04-12T15:27:57.288039Z,2025-07-10T11:29:44.647224Z
CUST_000859,Omar,Tan,omar.tan859@example.com,295-327-7657,South,2025-05-26T22:34:32.256496Z,2025-12-31T12:01:31.762899Z
CUST_001935,Daniel,Johnson,daniel.johnson1935@example.com,525-679-9772,East,2025-04-05T19:30:30.487433Z,2026-05-23T04:27:20.632565Z
CUST_001347,Ananya,Sharma,ananya.sharma1347@example.com,216-164-9552,North,2025-01-27T03:02:58.031248Z,2025-01-29T16:53:40.625859Z
CUST_000242,Grace,Miller,grace.miller242@example.com,587-459-9946,Central,2025-09-28T18:41:48.720539Z,2026-06-07T07:10:28.077289Z
CUST_000400,Meera,Clark,meera.clark400@example.com,947-887-8311,North,2025-06-12T04:12:00.652801Z,2025-11-17T08:00:29.521800Z
CUST_000273,Arjun,Clark,arjun.clark273@example.com,630-777-2654,East,2024-08-10T19:44:08.439170Z,2025-06-14T03:32:46.647703Z
CUST_000483,Daniel,Johnson,daniel.johnson483@example.com,342-955-2410,North,2025-10-09T16:21:04.978481Z,2026-05-09T18:48:24.092744Z
CUST_000017,Nina,Desai,nina.desai17@example.com,588-102-7396,West,2024-09-30T14:18:27.730429Z,2025-03-17T23:50:35.694022Z
CUST_000156,Rohan,Schmidt,rohan.schmidt156@example.com,335-625-7806,South,2024-09-26T14:43:51.323139Z,2026-01-03T23:01:25.266817Z
CUST_000705,Mei,Smith,mei.smith705@example.com,246-679-1996,East,2024-12-11T23:52:25.519072Z,2025-10-03T21:34:55.538430Z
CUST_000101,Michael,Khan,michael.khan101@example.com,680-552-5961,South,2025-10-25T11:32:04.325486Z,2025-11-28T14:28:02.059653Z
CUST_000591,James,Weber,james.weber591@example.com,207-300-7489,Central,2026-07-25T16:31:10.578588Z,2026-07-25T06:42:47.593186Z
CUST_000365,Omar,Schmidt,omar.schmidt365@example.com,834-977-6965,South,2025-02-06T23:04:42.565136Z,2025-02-25T12:12:33.716412Z
CUST_001275,Arjun,Clark,arjun.clark1275@example.com,883-626-6855,West,2026-07-23T12:59:03.837489Z,2026-07-24T01:12:01.291640Z
CUST_000054,Sarah,Reddy,sarah.reddy54@example.com,982-526-4697,Central,2024-11-30T14:19:55.617113Z,2026-06-24T13:19:36.651194Z
CUST_000848,Nina,Iyer,nina.iyer848@example.com,489-234-4253,South,2025-02-08T16:54:46.785851Z,2026-07-01T06:00:27.070528Z
CUST_001003,Michael,Reddy,michael.reddy1003@example.com,784-755-1255,East,2025-12-21T22:07:59.304550Z,2026-02-11T00:57:15.691634Z
CUST_000889,Lisa,Smith,lisa.smith889@example.com,229-267-9391,Central,2025-09-15T19:44:33.208102Z,2026-07-15T18:48:08.136200Z
CUST_000494,Ananya,Smith,ananya.smith494@example.com,210-872-2581,North,2025-06-05T06:37:57.209740Z,2026-05-12T05:42:22.030680Z
CUST_000171,Noah,Ahmed,noah.ahmed171@example.com,340-962-4791,North,2024-08-07T06:32:29.391329Z,2025-10-03T01:39:40.699143Z
CUST_001548,Lisa,Ahmed,lisa.ahmed1548@example.com,783-277-3836,West,2026-05-04T08:39:32.476414Z,2026-05-04T08:55:20.791044Z
CUST_000398,Arjun,Davis,arjun.davis398@example.com,864-828-3686,North,2025-06-28T03:45:28.664873Z,2026-06-17T11:05:33.741635Z
CUST_000656,Tom,Jones,tom.jones656@example.com,816-225-9693,East,2024-12-21T07:23:28.648388Z,2025-01-16T21:42:55.498282Z
CUST_000058,Ananya,Davis,ananya.davis58@example.com,478-612-9847,East,2026-07-18T01:56:27.770214Z,2026-07-24T10:38:16.027121Z
CUST_001891,Emma,Ahmed,emma.ahmed1891@example.com,350-906-4209,South,2024-08-05T17:54:44.980332Z,2025-02-11T22:42:46.732987Z
CUST_000676,Rohan,Rossi,rohan.rossi676@example.com,327-618-5891,North,2024-09-05T13:42:00.260400Z,2024-11-30T09:02:33.948562Z
CUST_001580,Mei,Smith,mei.smith1580@example.com,614-542-8235,North,2026-07-22T01:35:08.279966Z,2026-07-24T20:46:01.849465Z
CUST_000609,Lisa,Lim,lisa.lim609@example.com,352-435-5049,East,2026-01-31T04:54:32.612454Z,2026-04-16T15:13:46.085362Z
CUST_000357,Divya,Reddy,divya.reddy357@example.com,550-530-6104,North,2025-12-19T11:29:44.829868Z,2026-02-12T01:21:05.884522Z
CUST_001570,Ananya,Tan,ananya.tan1570@example.com,780-233-2404,North,2025-05-26T12:36:47.761370Z,2026-04-08T16:59:52.805867Z
CUST_000850,Sarah,Rao,sarah.rao850@example.com,701-915-7425,West,2026-06-16T09:06:14.117825Z,2026-07-17T09:26:28.341203Z
CUST_000342,James,Davis,james.davis342@example.com,902-334-2636,North,2024-12-13T17:27:54.399385Z,2026-07-25T06:09:51.774417Z
CUST_001448,Lukas,Kulkarni,lukas.kulkarni1448@example.com,636-406-4846,South,2026-06-22T19:18:58.549999Z,2026-07-05T19:54:35.881323Z
CUST_000491,Lukas,Rossi,lukas.rossi491@example.com,627-571-2251,East,2026-07-21T00:30:22.326708Z,2026-07-21T22:23:08.856727Z
CUST_001801,Emma,Davis,emma.davis1801@example.com,748-514-5728,North,2024-12-10T06:49:59.030064Z,2025-04-17T04:27:54.665232Z
CUST_001945,James,Brown,james.brown1945@example.com,267-387-7239,North,2025-07-05T17:42:52.439178Z,2026-07-10T11:59:55.539086Z
CUST_001389,Liam,Nair,liam.nair1389@example.com,,North,2025-09-07T21:21:59.956400Z,2026-04-22T14:21:48.919032Z
CUST_001516,Olivia,Rao,olivia.rao1516@example.com,700-950-2340,South,2025-06-17T23:22:13.106564Z,2025-06-20T05:44:53.903718Z
CUST_001161,Chen,Miller,chen.miller1161@example.com,455-731-3042,Central,2025-05-22T19:31:00.120178Z,2025-10-06T12:37:12.783061Z
CUST_001243,Nina,Desai,nina.desai1243@example.com,226-730-8405,South,2026-06-04T19:04:46.658315Z,2026-06-15T21:29:31.640084Z
CUST_000811,Sofia,Williams,sofia.williams811@example.com,457-499-6863,North,2025-05-24T09:04:34.603304Z,2026-07-22T07:54:33.977072Z
CUST_000990,Lisa,Brown,lisa.brown990@example.com,265-642-7778,East,2024-10-12T07:38:49.795681Z,2026-07-02T05:53:11.030919Z
CUST_001283,Mei,Johnson,mei.johnson1283@example.com,398-817-7008,South,2024-08-18T12:53:50.069224Z,2026-04-15T23:47:41.001296Z
CUST_000437,Noah,Weber,noah.weber437@example.com,443-776-8211,West,2025-09-27T18:46:53.361838Z,2026-04-11T01:41:16.792182Z
CUST_000048,Meera,Weber,meera.weber48@example.com,486-710-5526,North,2025-04-22T06:05:15.755053Z,2025-10-13T13:31:35.794993Z
CUST_001378,Lisa,Clark,lisa.clark1378@example.com,313-445-4515,Central,2024-10-20T11:51:41.719727Z,2025-09-12T21:37:16.461535Z
CUST_001281,Priya,Johnson,,545-313-9784,East,2025-10-16T20:56:42.850666Z,2026-04-28T09:49:33.108663Z
CUST_001250,Ananya,Rao,ananya.rao1250@example.com,773-827-7409,West,2025-12-30T20:31:33.275617Z,2026-01-26T12:54:35.340133Z
CUST_001964,Vikram,Weber,vikram.weber1964@example.com,587-577-4027,South,2025-08-15T22:21:18.619152Z,2026-03-29T00:47:18.659251Z
CUST_001681,Daniel,Reddy,daniel.reddy1681@example.com,633-942-6045,South,2024-08-07T18:18:10.031674Z,2026-02-04T06:45:44.620084Z
CUST_000116,Lukas,Schmidt,lukas.schmidt116@example.com,244-750-7338,East,2025-09-04T00:22:50.070841Z,2026-05-02T11:15:46.689023Z
CUST_001905,Fatima,Desai,fatima.desai1905@example.com,242-836-6256,North,2024-10-07T17:13:23.198800Z,2026-02-06T08:22:41.565306Z
CUST_001853,Tom,Schmidt,tom.schmidt1853@example.com,203-753-7747,South,2024-11-14T21:17:51.796599Z,2024-11-19T03:31:08.562349Z
CUST_001444,Emma,Johnson,emma.johnson1444@example.com,343-530-8606,South,2024-09-21T21:48:27.520525Z,2024-09-22T12:19:36.469579Z
CUST_000748,Sofia,Miller,sofia.miller748@example.com,380-569-8018,South,2025-07-10T05:34:27.400098Z,2025-09-06T09:54:42.721997Z
CUST_001633,Mei,Rao,mei.rao1633@example.com,673-817-3588,West,2025-03-19T17:55:05.167840Z,2025-05-23T18:07:52.406445Z
CUST_000786,Vikram,Brown,vikram.brown786@example.com,958-812-8056,South,2025-04-08T06:58:24.669760Z,2026-01-28T03:17:56.657343Z
CUST_001090,Daniel,Lim,daniel.lim1090@example.com,330-590-9348,West,2025-03-19T20:10:15.628074Z,2026-04-06T16:18:31.810653Z
CUST_000870,Arjun,Smith,arjun.smith870@example.com,329-916-9557,North,2026-03-01T10:36:49.894854Z,2026-03-27T18:38:17.846514Z
CUST_000956,Meera,Nair,meera.nair956@example.com,629-167-2841,North,2025-03-17T13:54:57.562799Z,2025-05-03T14:08:54.632575Z
CUST_001159,Tom,Nair,tom.nair1159@example.com,423-846-3075,East,2024-08-18T21:32:15.427725Z,2025-12-12T00:43:33.917580Z
CUST_001328,David,Khan,david.khan1328@example.com,434-154-1150,South,2026-04-15T05:54:11.124166Z,2026-05-29T05:09:18.189838Z
CUST_000286,Ananya,Ahmed,ananya.ahmed286@example.com,848-919-5783,North,2025-07-16T03:02:57.172129Z,2026-01-13T15:08:52.751678Z
CUST_001759,Fatima,Rossi,fatima.rossi1759@example.com,597-634-1810,Central,2025-05-25T23:12:44.758473Z,2025-06-28T08:36:41.388054Z
CUST_001276,Sarah,Rao,sarah.rao1276@example.com,786-975-6254,Central,2026-05-23T05:13:55.763319Z,2026-06-02T18:57:59.909736Z
CUST_000309,James,Nair,james.nair309@example.com,538-465-3100,North,2026-03-18T09:39:04.943842Z,2026-07-20T06:20:31.472536Z
CUST_001149,Rohan,Reddy,rohan.reddy1149@example.com,734-934-9762,North,2025-07-17T20:22:01.356705Z,2025-10-07T12:50:48.453405Z
CUST_000264,Noah,Ahmed,noah.ahmed264@example.com,299-582-3096,West,2025-02-02T17:48:58.191961Z,2025-11-29T21:57:21.686224Z
CUST_001856,Rohan,Patel,rohan.patel1856@example.com,663-719-2897,East,2026-02-19T03:45:07.981480Z,2026-04-28T07:22:42.031144Z
CUST_001565,Sarah,Davis,sarah.davis1565@example.com,384-484-1370,West,2025-11-29T20:40:22.331146Z,2026-07-13T03:14:59.136891Z
CUST_001458,Liam,Desai,liam.desai1458@example.com,617-261-3223,North,2025-02-04T09:29:18.192006Z,2025-08-18T08:26:13.687890Z
CUST_001065,Nina,Reddy,nina.reddy1065@example.com,266-507-7183,West,2025-01-04T14:26:11.013913Z,2025-08-12T18:57:02.688505Z
CUST_001273,Nina,Clark,nina.clark1273@example.com,793-671-9502,Central,2025-07-01T21:48:06.141260Z,2025-09-09T11:25:46.828989Z
CUST_001601,Laura,Patel,laura.patel1601@example.com,359-878-6812,West,2024-11-16T01:46:32.270921Z,2025-12-18T03:37:41.298734Z
CUST_001366,Emma,Davis,emma.davis1366@example.com,404-144-1537,North,2026-03-07T18:20:43.015420Z,2026-04-10T00:30:16.950063Z
CUST_001659,Fatima,Patel,fatima.patel1659@example.com,313-801-7848,South,2025-05-15T13:55:08.409911Z,2025-12-05T09:13:45.551259Z
CUST_001603,Nina,Kulkarni,nina.kulkarni1603@example.com,735-862-1056,East,2026-06-24T19:48:03.749793Z,2026-07-22T07:29:07.991421Z
CUST_000930,Arjun,Nair,arjun.nair930@example.com,698-407-1157,South,2025-03-09T03:46:56.464143Z,2026-01-09T20:12:37.844906Z
CUST_001033,Fatima,Rao,fatima.rao1033@example.com,528-740-9672,North,2024-10-21T22:31:38.740581Z,2025-11-21T05:30:18.767101Z
CUST_000267,Daniel,Iyer,daniel.iyer267@example.com,699-440-3897,South,2025-02-01T14:17:13.798169Z,2025-04-24T05:36:48.166131Z
CUST_001194,Rohan,Iyer,rohan.iyer1194@example.com,502-843-3799,East,2026-04-26T21:46:19.427442Z,2026-07-21T09:10:01.254506Z
CUST_001790,Rohan,Schmidt,rohan.schmidt1790@example.com,956-327-9463,South,2026-04-10T08:02:19.385503Z,2026-07-05T16:34:13.109755Z
CUST_001777,Arjun,Ahmed,arjun.ahmed1777@example.com,580-194-9677,Central,2026-06-29T02:29:34.524972Z,2026-07-01T04:18:49.153806Z
CUST_000317,Chen,Rossi,chen.rossi317@example.com,587-474-2275,East,2025-08-21T07:33:25.370040Z,2026-07-21T11:31:50.505529Z
CUST_000390,Sofia,Nair,sofia.nair390@example.com,983-426-7783,North,2024-12-28T23:59:52.937563Z,2025-01-27T20:59:47.287096Z
CUST_001191,Priya,Khan,priya.khan1191@example.com,446-520-8537,South,2025-09-21T00:49:39.816435Z,2026-01-05T20:54:59.551364Z
CUST_000105,David,Johnson,david.johnson105@example.com,353-441-2335,North,2026-06-04T11:19:41.732409Z,2026-07-12T21:25:08.623945Z
CUST_001114,Sofia,Rossi,sofia.rossi1114@example.com,862-632-6798,East,2026-01-20T23:25:48.263643Z,2026-05-19T16:59:26.175002Z
CUST_001060,Fatima,Desai,fatima.desai1060@example.com,674-155-4765,Central,2025-06-07T08:13:32.024969Z,2025-12-08T09:00:13.869885Z
CUST_000651,Lisa,Clark,lisa.clark651@example.com,950-541-3795,South,2025-10-01T04:12:31.190824Z,2026-02-25T16:07:28.594639Z
CUST_000437,Noah,Weber,noah.weber437@example.com,443-776-8211,West,2025-09-27T18:46:53.361838Z,2026-04-11T01:41:16.792182Z
CUST_001864,Vikram,Schmidt,vikram.schmidt1864@example.com,215-486-2092,East,2026-02-08T13:29:15.244872Z,2026-05-28T14:48:17.389288Z
CUST_000808,Divya,Desai,divya.desai808@example.com,396-188-1397,West,2025-10-19T06:02:51.147390Z,2026-07-16T00:23:49.427847Z
CUST_001764,Laura,Schmidt,laura.schmidt1764@example.com,258-465-2168,West,2025-05-26T10:06:09.183631Z,2026-05-10T08:55:19.272642Z
CUST_000352,Emily,Weber,emily.weber352@example.com,515-474-7753,South,2024-10-31T00:33:52.795128Z,2026-01-26T04:22:18.491989Z
CUST_001809,Rohan,Desai,rohan.desai1809@example.com,495-799-5191,West,2025-05-05T04:11:34.954838Z,2026-06-08T17:14:36.000832Z
CUST_001071,Rohan,Miller,rohan.miller1071@example.com,242-632-2700,Central,2025-12-27T17:42:10.775643Z,2026-05-15T07:43:45.825988Z
CUST_001687,Nina,Patel,nina.patel1687@example.com,845-405-1696,Central,2025-01-07T00:32:40.565624Z,2026-03-05T01:33:40.941887Z
CUST_001740,James,Khan,james.khan1740@example.com,760-107-7131,East,2025-11-15T05:15:47.727779Z,2026-02-24T15:54:30.840212Z
CUST_000586,Sofia,Tan,sofia.tan586@example.com,915-225-3288,North,2024-10-31T13:13:39.529342Z,2025-12-09T10:56:43.991332Z
CUST_001119,Arjun,Johnson,arjun.johnson1119@example.com,303-249-5417,Central,2025-01-17T20:33:23.025312Z,2025-01-28T14:25:21.837299Z
CUST_000070,Laura,Nair,laura.nair70@example.com,654-270-5906,West,2026-07-22T01:18:22.393049Z,2026-07-22T13:09:15.556968Z
CUST_001169,Rohan,Tan,rohan.tan1169@example.com,489-358-5002,Central,2024-11-18T17:54:39.602316Z,2025-07-23T16:58:11.658001Z
CUST_001175,James,Rossi,james.rossi1175@example.com,206-962-9020,North,2026-07-14T13:56:21.104955Z,2026-07-25T02:32:37.240469Z
CUST_001512,Tom,Nair,tom.nair1512@example.com,510-358-3154,North,2025-05-05T12:30:17.697581Z,2025-10-03T10:27:35.946221Z
CUST_000231,Daniel,Patel,daniel.patel231@example.com,941-504-9128,North,2026-03-11T05:22:13.952426Z,2026-06-29T05:17:17.467676Z
CUST_001333,Liam,Weber,liam.weber1333@example.com,913-702-7322,South,2025-10-15T14:35:22.858784Z,2026-04-10T20:10:23.277586Z
CUST_001324,Aarav,Lim,aarav.lim1324@example.com,339-405-9689,East,2026-03-10T01:18:58.394616Z,2026-05-26T12:43:55.287280Z
CUST_000016,Meera,Smith,meera.smith16@example.com,763-200-1828,South,2024-10-17T00:05:59.790170Z,2026-01-13T07:10:26.509231Z
CUST_000281,Grace,Tan,grace.tan281@example.com,731-635-2560,North,2026-06-17T15:22:42.709147Z,2026-07-08T20:24:09.879789Z
CUST_000445,Nina,Desai,nina.desai445@example.com,311-247-9857,East,2025-01-30T20:06:58.463031Z,2026-06-17T22:16:06.036554Z
CUST_001966,Omar,Kulkarni,omar.kulkarni1966@example.com,695-221-2756,East,2026-03-23T21:37:07.994808Z,2026-05-23T21:59:29.634343Z
CUST_001677,Olivia,Schmidt,olivia.schmidt1677@example.com,959-964-6159,West,2025-09-14T00:54:42.667733Z,2025-09-26T09:36:08.145750Z
CUST_000068,Ananya,Schmidt,ananya.schmidt68@example.com,619-991-3529,Central,2024-08-16T08:21:39.726353Z,2025-01-10T12:41:05.893140Z
CUST_001711,Chen,Desai,chen.desai1711@example.com,670-141-4110,South,2025-02-15T09:54:19.288423Z,2025-09-18T14:18:35.638513Z
CUST_000625,Tom,Johnson,tom.johnson625@example.com,455-283-8079,South,2025-01-27T05:44:36.100174Z,2026-03-28T12:44:02.251338Z
CUST_001806,Emily,Reddy,emily.reddy1806@example.com,644-414-3295,South,2025-09-09T01:07:35.402370Z,2026-03-12T07:31:48.134470Z
CUST_000898,Nina,Clark,nina.clark898@example.com,314-904-3930,South,2026-01-30T12:55:43.083895Z,2026-05-03T04:00:21.994261Z
CUST_001182,Divya,Clark,divya.clark1182@example.com,690-504-3215,South,2024-11-24T07:51:08.252164Z,2026-06-20T01:32:54.636382Z
CUST_000519,Divya,Lim,divya.lim519@example.com,798-854-7388,North,2025-06-17T13:13:09.112002Z,2025-12-02T05:13:17.460823Z
CUST_000434,Tom,Lim,tom.lim434@example.com,262-744-8752,West,2026-03-01T21:18:51.773199Z,2026-05-06T19:01:18.508307Z
CUST_000245,James,Ahmed,james.ahmed245@example.com,250-502-9043,North,2025-04-01T13:05:18.863918Z,2025-05-20T21:40:38.503660Z
CUST_001863,Tom,Sharma,tom.sharma1863@example.com,789-854-1010,South,2025-05-12T13:36:40.051211Z,2025-08-15T22:19:22.937283Z
CUST_000447,David,Tan,david.tan447@example.com,,North,2025-12-16T22:52:49.505483Z,2026-04-17T03:36:34.980462Z
CUST_000869,Ava,Miller,ava.miller869@example.com,839-885-7607,East,2025-06-10T20:42:12.081239Z,2025-12-15T18:09:06.766150Z
CUST_000707,Liam,Schmidt,liam.schmidt707@example.com,510-972-4609,South,2026-01-20T03:10:14.047828Z,2026-03-27T17:15:18.040989Z
CUST_000120,David,Williams,david.williams120@example.com,709-476-9507,Central,2025-12-22T13:05:27.631718Z,2026-06-17T05:34:18.336814Z
CUST_000928,Daniel,Kulkarni,daniel.kulkarni928@example.com,765-384-2496,North,2026-04-16T02:57:57.138987Z,2026-05-20T16:19:03.217822Z
CUST_001689,Aarav,Ahmed,aarav.ahmed1689@example.com,728-619-6552,West,2025-11-12T20:29:40.288998Z,2026-01-26T02:04:26.566060Z
CUST_000424,Noah,Davis,noah.davis424@example.com,812-211-7208,North,2025-09-20T01:05:13.856721Z,2025-10-25T04:56:37.947132Z
CUST_000195,Chen,Nair,chen.nair195@example.com,889-822-5873,South,2025-11-12T21:08:20.123586Z,2026-02-08T07:19:07.191936Z
CUST_000160,Noah,Rao,noah.rao160@example.com,482-293-2848,North,2025-07-21T19:49:59.926685Z,2025-10-08T00:15:13.070559Z
CUST_000030,Emma,Rossi,emma.rossi30@example.com,572-541-2146,East,2026-06-18T19:20:42.889208Z,2026-06-30T03:46:57.314910Z
CUST_001305,Sarah,Ahmed,sarah.ahmed1305@example.com,608-366-5982,South,2024-10-12T03:28:56.926355Z,2026-04-24T11:33:32.773267Z
CUST_001088,Sofia,Reddy,sofia.reddy1088@example.com,348-981-2114,North,2024-12-09T02:36:10.259069Z,2026-05-15T20:48:26.880563Z
CUST_001435,Lukas,Johnson,lukas.johnson1435@example.com,937-584-6986,East,2025-03-23T08:50:30.047220Z,2026-01-09T11:20:16.596301Z
CUST_000643,Grace,Miller,grace.miller643@example.com,980-490-8002,West,2025-12-07T09:38:34.160221Z,2025-12-12T17:46:11.269789Z
CUST_000982,Olivia,Johnson,olivia.johnson982@example.com,430-553-1668,East,2024-10-24T08:01:31.235372Z,2025-09-20T22:14:15.917646Z
CUST_000654,Fatima,Tan,fatima.tan654@example.com,416-634-1118,West,2024-09-12T08:59:31.496219Z,2024-12-20T10:38:27.352898Z
CUST_001330,Tom,Nair,tom.nair1330@example.com,457-646-9471,North,2025-12-29T00:48:57.562928Z,2026-07-25T00:06:30.617411Z
CUST_000394,Liam,Rao,liam.rao394@example.com,952-944-7232,South,2024-09-12T23:36:38.562203Z,2026-05-27T16:41:56.738315Z
CUST_000493,Arjun,Iyer,arjun.iyer493@example.com,279-119-8934,Central,2025-10-10T03:02:50.691838Z,2025-12-06T16:37:03.491868Z
CUST_000125,Mei,Johnson,mei.johnson125@example.com,325-238-2213,East,2025-12-16T14:05:51.715054Z,2026-02-05T10:42:22.744007Z
CUST_001514,Nina,Iyer,nina.iyer1514@example.com,,South,2025-10-10T07:13:59.666057Z,2026-01-09T20:42:18.460929Z
CUST_000842,Michael,Kulkarni,michael.kulkarni842@example.com,640-631-5558,Central,2024-09-12T03:22:18.173636Z,2025-04-15T03:18:17.510274Z
CUST_001005,Olivia,Khan,olivia.khan1005@example.com,479-519-1167,South,2026-06-01T08:53:57.198701Z,2026-07-18T15:16:38.010936Z
CUST_001977,Ananya,Patel,ananya.patel1977@example.com,316-544-4955,Central,2024-08-10T00:50:41.703900Z,2025-11-20T17:53:38.336216Z
CUST_001727,Grace,Rossi,,697-932-8346,South,2024-12-11T16:25:03.346705Z,2025-12-28T01:25:15.043547Z
CUST_000952,Laura,Khan,laura.khan952@example.com,,South,2026-07-20T08:46:41.940919Z,2026-07-20T10:02:09.888578Z
CUST_000769,Noah,Miller,noah.miller769@example.com,971-454-7559,East,2025-05-09T15:39:03.412433Z,2025-10-18T09:44:29.517300Z
CUST_001424,Emma,Khan,emma.khan1424@example.com,235-303-2992,East,2025-12-20T11:45:09.543264Z,2026-01-31T12:11:58.755861Z
CUST_000421,Rohan,Weber,rohan.weber421@example.com,374-389-6711,North,2025-12-04T03:25:52.748969Z,2026-04-01T03:20:35.680999Z
CUST_001457,Arjun,Reddy,arjun.reddy1457@example.com,505-293-5249,North,2025-08-05T07:05:04.233646Z,2026-05-14T17:35:23.050392Z
CUST_000941,Sofia,Schmidt,sofia.schmidt941@example.com,343-890-2114,West,2026-07-08T23:20:54.378776Z,2026-07-08T14:47:56.225247Z
CUST_000140,Ananya,Miller,ananya.miller140@example.com,811-585-5350,East,2026-07-06T18:36:14.756442Z,2026-07-06T01:37:30.178794Z
CUST_001061,Meera,Williams,meera.williams1061@example.com,668-500-3707,North,2025-09-02T19:18:50.699425Z,2026-02-16T07:04:39.112471Z
CUST_000937,Lisa,Smith,lisa.smith937@example.com,413-777-5193,North,2026-07-23T10:27:50.400982Z,2026-07-23T10:35:35.774915Z
CUST_001089,Omar,Brown,omar.brown1089@example.com,261-870-8075,Central,2025-04-26T12:01:12.704282Z,2025-11-20T23:59:23.409758Z
CUST_000074,Chen,Ahmed,chen.ahmed74@example.com,963-608-5689,West,2024-09-20T11:14:40.199367Z,2026-06-02T19:16:43.792280Z
CUST_000997,Sofia,Jones,sofia.jones997@example.com,267-446-5034,West,2024-11-28T15:12:50.423923Z,2026-06-18T01:22:03.961135Z
CUST_001248,Chen,Smith,chen.smith1248@example.com,399-659-2689,West,2025-03-16T02:43:43.960492Z,2026-06-02T10:11:34.798488Z
CUST_001110,Omar,Kulkarni,omar.kulkarni1110@example.com,633-271-4870,North,2025-11-25T19:45:04.070655Z,2026-07-24T03:17:52.821185Z
CUST_000072,Fatima,Sharma,fatima.sharma72@example.com,494-793-9955,Central,2025-11-20T11:37:19.669975Z,2026-07-08T13:44:16.479027Z
CUST_001555,Meera,Smith,meera.smith1555@example.com,764-758-2233,South,2025-04-03T19:19:06.665103Z,2026-06-07T04:09:48.290505Z
CUST_000743,Olivia,Miller,olivia.miller743@example.com,388-950-1880,South,2026-06-17T10:48:19.172525Z,2026-07-03T06:22:26.505020Z
CUST_000325,Emily,Tan,emily.tan325@example.com,300-535-3193,West,2026-07-15T02:18:38.919356Z,2026-07-24T17:26:16.198202Z
CUST_000372,Lisa,Khan,lisa.khan372@example.com,446-676-9939,South,2025-06-28T23:16:23.474379Z,2026-05-05T14:25:00.761594Z
CUST_000877,Nina,Khan,nina.khan877@example.com,578-129-3509,West,2024-11-15T04:05:26.874579Z,2024-12-24T03:03:28.668444Z
CUST_000423,Laura,Tan,laura.tan423@example.com,377-778-2276,West,2026-02-09T15:07:37.625030Z,2026-04-10T14:20:35.102397Z
CUST_000904,James,Johnson,james.johnson904@example.com,910-918-1800,East,2026-02-04T13:17:47.722325Z,2026-04-07T05:17:32.704055Z
CUST_000251,James,Schmidt,james.schmidt251@example.com,801-635-7874,South,2024-08-13T18:37:37.795216Z,2026-05-13T03:59:06.590016Z
CUST_001984,Sofia,Miller,sofia.miller1984@example.com,690-127-5100,North,2025-09-30T18:24:37.535312Z,2026-02-11T15:59:01.226964Z
CUST_001112,Noah,Sharma,noah.sharma1112@example.com,338-271-1792,South,2024-09-28T07:55:38.874805Z,2025-11-05T11:36:50.292843Z
CUST_000693,Emily,Johnson,emily.johnson693@example.com,311-549-8198,South,2025-02-03T13:00:22.926496Z,2025-11-05T22:12:07.198775Z
CUST_001699,Mei,Iyer,mei.iyer1699@example.com,274-564-7687,North,2025-10-01T12:39:37.952821Z,2026-04-22T19:42:52.161816Z
CUST_000128,Chen,Reddy,chen.reddy128@example.com,275-560-8632,North,2025-06-21T17:40:37.190802Z,2026-05-15T04:27:32.954951Z
CUST_000542,Meera,Jones,meera.jones542@example.com,970-769-3525,West,2025-05-19T13:47:51.966472Z,2026-04-15T09:57:43.632829Z
CUST_000269,Noah,Schmidt,noah.schmidt269@example.com,841-851-5076,North,2026-06-24T09:08:06.402181Z,2026-06-24T16:37:19.175133Z
CUST_001165,Olivia,Ahmed,olivia.ahmed1165@example.com,701-600-5487,West,2026-06-10T13:29:10.064387Z,2026-06-25T01:47:29.549749Z
CUST_001881,Omar,Miller,omar.miller1881@example.com,354-303-8967,North,2025-04-09T04:04:55.144765Z,2025-06-17T12:52:40.541921Z
CUST_000063,Mei,Rao,mei.rao63@example.com,214-665-7684,East,2025-06-15T03:29:07.679172Z,2026-03-24T04:31:59.751413Z
CUST_001234,Ananya,Khan,ananya.khan1234@example.com,375-686-9947,North,2026-01-14T23:43:38.459203Z,2026-05-01T07:48:27.908678Z
CUST_001901,David,Schmidt,david.schmidt1901@example.com,538-295-9559,South,2026-07-05T16:41:13.500497Z,2026-07-11T09:29:20.369375Z
CUST_001507,Noah,Rossi,noah.rossi1507@example.com,,North,2026-01-30T17:36:35.199181Z,2026-04-04T21:51:02.345904Z
CUST_001701,Ava,Miller,ava.miller1701@example.com,460-637-3828,North,2024-12-03T08:57:38.852595Z,2025-08-12T07:06:20.209864Z
CUST_000131,Michael,Tan,michael.tan131@example.com,246-756-5336,North,2024-08-30T13:39:40.031757Z,2024-11-21T15:56:40.572079Z
CUST_000490,Vikram,Schmidt,vikram.schmidt490@example.com,548-266-2678,North,2025-12-10T06:50:57.585792Z,2026-03-25T19:44:53.998763Z
CUST_001436,Rohan,Kulkarni,rohan.kulkarni1436@example.com,577-188-8014,Central,2026-06-07T02:36:49.962919Z,2026-06-11T21:21:21.449068Z
CUST_001202,Ava,Lim,ava.lim1202@example.com,535-498-2561,West,2025-12-22T13:49:35.755274Z,2026-07-04T16:57:00.011190Z
CUST_000575,Sofia,Brown,sofia.brown575@example.com,692-686-6074,North,2024-09-15T12:30:53.755009Z,2025-11-16T19:08:48.145251Z
CUST_000840,Sarah,Weber,sarah.weber840@example.com,285-255-1127,East,2025-02-04T20:29:24.336002Z,2026-07-10T14:11:32.757630Z
CUST_001573,Fatima,Iyer,fatima.iyer1573@example.com,,West,2025-08-03T00:01:35.544207Z,2026-01-18T12:15:50.305859Z
CUST_001270,Tom,Rao,tom.rao1270@example.com,527-669-6047,West,2026-02-05T23:41:29.772921Z,2026-03-29T23:56:31.229497Z
CUST_000704,Sofia,Clark,sofia.clark704@example.com,574-559-2923,North,2026-02-25T13:33:59.998710Z,2026-05-24T16:50:01.175044Z
CUST_000697,Lukas,Kulkarni,lukas.kulkarni697@example.com,917-353-8031,North,2024-11-26T03:44:46.526735Z,2025-08-22T19:11:12.896398Z
CUST_001486,Ava,Weber,ava.weber1486@example.com,450-951-6139,South,2026-01-20T12:40:25.295456Z,2026-05-22T12:47:19.812720Z
CUST_000053,Michael,Kulkarni,michael.kulkarni53@example.com,689-216-2070,Central,2025-04-16T20:43:03.159097Z,2026-07-01T04:51:36.995230Z
CUST_001278,Mei,Desai,mei.desai1278@example.com,681-184-4447,Central,2026-03-14T19:07:09.417143Z,2026-06-28T01:40:09.767301Z
CUST_001807,David,Desai,david.desai1807@example.com,968-465-7248,North,2026-03-22T11:37:48.165623Z,2026-06-30T20:11:31.718598Z
CUST_001367,Tom,Khan,tom.khan1367@example.com,519-675-6361,North,2025-12-30T20:09:51.595053Z,2026-05-25T16:29:26.621908Z
CUST_001037,Noah,Miller,noah.miller1037@example.com,962-790-2445,North,2025-10-31T11:44:43.634919Z,2025-11-06T21:04:36.275185Z
CUST_000682,David,Rao,david.rao682@example.com,379-639-6022,South,2024-11-16T03:33:22.734480Z,2025-03-22T18:55:18.578333Z
CUST_000311,Laura,Smith,laura.smith311@example.com,691-573-8296,West,2024-12-16T17:06:11.676909Z,2025-11-20T19:05:53.294247Z
CUST_000875,Ava,Sharma,ava.sharma875@example.com,399-105-6085,North,2025-08-05T08:32:58.013625Z,2026-05-01T19:17:02.678657Z
CUST_001224,Rohan,Ahmed,rohan.ahmed1224@example.com,226-149-2084,North,2026-04-19T20:17:05.307269Z,2026-05-31T20:38:04.899507Z
CUST_001541,Divya,Desai,divya.desai1541@example.com,921-107-6470,South,2026-04-26T13:05:23.663611Z,2026-05-03T09:28:42.258275Z
CUST_001813,Grace,Clark,grace.clark1813@example.com,519-311-2381,South,2025-04-07T08:14:27.504764Z,2025-05-20T17:26:10.661973Z
CUST_001425,Aarav,Lim,aarav.lim1425@example.com,452-452-3094,East,2026-03-13T11:52:57.901572Z,2026-07-15T21:43:13.953726Z
CUST_000144,Tom,Desai,tom.desai144@example.com,691-457-5480,East,2025-12-14T17:24:57.413697Z,2026-03-05T11:49:51.153591Z
CUST_000525,Lisa,Patel,lisa.patel525@example.com,856-239-1050,East,2025-02-05T10:36:05.116211Z,2026-05-05T05:15:33.748226Z
CUST_001127,Sofia,Schmidt,sofia.schmidt1127@example.com,780-439-5900,South,2025-09-14T15:59:42.069542Z,2026-04-16T10:59:56.059667Z
CUST_000758,Emma,Sharma,emma.sharma758@example.com,278-315-7879,South,2025-12-12T14:51:10.188540Z,2026-05-21T09:00:57.187356Z
CUST_000689,Ava,Schmidt,ava.schmidt689@example.com,575-959-3184,Central,2025-01-27T13:31:24.178765Z,2025-04-13T11:07:21.958445Z
CUST_001126,David,Patel,david.patel1126@example.com,463-209-3424,Central,2025-06-04T07:56:15.486903Z,2026-07-19T04:59:06.731257Z
CUST_001799,Ava,Lim,ava.lim1799@example.com,203-444-1215,North,2024-10-05T02:32:42.098611Z,2025-12-31T12:36:35.075293Z
CUST_001020,Daniel,Rao,daniel.rao1020@example.com,523-725-9693,West,2024-12-12T21:06:50.068533Z,2026-04-24T02:01:00.964870Z
CUST_001518,Omar,Iyer,omar.iyer1518@example.com,360-535-5435,East,2025-11-18T07:39:22.582678Z,2026-03-24T10:45:43.336832Z
CUST_001400,Emily,Clark,emily.clark1400@example.com,295-527-6496,North,2024-12-12T12:12:00.715319Z,2026-05-11T01:22:45.831570Z
CUST_001158,Liam,Weber,liam.weber1158@example.com,754-209-5330,North,2025-08-05T07:05:21.176559Z,2026-02-28T05:41:58.596655Z
CUST_000084,Aarav,Iyer,aarav.iyer84@example.com,531-116-3854,North,2025-04-01T13:33:07.781886Z,2026-01-27T02:30:28.815809Z
CUST_000527,Sarah,Desai,sarah.desai527@example.com,602-997-7182,North,2025-08-12T07:01:01.967953Z,2025-11-13T17:41:39.657066Z
CUST_001529,Divya,Ahmed,divya.ahmed1529@example.com,921-187-9852,East,2025-01-15T09:57:18.178468Z,2025-04-22T20:18:24.290387Z
CUST_001266,Liam,Brown,liam.brown1266@example.com,964-471-5352,South,2025-06-25T18:02:20.149365Z,2025-11-05T19:05:32.856338Z
CUST_000765,Vikram,Williams,vikram.williams765@example.com,211-834-6388,North,2025-06-23T10:57:14.588922Z,2026-06-10T02:24:18.631035Z
CUST_001906,Rohan,Tan,rohan.tan1906@example.com,922-253-9936,South,2025-07-02T07:15:37.688005Z,2026-02-12T18:49:48.533913Z
CUST_000259,Lisa,Ahmed,lisa.ahmed259@example.com,815-920-1138,North,2024-12-14T09:45:45.673962Z,2025-06-09T08:27:57.394763Z
CUST_000807,Omar,Sharma,omar.sharma807@example.com,915-560-7187,Central,2025-06-25T17:12:12.264760Z,2025-08-19T15:28:43.299986Z
CUST_000265,Rohan,Rao,rohan.rao265@example.com,539-480-5269,South,2025-06-11T03:30:03.908479Z,2026-01-12T20:37:37.990171Z
CUST_001172,Nina,Rao,nina.rao1172@example.com,641-675-1269,South,2025-12-18T04:14:26.908645Z,2026-02-14T01:13:29.432390Z
CUST_000198,Tom,Davis,tom.davis198@example.com,231-914-4613,South,2024-10-24T17:18:10.818665Z,2026-05-25T14:36:47.810074Z
CUST_001218,Laura,Sharma,laura.sharma1218@example.com,516-675-4737,East,2025-01-26T21:42:38.951960Z,2025-09-04T11:41:15.942168Z
CUST_000600,Lukas,Williams,lukas.williams600@example.com,212-709-2106,East,2024-11-19T18:08:40.533618Z,2025-03-04T08:22:26.504783Z
CUST_001117,Nina,Jones,nina.jones1117@example.com,409-574-3136,South,2025-11-20T04:57:40.967570Z,2026-02-23T03:18:23.055699Z
CUST_001591,Vikram,Iyer,vikram.iyer1591@example.com,652-518-9942,North,2024-10-18T08:50:39.307706Z,2026-07-16T15:29:53.084430Z
CUST_000426,Ava,Ahmed,ava.ahmed426@example.com,291-696-1133,South,2025-10-20T04:54:18.065442Z,2026-04-14T11:57:35.055708Z
CUST_001350,Michael,Johnson,michael.johnson1350@example.com,892-909-2600,South,2026-03-26T00:29:53.788106Z,2026-05-05T12:58:11.003678Z
CUST_001957,Fatima,Johnson,fatima.johnson1957@example.com,973-800-4603,South,2025-08-02T13:08:30.195535Z,2026-01-09T17:54:06.435927Z
CUST_001850,Mei,Rao,mei.rao1850@example.com,308-705-6582,Central,2024-09-01T21:58:25.218321Z,2025-09-14T11:23:49.529390Z
CUST_001318,Ava,Reddy,ava.reddy1318@example.com,808-651-9955,West,2024-12-08T23:00:55.420169Z,2025-08-29T14:53:35.152526Z
CUST_001335,Laura,Smith,laura.smith1335@example.com,867-578-6546,South,2025-08-12T02:07:08.990342Z,2026-01-05T06:09:59.747556Z
CUST_000992,Meera,Clark,meera.clark992@example.com,292-288-5268,South,2025-04-16T20:40:05.356222Z,2025-12-27T14:48:06.549314Z
CUST_001509,Daniel,Brown,daniel.brown1509@example.com,417-147-6651,Central,2024-09-18T12:06:37.931769Z,2024-09-18T19:22:41.213181Z
CUST_001660,Tom,Brown,tom.brown1660@example.com,433-574-3842,North,2026-03-10T14:52:27.691048Z,2026-06-01T04:54:14.706002Z
CUST_000684,Nina,Tan,nina.tan684@example.com,725-830-3547,North,2024-08-10T18:47:17.055432Z,2026-07-14T23:40:23.741870Z
CUST_001096,Lukas,Kulkarni,lukas.kulkarni1096@example.com,452-310-6527,North,2025-05-26T15:23:15.410654Z,2026-04-17T15:45:17.977780Z
CUST_001297,Rohan,Nair,rohan.nair1297@example.com,882-578-3036,North,2026-03-26T23:41:16.614008Z,2026-05-27T07:34:49.987209Z
CUST_000816,Lisa,Jones,lisa.jones816@example.com,762-241-2893,East,2025-10-15T11:22:12.359793Z,2026-05-21T13:58:03.249739Z
CUST_001477,Olivia,Brown,olivia.brown1477@example.com,900-457-2169,East,2025-08-22T06:50:43.469966Z,2026-05-08T15:16:39.736090Z
CUST_000083,Arjun,Tan,arjun.tan83@example.com,992-251-1046,North,2025-03-27T04:34:16.837302Z,2025-09-11T05:07:42.908536Z
CUST_001802,Emily,Sharma,emily.sharma1802@example.com,593-824-4066,East,2026-05-24T13:24:28.482009Z,2026-06-30T03:38:47.395893Z
CUST_001728,David,Jones,david.jones1728@example.com,245-232-9698,North,2024-08-09T20:27:17.878098Z,2025-08-23T00:39:34.616319Z
CUST_001219,Lukas,Iyer,lukas.iyer1219@example.com,491-947-1050,East,2026-02-26T21:07:09.946076Z,2026-03-02T22:36:39.455237Z
CUST_001700,Chen,Lim,chen.lim1700@example.com,420-428-8822,West,2026-02-13T16:29:45.519498Z,2026-04-17T14:39:11.390247Z
CUST_001436,Rohan,Kulkarni,rohan.kulkarni1436@example.com,577-188-8014,Central,2026-06-07T02:36:49.962919Z,2026-06-11T21:21:21.449068Z
CUST_000178,Emma,Clark,emma.clark178@example.com,554-154-2600,East,2025-12-26T10:38:49.643684Z,2026-07-04T19:25:49.342230Z
CUST_001339,Noah,Iyer,noah.iyer1339@example.com,435-412-1193,North,2025-03-23T22:50:40.776267Z,2025-09-08T03:32:04.749894Z
CUST_000637,Chen,Clark,chen.clark637@example.com,831-877-3032,Central,2025-03-27T07:39:05.062833Z,2025-04-06T04:23:31.311023Z
CUST_001592,Fatima,Kulkarni,fatima.kulkarni1592@example.com,570-115-1598,East,2026-05-17T16:19:32.593101Z,2026-06-12T15:19:09.131652Z
CUST_000338,Divya,Lim,divya.lim338@example.com,280-792-9071,South,2024-11-18T17:02:54.505719Z,2025-03-20T11:39:20.516256Z
CUST_001765,Rohan,Schmidt,rohan.schmidt1765@example.com,503-105-3354,East,2025-11-27T06:33:26.956457Z,2026-07-23T17:27:01.537456Z
CUST_001871,Noah,Iyer,noah.iyer1871@example.com,906-732-2485,East,2025-09-06T09:10:38.145578Z,2025-12-09T04:01:19.091239Z
CUST_000873,Sarah,Schmidt,sarah.schmidt873@example.com,419-270-5550,South,2024-10-20T17:28:31.728864Z,2026-07-01T08:43:07.585005Z
CUST_000854,Michael,Iyer,michael.iyer854@example.com,588-192-6460,East,2024-08-21T17:04:41.051605Z,2024-09-11T16:13:23.561483Z
CUST_000619,Lisa,Clark,lisa.clark619@example.com,223-681-1527,South,2025-06-30T10:36:40.837965Z,2026-04-26T19:58:38.601755Z
CUST_001292,Emily,Davis,emily.davis1292@example.com,937-210-6615,North,2026-03-30T06:32:02.428434Z,2026-04-02T14:06:15.056500Z
CUST_001525,Rohan,Williams,rohan.williams1525@example.com,618-434-4484,North,2025-10-30T15:51:51.822344Z,2026-04-04T16:03:06.536749Z
CUST_001916,Ava,Johnson,ava.johnson1916@example.com,898-829-6972,Central,2026-06-22T06:44:11.133362Z,2026-07-16T02:37:04.797168Z
CUST_001828,Olivia,Khan,olivia.khan1828@example.com,962-740-9962,East,2025-10-03T06:42:18.430780Z,2026-01-11T17:21:32.785470Z
CUST_000989,Sofia,Clark,sofia.clark989@example.com,783-917-9322,East,2025-07-05T17:43:37.329733Z,2025-11-01T00:39:03.746705Z
CUST_000598,Priya,Davis,priya.davis598@example.com,642-167-2668,North,2026-04-18T09:54:24.421195Z,2026-07-07T03:39:48.431077Z
CUST_000766,Arjun,Schmidt,arjun.schmidt766@example.com,933-722-2225,North,2026-02-26T21:48:27.333219Z,2026-05-08T10:12:12.052072Z
CUST_001539,Tom,Schmidt,tom.schmidt1539@example.com,714-834-3015,South,2026-01-30T04:19:13.749347Z,2026-02-24T14:13:25.073063Z
CUST_000408,Michael,Brown,michael.brown408@example.com,211-755-4296,East,2026-05-15T02:19:19.531302Z,2026-06-11T17:20:49.006429Z
CUST_001611,Aarav,Sharma,aarav.sharma1611@example.com,815-928-2222,South,2024-11-18T07:02:09.105836Z,2026-01-27T11:58:04.395372Z
CUST_000554,Lukas,Sharma,lukas.sharma554@example.com,265-374-7834,South,2025-06-20T19:41:22.470103Z,2026-03-30T22:27:01.169170Z
CUST_000742,Arjun,Patel,arjun.patel742@example.com,633-376-5129,North,2024-08-24T02:17:25.085678Z,2026-07-25T09:55:45.473349Z
CUST_001619,Tom,Davis,tom.davis1619@example.com,365-676-3830,East,2025-08-28T12:43:33.422394Z,2025-09-22T04:57:28.194968Z
CUST_001006,Omar,Clark,omar.clark1006@example.com,331-778-4653,South,2026-07-14T05:57:50.512267Z,2026-07-21T02:11:34.343281Z
CUST_001632,Sofia,Sharma,sofia.sharma1632@example.com,959-507-6326,South,2026-02-28T11:39:46.642513Z,2026-03-08T17:20:06.732829Z
CUST_001091,Rohan,Miller,rohan.miller1091@example.com,775-186-3384,East,2025-10-02T08:25:17.487070Z,2025-11-04T20:51:58.358070Z
CUST_001763,Lisa,Brown,lisa.brown1763@example.com,,Central,2025-07-27T01:24:33.468095Z,2025-09-16T10:33:50.848607Z
CUST_000136,Sofia,Sharma,sofia.sharma136@example.com,470-844-6992,West,2025-10-16T12:03:36.589107Z,2025-12-23T06:23:35.302620Z
CUST_000678,Noah,Patel,noah.patel678@example.com,506-976-4526,North,2025-02-09T06:37:22.290870Z,2025-07-04T04:46:39.442514Z
CUST_001646,Meera,Ahmed,meera.ahmed1646@example.com,522-995-3251,West,2026-01-28T22:06:04.371020Z,2026-04-06T22:14:55.347985Z
CUST_000244,Liam,Weber,liam.weber244@example.com,821-544-3573,East,2025-10-16T06:26:44.581028Z,2026-01-08T23:59:46.566362Z
CUST_001742,Noah,Iyer,noah.iyer1742@example.com,690-317-3183,East,2026-04-11T12:18:16.041857Z,2026-07-09T05:55:35.966325Z
CUST_000614,Rohan,Brown,rohan.brown614@example.com,725-659-2280,Central,2025-05-29T03:07:04.377735Z,2026-02-09T01:34:12.349970Z
CUST_000237,Michael,Lim,michael.lim237@example.com,934-281-6301,North,2024-12-12T22:58:09.811982Z,2025-11-25T03:54:33.902477Z
CUST_000895,Michael,Jones,michael.jones895@example.com,491-418-7337,East,2025-10-10T08:26:11.171487Z,2025-12-26T12:43:33.874756Z
CUST_000868,Daniel,Williams,daniel.williams868@example.com,808-260-2093,North,2026-05-02T07:22:40.014815Z,2026-06-30T06:17:18.860623Z
CUST_000006,Tom,Rossi,tom.rossi6@example.com,434-941-1525,North,2025-06-29T02:13:58.988712Z,2025-07-27T18:56:45.329963Z
CUST_001145,David,Rossi,david.rossi1145@example.com,214-801-8036,East,2025-01-29T15:01:06.136186Z,2025-08-22T23:46:16.177233Z
CUST_000739,Tom,Rossi,tom.rossi739@example.com,584-262-7541,North,2024-11-16T14:42:05.365887Z,2025-09-09T14:29:41.561109Z
CUST_001235,Noah,Rao,noah.rao1235@example.com,317-968-9442,West,2026-02-04T10:26:01.354912Z,2026-04-07T07:36:48.471485Z
CUST_001361,Priya,Williams,priya.williams1361@example.com,202-965-3318,South,2025-12-31T15:53:00.744810Z,2026-02-01T18:01:46.052199Z
CUST_001307,Fatima,Reddy,fatima.reddy1307@example.com,589-676-2394,West,2025-02-01T20:42:05.979525Z,2025-08-13T05:32:57.523957Z
CUST_000032,David,Rossi,david.rossi32@example.com,415-540-6279,West,2025-06-08T06:32:30.832291Z,2025-11-01T23:10:42.088914Z
CUST_000918,Ananya,Clark,ananya.clark918@example.com,931-124-8184,West,2026-05-25T09:51:25.868543Z,2026-06-28T23:49:02.381024Z
CUST_001491,Aarav,Patel,aarav.patel1491@example.com,752-444-4168,North,2025-02-18T03:00:20.662499Z,2025-08-02T01:20:51.188177Z
CUST_000745,Michael,Ahmed,michael.ahmed745@example.com,354-569-3416,Central,2025-06-21T21:26:16.545984Z,2025-06-28T23:00:28.989146Z
CUST_000620,Olivia,Jones,olivia.jones620@example.com,265-647-7331,Central,2025-02-26T18:28:40.938206Z,2026-04-02T09:05:10.109380Z
CUST_001077,Mei,Brown,mei.brown1077@example.com,227-489-1633,Central,2026-07-03T02:30:16.570147Z,2026-07-18T02:05:15.759461Z
CUST_000539,Aarav,Johnson,aarav.johnson539@example.com,603-482-2737,East,2026-06-28T02:29:53.742084Z,2026-07-01T21:30:29.658879Z
CUST_000760,Mei,Sharma,mei.sharma760@example.com,979-256-4543,South,2026-01-13T06:01:20.145295Z,2026-05-24T07:05:46.725196Z
CUST_000385,Aarav,Johnson,aarav.johnson385@example.com,436-489-9331,West,2026-05-27T10:31:55.626111Z,2026-06-20T17:05:11.208535Z
CUST_001214,Rohan,Johnson,rohan.johnson1214@example.com,931-563-5181,North,2025-02-03T19:45:36.654076Z,2025-02-19T20:26:49.654818Z
CUST_001779,Divya,Khan,divya.khan1779@example.com,793-127-3482,South,2025-11-05T21:52:36.059364Z,2026-07-20T01:45:52.835270Z
CUST_000695,Tom,Iyer,tom.iyer695@example.com,943-859-7370,South,2025-09-14T00:08:09.360836Z,2026-05-28T16:00:49.717684Z
CUST_000280,Fatima,Iyer,fatima.iyer280@example.com,621-551-1753,South,2025-12-13T00:45:55.710859Z,2026-01-10T16:49:47.604660Z
CUST_001447,Chen,Khan,chen.khan1447@example.com,428-428-4373,South,2026-03-06T14:46:00.187953Z,2026-06-11T11:22:07.169357Z
CUST_001322,Nina,Brown,nina.brown1322@example.com,559-216-2153,North,2025-08-26T23:03:14.872964Z,2025-09-17T19:34:48.808758Z
CUST_000243,Emma,Patel,emma.patel243@example.com,307-175-6600,North,2025-06-23T23:04:35.987584Z,2025-11-03T02:21:38.643453Z
CUST_000394,Liam,Rao,liam.rao394@example.com,952-944-7232,South,2024-09-12T23:36:38.562203Z,2026-05-27T16:41:56.738315Z
CUST_000948,Emily,Reddy,emily.reddy948@example.com,873-313-4304,South,2025-06-19T08:14:59.964562Z,2025-10-14T06:49:22.028622Z
CUST_001959,Meera,Miller,meera.miller1959@example.com,971-534-1470,North,2024-11-12T16:50:41.463549Z,2025-05-08T12:10:00.617774Z
CUST_001105,Noah,Davis,noah.davis1105@example.com,920-179-7187,East,2025-08-17T06:20:22.424780Z,2025-10-29T08:15:45.304798Z
CUST_001087,Emma,Iyer,emma.iyer1087@example.com,691-920-4498,South,2025-04-07T15:13:06.180793Z,2026-06-21T12:35:40.657488Z
CUST_001912,Vikram,Clark,vikram.clark1912@example.com,599-303-1017,West,2026-05-31T14:58:05.153539Z,2026-07-02T02:03:52.148432Z
CUST_000746,Noah,Iyer,noah.iyer746@example.com,237-323-4074,East,2026-05-17T05:38:24.226636Z,2026-05-29T11:13:12.712641Z
CUST_001567,Ananya,Jones,ananya.jones1567@example.com,788-783-2809,North,2024-11-17T18:59:53.095335Z,2025-03-05T05:51:27.566747Z
CUST_000013,Divya,Reddy,,435-702-4608,South,2026-03-26T01:14:04.949401Z,2026-06-04T01:55:21.074299Z
CUST_001778,Liam,Jones,liam.jones1778@example.com,519-524-9990,West,2025-07-15T13:59:09.247009Z,2026-04-29T04:29:46.151426Z
CUST_001769,Ava,Tan,ava.tan1769@example.com,544-256-5402,West,2024-12-17T19:17:33.013822Z,2025-09-22T09:20:58.044289Z
CUST_000902,Divya,Schmidt,divya.schmidt902@example.com,534-481-1627,East,2024-09-11T20:51:56.106034Z,2024-11-28T12:32:46.082590Z
CUST_000800,Fatima,Rao,fatima.rao800@example.com,687-591-5751,North,2026-07-18T18:31:23.700133Z,2026-07-21T08:25:24.731541Z
CUST_000987,Daniel,Lim,daniel.lim987@example.com,266-275-1362,South,2026-03-29T01:57:22.499779Z,2026-05-23T22:09:04.715136Z
CUST_001645,Lukas,Khan,lukas.khan1645@example.com,305-245-1416,Central,2025-04-15T14:51:49.239671Z,2025-10-28T00:00:36.621901Z
CUST_000412,Meera,Lim,meera.lim412@example.com,522-826-1518,North,2025-06-12T07:23:28.869749Z,2026-06-08T09:13:33.317003Z
CUST_000561,Grace,Nair,grace.nair561@example.com,341-225-4307,North,2025-08-08T00:15:53.848450Z,2026-01-26T15:21:18.529554Z
CUST_001192,Meera,Iyer,meera.iyer1192@example.com,248-225-7417,North,2025-05-02T17:58:33.774379Z,2026-06-16T00:16:40.768905Z
CUST_001610,Lisa,Smith,lisa.smith1610@example.com,416-819-2843,Central,2025-01-08T18:08:18.568149Z,2025-10-23T09:32:04.231096Z
CUST_000535,Laura,Johnson,laura.johnson535@example.com,979-370-9470,Central,2025-04-27T10:47:31.800771Z,2026-03-06T04:35:54.967681Z
CUST_001311,Meera,Johnson,meera.johnson1311@example.com,918-755-5637,East,2026-04-12T17:15:46.277695Z,2026-06-04T19:27:01.278548Z
CUST_001255,Emma,Nair,emma.nair1255@example.com,994-462-3905,North,2024-10-29T03:44:37.549161Z,2024-12-04T15:35:03.634463Z
CUST_000795,Sofia,Tan,sofia.tan795@example.com,328-512-1097,West,2024-09-24T16:29:53.056986Z,2025-10-31T02:03:17.870207Z
CUST_001652,Meera,Williams,meera.williams1652@example.com,614-907-3816,East,2025-12-03T12:30:08.690447Z,2026-01-06T18:49:10.380017Z
CUST_001517,Liam,Lim,liam.lim1517@example.com,330-774-4028,North,2025-04-13T02:59:45.816979Z,2025-10-31T15:15:59.816631Z
CUST_000499,Sarah,Miller,,895-476-3937,North,2024-10-11T21:06:25.459337Z,2026-02-10T16:42:43.089135Z
CUST_000675,Emma,Khan,,385-982-3948,North,2025-03-01T10:07:02.135073Z,2025-06-29T18:13:41.169041Z
CUST_000771,Meera,Reddy,meera.reddy771@example.com,205-804-1860,North,2025-08-13T03:03:19.078687Z,2026-05-15T08:21:44.642515Z
CUST_000715,Michael,Clark,michael.clark715@example.com,977-676-8279,North,2024-12-21T15:09:15.058589Z,2026-04-26T17:44:17.657966Z
CUST_000402,Sofia,Smith,sofia.smith402@example.com,250-289-3429,East,2026-02-22T04:54:02.699396Z,2026-04-16T18:53:38.312938Z
CUST_001858,Ava,Ahmed,ava.ahmed1858@example.com,241-713-8608,South,2025-12-15T17:01:54.076323Z,2026-05-06T00:57:19.107297Z
CUST_001531,Chen,Brown,chen.brown1531@example.com,959-213-1841,West,2024-12-08T23:37:29.766643Z,2026-05-22T17:38:42.940776Z
CUST_001038,Grace,Williams,grace.williams1038@example.com,711-407-9013,South,2025-12-05T06:14:37.178837Z,2026-03-09T01:44:22.429635Z
CUST_001860,Sofia,Miller,sofia.miller1860@example.com,843-231-1596,West,2025-05-22T21:35:59.639886Z,2026-06-01T07:01:24.232797Z
CUST_001638,Sofia,Tan,sofia.tan1638@example.com,377-260-6709,Central,2026-03-22T05:00:10.256564Z,2026-04-19T11:04:02.161443Z
CUST_000876,James,Khan,james.khan876@example.com,480-740-1937,South,2024-09-14T22:59:30.637058Z,2025-05-31T20:29:31.182212Z
CUST_001564,Rohan,Khan,rohan.khan1564@example.com,385-319-5421,South,2024-12-26T23:58:59.696588Z,2025-12-11T23:01:37.284790Z
CUST_001710,Nina,Brown,nina.brown1710@example.com,975-689-3938,North,2025-10-04T10:53:39.780361Z,2025-11-17T18:38:46.074430Z
CUST_001312,Daniel,Schmidt,daniel.schmidt1312@example.com,211-256-6538,South,2024-10-06T11:37:48.254969Z,2026-01-03T20:26:17.568977Z
CUST_001279,Vikram,Nair,vikram.nair1279@example.com,619-577-3287,North,2024-11-29T23:43:05.121565Z,2026-03-15T03:24:25.109581Z
CUST_000483,Daniel,Johnson,daniel.johnson483@example.com,342-955-2410,North,2025-10-09T16:21:04.978481Z,2026-05-09T18:48:24.092744Z
CUST_000935,Fatima,Kulkarni,fatima.kulkarni935@example.com,869-709-7830,South,2026-01-11T08:30:59.897830Z,2026-05-12T09:23:09.321107Z
CUST_000979,Michael,Johnson,michael.johnson979@example.com,520-736-9146,North,2024-11-01T06:16:54.741758Z,2025-12-21T15:22:21.845044Z
CUST_000229,Daniel,Rossi,daniel.rossi229@example.com,673-204-3290,West,2025-04-13T07:08:12.863684Z,2025-05-31T12:23:43.660914Z
CUST_001691,Vikram,Sharma,vikram.sharma1691@example.com,258-750-3870,North,2024-12-01T21:57:56.277413Z,2026-03-13T08:17:13.341902Z
CUST_001612,Nina,Brown,nina.brown1612@example.com,915-397-7623,West,2026-02-15T21:55:59.644312Z,2026-05-25T10:14:19.576665Z
CUST_001195,Liam,Miller,liam.miller1195@example.com,939-842-9656,West,2024-12-12T08:05:29.915872Z,2025-12-24T01:52:24.305791Z
CUST_001423,Rohan,Johnson,rohan.johnson1423@example.com,399-222-7970,North,2025-11-18T18:44:50.129413Z,2026-05-06T06:48:25.554787Z
CUST_000788,Michael,Lim,michael.lim788@example.com,495-212-1136,North,2025-11-09T14:43:09.548600Z,2026-05-05T09:39:35.696590Z
CUST_001384,Ava,Rossi,ava.rossi1384@example.com,934-549-8823,North,2026-02-11T07:30:32.280028Z,2026-05-21T22:43:08.751468Z
CUST_000638,Arjun,Iyer,arjun.iyer638@example.com,443-842-8270,South,2026-05-20T08:20:41.825198Z,2026-05-24T01:33:50.435047Z
CUST_000636,Vikram,Williams,vikram.williams636@example.com,882-593-2106,North,2026-07-06T18:28:24.535849Z,2026-07-16T20:47:14.527874Z
CUST_001624,James,Sharma,james.sharma1624@example.com,955-429-7741,South,2026-06-30T16:38:56.485882Z,2026-07-20T15:45:21.360984Z
CUST_000500,Ananya,Iyer,ananya.iyer500@example.com,304-859-3764,South,2026-07-13T10:12:38.885029Z,2026-07-22T12:07:14.878821Z
CUST_000738,Lukas,Lim,lukas.lim738@example.com,898-523-9289,Central,2025-08-18T21:02:39.675143Z,2025-09-29T01:47:50.256709Z
CUST_000480,Aarav,Jones,aarav.jones480@example.com,565-194-6347,East,2025-03-14T18:33:14.819234Z,2025-10-28T08:12:01.087649Z
CUST_001787,Divya,Smith,divya.smith1787@example.com,647-777-5977,Central,2026-01-06T01:15:45.331541Z,2026-06-24T01:26:31.343831Z
CUST_001188,Sofia,Weber,sofia.weber1188@example.com,354-279-5734,North,2026-01-17T10:24:30.042344Z,2026-02-05T16:27:29.027526Z
CUST_000984,Laura,Kulkarni,laura.kulkarni984@example.com,842-689-7342,West,2026-03-18T11:51:51.276359Z,2026-06-28T13:23:23.943773Z
CUST_001780,Lisa,Miller,lisa.miller1780@example.com,931-655-8340,South,2025-05-07T08:51:29.468323Z,2026-06-20T18:20:45.272095Z
CUST_001723,Divya,Kulkarni,divya.kulkarni1723@example.com,871-512-1529,East,2024-11-23T21:43:10.153868Z,2026-07-24T00:20:14.629795Z
CUST_000332,Priya,Brown,priya.brown332@example.com,288-382-7544,North,2024-08-01T18:12:33.016112Z,2025-01-09T23:45:04.963827Z
CUST_001900,Priya,Desai,priya.desai1900@example.com,854-875-1585,Central,2026-01-04T01:18:03.285148Z,2026-05-31T07:04:22.425372Z
CUST_000702,Lukas,Lim,lukas.lim702@example.com,415-698-7292,South,2026-05-28T20:47:38.126200Z,2026-06-14T01:37:58.926984Z
CUST_001183,Sofia,Reddy,sofia.reddy1183@example.com,547-637-9807,North,2026-02-17T17:08:52.186971Z,2026-03-10T01:27:31.891546Z
CUST_001356,Olivia,Reddy,olivia.reddy1356@example.com,909-708-4878,East,2025-08-22T04:27:56.735620Z,2025-09-02T11:29:54.661714Z
CUST_001309,James,Patel,james.patel1309@example.com,320-364-2448,East,2025-03-23T11:27:02.518369Z,2026-03-23T17:41:15.185628Z
CUST_000478,Sofia,Kulkarni,sofia.kulkarni478@example.com,614-611-3381,South,2024-12-03T04:00:47.572675Z,2024-12-28T16:21:41.739719Z
CUST_000476,Lisa,Patel,lisa.patel476@example.com,370-733-3634,North,2025-05-19T05:53:45.726515Z,2026-01-07T21:50:09.169087Z
CUST_000466,Rohan,Rossi,rohan.rossi466@example.com,616-323-3174,West,2026-07-11T02:01:30.701534Z,2026-07-22T09:10:45.481592Z
CUST_000573,Nina,Patel,nina.patel573@example.com,321-716-7694,West,2026-02-24T09:02:33.160751Z,2026-05-29T03:23:19.392649Z
CUST_001639,Emma,Brown,emma.brown1639@example.com,260-216-4706,Central,2025-07-06T22:43:57.035012Z,2025-12-29T07:54:25.609112Z
CUST_001359,Ananya,Rossi,ananya.rossi1359@example.com,487-194-7599,East,2026-05-23T05:10:09.632457Z,2026-06-10T15:21:32.616179Z
CUST_001833,Lisa,Davis,lisa.davis1833@example.com,484-958-3361,South,2025-06-28T20:10:24.883370Z,2026-05-22T22:18:22.787116Z
CUST_001872,Laura,Davis,laura.davis1872@example.com,567-800-4944,South,2025-01-29T12:38:13.497904Z,2025-05-31T00:25:14.132332Z
CUST_000177,Vikram,Clark,vikram.clark177@example.com,366-677-4939,West,2024-10-18T21:57:34.347843Z,2025-08-20T12:48:47.146748Z
CUST_001377,Ava,Smith,ava.smith1377@example.com,200-184-3215,East,2024-10-25T18:22:55.062412Z,2025-04-24T00:10:55.437970Z
CUST_000587,Michael,Khan,michael.khan587@example.com,451-778-6269,North,2025-11-07T19:21:01.958417Z,2026-03-26T22:08:41.967057Z
CUST_001233,Vikram,Davis,vikram.davis1233@example.com,725-274-4058,West,2025-12-25T20:05:56.515454Z,2026-06-13T18:34:52.191251Z
CUST_001670,James,Smith,james.smith1670@example.com,945-484-2349,North,2024-09-22T20:54:22.921142Z,2025-11-01T13:16:57.434208Z
CUST_000349,Liam,Weber,liam.weber349@example.com,736-883-2363,South,2024-08-27T02:41:59.928483Z,2025-10-07T12:19:14.259414Z
CUST_001981,David,Davis,david.davis1981@example.com,572-606-4399,South,2024-08-26T16:30:47.300412Z,2025-09-11T01:10:46.146580Z
CUST_001875,Meera,Clark,meera.clark1875@example.com,301-485-3395,East,2025-07-16T22:45:43.294411Z,2026-02-21T22:31:04.539096Z
CUST_001222,Ava,Nair,ava.nair1222@example.com,608-654-3440,North,2025-02-13T09:54:32.285109Z,2025-11-13T20:57:02.896151Z
CUST_000107,Lukas,Brown,lukas.brown107@example.com,419-449-8967,North,2025-06-13T04:04:18.885447Z,2025-09-13T03:32:49.565990Z
CUST_001928,Divya,Miller,divya.miller1928@example.com,225-624-2349,South,2026-01-29T20:27:33.070023Z,2026-07-12T11:54:55.798000Z
CUST_000965,Mei,Iyer,mei.iyer965@example.com,248-919-9735,East,2026-01-26T16:10:23.166461Z,2026-06-09T03:43:10.665748Z
CUST_000906,Michael,Nair,michael.nair906@example.com,426-165-5715,North,2024-08-19T14:37:26.665607Z,2025-07-17T19:21:34.407937Z
CUST_000152,Lisa,Smith,lisa.smith152@example.com,940-686-1187,Central,2025-06-06T07:03:42.123967Z,2026-03-31T14:19:10.425110Z
CUST_000227,Meera,Davis,meera.davis227@example.com,748-466-4401,South,2025-09-21T03:05:10.846826Z,2025-11-21T21:19:52.738936Z
CUST_001956,Emily,Johnson,emily.johnson1956@example.com,847-874-8067,South,2024-10-22T20:05:37.243427Z,2025-07-14T10:06:05.499789Z
CUST_001878,Aarav,Nair,aarav.nair1878@example.com,893-729-2710,East,2025-07-28T15:27:26.746060Z,2025-11-05T13:21:03.361340Z
CUST_000910,Vikram,Jones,vikram.jones910@example.com,605-323-4462,East,2024-12-05T05:55:10.804126Z,2025-03-14T23:25:35.428360Z
CUST_000076,Grace,Miller,grace.miller76@example.com,574-643-9221,North,2024-12-14T08:58:52.990052Z,2026-06-19T15:51:18.782824Z
CUST_000414,Sarah,Williams,sarah.williams414@example.com,892-235-4361,North,2024-11-09T22:55:33.121462Z,2026-04-21T00:19:59.046168Z
CUST_000405,Michael,Schmidt,michael.schmidt405@example.com,414-726-1953,South,2025-03-03T20:33:05.507157Z,2026-02-22T23:44:38.979256Z
CUST_001457,Arjun,Reddy,arjun.reddy1457@example.com,505-293-5249,North,2025-08-05T07:05:04.233646Z,2026-05-14T17:35:23.050392Z
CUST_000642,Sarah,Tan,sarah.tan642@example.com,478-983-8883,South,2026-05-13T12:24:10.493578Z,2026-06-07T14:27:32.638996Z
CUST_001519,Sofia,Williams,sofia.williams1519@example.com,512-274-6673,North,2026-03-22T03:25:07.526759Z,2026-06-15T10:31:23.644819Z
CUST_001620,Sofia,Schmidt,sofia.schmidt1620@example.com,626-538-5107,West,2024-09-16T12:43:13.150802Z,2025-12-19T15:04:55.875387Z
CUST_001903,Rohan,Lim,rohan.lim1903@example.com,872-205-7632,North,2025-11-17T17:41:45.214125Z,2026-06-07T15:44:06.457107Z
CUST_000911,Emily,Desai,emily.desai911@example.com,527-888-6950,South,2026-04-06T21:40:48.667117Z,2026-05-11T10:32:34.558375Z
CUST_000148,Ava,Patel,ava.patel148@example.com,380-137-7504,Central,2025-01-27T23:55:59.303528Z,2026-03-30T01:00:19.595551Z
CUST_001207,Daniel,Smith,daniel.smith1207@example.com,294-361-1597,South,2025-10-03T09:08:33.562146Z,2025-11-11T13:47:02.869880Z
CUST_000960,Vikram,Tan,vikram.tan960@example.com,,West,2024-09-05T20:02:53.833379Z,2025-10-04T07:10:25.338199Z
CUST_000934,Sarah,Williams,sarah.williams934@example.com,901-407-4445,West,2025-11-27T05:12:49.415487Z,2025-12-23T05:54:10.639760Z
CUST_000110,Daniel,Johnson,daniel.johnson110@example.com,628-265-4271,West,2025-12-28T08:03:41.503935Z,2026-05-12T11:35:59.107573Z
CUST_000052,Vikram,Smith,vikram.smith52@example.com,499-814-3068,North,2024-09-25T03:55:00.601949Z,2026-04-14T09:30:30.461865Z
CUST_001846,Ava,Khan,ava.khan1846@example.com,873-488-3000,South,2026-04-22T05:15:41.159123Z,2026-05-06T03:22:18.919578Z
CUST_000831,Laura,Johnson,laura.johnson831@example.com,568-443-7686,North,2025-07-01T09:39:01.168100Z,2026-05-07T11:02:18.975499Z
CUST_001930,Sofia,Desai,sofia.desai1930@example.com,827-543-9146,East,2025-04-08T19:32:18.146284Z,2025-04-12T03:35:37.130853Z
CUST_001393,Rohan,Brown,rohan.brown1393@example.com,734-686-9009,Central,2026-01-20T18:06:27.111585Z,2026-02-20T03:32:27.221706Z
CUST_000958,Olivia,Tan,olivia.tan958@example.com,332-924-3336,North,2025-03-13T03:45:25.296012Z,2025-12-01T19:06:15.237212Z
CUST_001284,Emma,Desai,emma.desai1284@example.com,331-897-9135,East,2026-03-06T07:29:07.148770Z,2026-06-02T08:12:27.980595Z
CUST_001829,Laura,Rao,laura.rao1829@example.com,303-502-9821,East,2024-08-27T18:40:15.645829Z,2025-10-23T19:48:56.795782Z
CUST_000517,Omar,Patel,omar.patel517@example.com,220-156-2375,Central,2025-12-11T02:57:26.940334Z,2026-06-29T11:42:42.928744Z
CUST_001042,Rohan,Williams,rohan.williams1042@example.com,344-340-9499,East,2026-04-15T13:31:00.322969Z,2026-05-22T20:10:21.661084Z
CUST_001432,Fatima,Ahmed,fatima.ahmed1432@example.com,951-462-7635,East,2025-02-05T19:21:13.389641Z,2025-08-06T20:03:57.408537Z
CUST_001402,Meera,Lim,meera.lim1402@example.com,960-175-8695,North,2026-07-01T01:55:10.610313Z,2026-07-22T23:33:13.125128Z
CUST_001532,Fatima,Khan,fatima.khan1532@example.com,741-653-4072,West,2024-12-19T14:57:05.484570Z,2025-10-21T00:59:21.787074Z
CUST_001581,Vikram,Clark,vikram.clark1581@example.com,355-241-4645,West,2024-11-02T09:00:09.933948Z,2026-04-05T12:09:02.556666Z
CUST_001500,Tom,Iyer,tom.iyer1500@example.com,912-941-7541,East,2025-08-21T19:55:22.602665Z,2026-02-25T03:08:20.469989Z
CUST_000951,Emma,Schmidt,,314-567-1264,South,2025-04-19T12:54:06.371910Z,2026-01-04T11:19:53.068477Z
CUST_001617,Aarav,Davis,aarav.davis1617@example.com,325-470-7295,North,2025-12-26T15:34:41.789198Z,2026-04-23T07:30:42.757764Z
CUST_001068,Liam,Brown,liam.brown1068@example.com,528-852-6681,East,2026-02-05T11:29:22.804586Z,2026-03-14T09:09:52.705332Z
CUST_000596,Aarav,Weber,aarav.weber596@example.com,841-442-5102,South,2024-08-25T10:53:03.861545Z,2026-04-23T10:33:50.248243Z
CUST_000903,Michael,Khan,michael.khan903@example.com,222-288-5208,West,2025-10-07T02:53:58.454489Z,2026-04-30T03:50:12.598626Z
CUST_001287,Laura,Miller,laura.miller1287@example.com,433-233-3072,West,2024-08-23T03:21:20.273743Z,2025-10-19T05:52:56.717696Z
CUST_001982,Arjun,Ahmed,arjun.ahmed1982@example.com,589-170-5946,East,2025-05-23T12:11:31.444871Z,2026-04-29T06:46:13.000889Z
CUST_001819,Priya,Patel,priya.patel1819@example.com,801-233-4017,Central,2025-03-26T12:08:41.028868Z,2026-06-13T03:42:47.643772Z
CUST_001776,Mei,Smith,mei.smith1776@example.com,499-628-4437,North,2025-10-05T06:44:00.402599Z,2026-06-08T12:11:53.619032Z
CUST_000796,Omar,Nair,omar.nair796@example.com,779-593-6428,South,2024-11-08T18:43:32.775278Z,2025-09-01T22:03:44.215025Z
CUST_001453,Daniel,Iyer,daniel.iyer1453@example.com,690-879-1710,North,2025-01-25T16:22:12.301009Z,2025-05-22T20:45:50.432850Z
CUST_000812,Mei,Schmidt,mei.schmidt812@example.com,759-814-2816,South,2026-04-26T08:41:01.033842Z,2026-05-03T10:26:16.210251Z
CUST_001456,Emily,Schmidt,emily.schmidt1456@example.com,538-696-6527,East,2025-09-06T00:35:27.845324Z,2025-12-12T02:59:36.639090Z
CUST_000660,Meera,Ahmed,meera.ahmed660@example.com,932-129-3625,East,2024-11-17T12:49:17.231081Z,2026-02-05T23:16:42.499439Z
CUST_001395,Priya,Clark,priya.clark1395@example.com,690-647-4538,North,2025-07-14T19:09:32.952751Z,2025-11-12T18:30:57.180751Z
CUST_000194,Emma,Reddy,emma.reddy194@example.com,574-433-4228,East,2026-02-01T15:33:40.328628Z,2026-03-20T19:24:39.411612Z
CUST_000834,Lukas,Schmidt,lukas.schmidt834@example.com,789-400-4998,South,2025-05-03T11:14:29.330108Z,2025-08-10T23:07:44.252755Z
CUST_000605,Lisa,Williams,lisa.williams605@example.com,609-288-1110,West,2025-08-20T00:35:07.149319Z,2025-12-03T09:28:12.662002Z
CUST_000681,Rohan,Smith,rohan.smith681@example.com,616-167-6396,North,2024-11-21T10:49:17.153437Z,2026-06-05T07:17:00.102704Z
CUST_000832,Vikram,Tan,vikram.tan832@example.com,520-623-9326,North,2026-04-16T06:24:53.610990Z,2026-05-13T01:42:46.157364Z
CUST_001094,Lukas,Rao,lukas.rao1094@example.com,779-295-6710,South,2025-06-28T10:33:43.431530Z,2025-10-28T08:16:38.444436Z
CUST_000055,Priya,Lim,priya.lim55@example.com,840-316-5335,Central,2024-11-10T05:35:04.164136Z,2025-06-10T00:26:28.722858Z
CUST_000167,Mei,Clark,mei.clark167@example.com,529-894-5637,North,2025-04-03T11:19:16.377114Z,2026-01-10T16:56:31.488640Z
CUST_001496,Liam,Rao,liam.rao1496@example.com,889-653-9324,East,2025-01-04T05:29:47.629236Z,2025-04-15T23:54:04.554020Z
CUST_001839,James,Rossi,james.rossi1839@example.com,489-692-2360,North,2025-09-15T09:41:57.967521Z,2025-09-20T05:57:58.040530Z
CUST_000495,Rohan,Iyer,rohan.iyer495@example.com,556-460-3630,West,2025-05-12T19:15:32.597935Z,2026-03-04T02:06:52.606217Z
CUST_000813,Michael,Patel,michael.patel813@example.com,975-779-2021,North,2026-02-12T18:57:39.737244Z,2026-05-07T01:22:04.996050Z
CUST_000241,Rohan,Clark,rohan.clark241@example.com,211-371-4435,East,2025-07-10T08:50:06.755408Z,2026-02-23T00:03:24.459507Z
CUST_000713,Rohan,Iyer,rohan.iyer713@example.com,860-512-2642,North,2025-04-09T00:38:06.396230Z,2025-11-27T12:01:07.866713Z
CUST_001571,Liam,Desai,liam.desai1571@example.com,402-904-6341,South,2026-05-03T08:32:27.283554Z,2026-05-19T14:02:32.165381Z
CUST_001140,Michael,Ahmed,michael.ahmed1140@example.com,743-500-9662,East,2025-12-31T19:12:27.807101Z,2026-03-11T23:51:02.477052Z
CUST_000134,Vikram,Nair,vikram.nair134@example.com,628-354-3616,North,2025-08-29T23:20:12.800190Z,2026-07-10T05:31:32.489491Z
CUST_000479,Sarah,Weber,sarah.weber479@example.com,778-846-8243,Central,2026-03-11T15:57:02.146195Z,2026-04-17T21:35:07.323047Z
CUST_000719,Sarah,Brown,sarah.brown719@example.com,877-477-5348,West,2025-05-05T02:50:00.903572Z,2026-01-15T04:49:41.153709Z
CUST_000924,Liam,Kulkarni,liam.kulkarni924@example.com,801-973-9209,Central,2026-05-22T15:41:10.913081Z,2026-06-10T16:30:11.507509Z
CUST_000874,Liam,Miller,liam.miller874@example.com,574-975-8636,East,2025-01-30T13:13:39.586986Z,2025-02-24T06:24:23.187700Z
CUST_000344,Tom,Kulkarni,tom.kulkarni344@example.com,844-198-8370,North,2025-04-18T11:35:35.977109Z,2025-12-17T08:22:01.431762Z
CUST_001415,Sarah,Davis,sarah.davis1415@example.com,664-990-5524,North,2025-04-03T22:37:07.278601Z,2025-04-09T05:24:07.978452Z
CUST_000035,Meera,Clark,meera.clark35@example.com,455-968-2988,South,2024-09-21T21:33:35.624377Z,2026-04-14T10:48:57.464071Z
CUST_001745,Emma,Kulkarni,emma.kulkarni1745@example.com,417-404-9104,South,2025-05-28T16:09:56.637647Z,2025-08-06T00:51:43.506746Z
CUST_001421,Laura,Jones,laura.jones1421@example.com,399-579-1055,East,2025-09-21T20:52:02.969933Z,2025-12-26T20:44:22.854894Z
CUST_001848,Emily,Williams,emily.williams1848@example.com,975-771-9140,North,2025-06-27T00:08:40.380931Z,2025-09-24T09:31:46.848010Z
CUST_000529,Aarav,Clark,aarav.clark529@example.com,321-329-4328,South,2025-11-08T08:18:47.518172Z,2026-07-19T12:08:27.897935Z
CUST_000829,Fatima,Schmidt,fatima.schmidt829@example.com,242-666-4734,West,2026-03-17T08:16:01.711341Z,2026-06-06T11:34:45.046906Z
CUST_000381,Lisa,Johnson,lisa.johnson381@example.com,652-738-3389,North,2025-07-25T07:12:43.391979Z,2026-06-05T04:48:46.894188Z
CUST_000183,Rohan,Kulkarni,rohan.kulkarni183@example.com,695-901-2260,South,2025-10-06T23:40:31.622651Z,2026-03-08T19:12:29.112168Z
CUST_000592,Fatima,Ahmed,fatima.ahmed592@example.com,802-231-2065,East,2025-01-27T07:56:33.764305Z,2025-04-03T08:12:54.710912Z
CUST_001850,Mei,Rao,mei.rao1850@example.com,308-705-6582,Central,2024-09-01T21:58:25.218321Z,2025-09-14T11:23:49.529390Z
CUST_000469,Mei,Williams,mei.williams469@example.com,890-472-1844,West,2024-09-26T19:02:23.384232Z,2026-03-07T05:41:35.739113Z
CUST_000219,Daniel,Schmidt,daniel.schmidt219@example.com,370-476-3577,South,2025-12-25T18:43:46.120936Z,2026-05-19T07:47:32.002693Z
CUST_000506,Nina,Rossi,nina.rossi506@example.com,600-369-9105,West,2026-01-01T21:22:49.298254Z,2026-01-15T10:03:01.619145Z
CUST_000471,Emily,Smith,emily.smith471@example.com,255-164-7108,South,2025-10-08T16:53:07.493002Z,2026-02-26T22:34:43.865472Z
CUST_000008,Vikram,Schmidt,vikram.schmidt8@example.com,356-742-3621,South,2024-09-18T02:24:24.624834Z,2025-01-08T14:33:16.580099Z
CUST_001225,Grace,Williams,grace.williams1225@example.com,844-634-4209,North,2025-09-22T20:26:40.150625Z,2025-12-21T01:46:23.231222Z
CUST_001076,Fatima,Weber,fatima.weber1076@example.com,559-131-5190,Central,2025-12-25T12:48:34.807180Z,2026-03-16T03:27:44.615644Z
CUST_001190,Ananya,Rao,ananya.rao1190@example.com,433-429-7054,South,2025-05-03T05:50:36.393557Z,2026-01-19T23:02:35.748985Z
CUST_000529,Aarav,Clark,aarav.clark529@example.com,321-329-4328,South,2025-11-08T08:18:47.518172Z,2026-07-19T12:08:27.897935Z
CUST_000544,Meera,Miller,meera.miller544@example.com,725-449-8594,East,2024-11-04T22:09:59.519383Z,2024-12-15T16:40:41.550164Z
CUST_000922,Chen,Brown,chen.brown922@example.com,362-681-5992,East,2025-06-11T09:09:47.844311Z,2026-06-12T22:08:09.636956Z
CUST_001476,Sarah,Davis,sarah.davis1476@example.com,714-960-9496,West,2024-08-19T10:00:17.487194Z,2025-06-27T00:51:10.010825Z
CUST_001942,Liam,Patel,liam.patel1942@example.com,400-120-3229,North,2025-12-24T12:41:45.444045Z,2026-06-05T04:16:44.844030Z
CUST_000056,Mei,Weber,mei.weber56@example.com,923-389-8438,North,2025-03-26T08:50:50.655420Z,2025-08-20T18:42:51.979022Z
CUST_001974,Sofia,Johnson,sofia.johnson1974@example.com,440-648-9960,North,2024-08-03T05:02:49.576898Z,2024-11-11T23:12:43.766723Z
CUST_000932,Sofia,Rao,sofia.rao932@example.com,715-416-8209,South,2026-06-26T05:31:00.334713Z,2026-07-13T16:30:31.171055Z
CUST_000112,Aarav,Miller,aarav.miller112@example.com,441-495-2337,North,2025-12-28T03:53:45.681533Z,2026-04-02T10:50:09.144283Z
CUST_000551,Noah,Khan,noah.khan551@example.com,288-408-8592,West,2026-02-03T03:10:57.159826Z,2026-03-23T23:44:28.508608Z
CUST_001709,Michael,Rao,michael.rao1709@example.com,693-776-6173,Central,2026-06-04T01:31:31.519955Z,2026-06-16T06:41:10.076833Z
CUST_000968,Noah,Kulkarni,noah.kulkarni968@example.com,363-761-7865,West,2025-04-06T11:04:14.995151Z,2025-10-23T08:08:57.420940Z
CUST_000672,Rohan,Davis,rohan.davis672@example.com,481-747-8292,West,2026-05-28T02:07:31.672566Z,2026-06-21T21:58:32.235861Z
CUST_000938,Arjun,Desai,arjun.desai938@example.com,309-176-4983,East,2025-10-25T23:37:30.998291Z,2026-03-14T01:49:42.409010Z
CUST_001329,Lisa,Davis,lisa.davis1329@example.com,872-585-6089,South,2025-12-03T19:04:24.029096Z,2026-05-29T03:05:11.294577Z
CUST_001304,Mei,Tan,mei.tan1304@example.com,798-559-3401,South,2025-12-30T14:01:46.876903Z,2026-07-17T17:32:40.616192Z
CUST_001363,Ava,Rossi,ava.rossi1363@example.com,259-191-8954,East,2025-05-14T16:11:10.722308Z,2025-05-16T08:45:28.252046Z
CUST_001845,Mei,Desai,mei.desai1845@example.com,722-477-9042,Central,2025-12-01T06:38:04.250444Z,2026-07-06T17:50:05.039331Z
CUST_000557,Ananya,Miller,ananya.miller557@example.com,440-314-1770,Central,2025-12-19T08:22:43.166309Z,2026-03-06T05:52:55.937906Z
CUST_000799,Meera,Rao,meera.rao799@example.com,827-797-8194,West,2026-02-11T13:09:40.022709Z,2026-04-18T05:09:52.780768Z
CUST_000725,Mei,Kulkarni,,280-350-2262,North,2025-08-10T13:09:48.191285Z,2025-10-21T15:47:08.784447Z
CUST_001399,Priya,Smith,priya.smith1399@example.com,424-972-3149,Central,2026-07-14T11:54:59.133370Z,2026-07-16T22:56:06.255537Z
CUST_000215,Sarah,Khan,sarah.khan215@example.com,918-511-2350,East,2025-09-30T04:17:05.324960Z,2026-05-04T02:32:58.213068Z
CUST_001285,Emily,Rossi,emily.rossi1285@example.com,514-880-3135,South,2025-08-11T02:56:47.816338Z,2026-02-25T04:01:09.505258Z
CUST_001904,Rohan,Nair,rohan.nair1904@example.com,729-532-2848,South,2025-09-03T12:28:22.607274Z,2026-04-08T23:45:33.211775Z
CUST_000142,Arjun,Miller,arjun.miller142@example.com,953-844-2020,South,2026-04-19T17:20:42.501608Z,2026-06-18T16:24:20.181594Z
CUST_000436,Daniel,Brown,daniel.brown436@example.com,917-341-8944,West,2025-04-25T01:21:05.152117Z,2026-05-30T19:59:52.161638Z
CUST_001588,Olivia,Khan,olivia.khan1588@example.com,836-190-6454,North,2024-08-26T23:47:51.656326Z,2024-12-13T06:46:19.515708Z
CUST_001896,Arjun,Miller,arjun.miller1896@example.com,223-908-9347,West,2026-06-23T17:38:25.522993Z,2026-07-17T23:47:40.089961Z
CUST_000255,Ava,Miller,ava.miller255@example.com,257-627-3604,West,2026-01-11T12:08:49.892647Z,2026-04-16T16:56:36.030354Z
CUST_000607,Meera,Smith,meera.smith607@example.com,340-488-2818,Central,2024-08-22T14:15:23.848809Z,2026-07-16T11:42:10.986879Z
CUST_001434,Nina,Ahmed,nina.ahmed1434@example.com,990-224-6307,South,2026-02-24T02:14:49.404086Z,2026-05-13T05:25:42.060116Z
CUST_000489,Lisa,Nair,lisa.nair489@example.com,523-946-5932,East,2025-01-19T11:06:34.608222Z,2025-12-15T11:52:09.013524Z
CUST_000792,Chen,Miller,chen.miller792@example.com,342-799-4268,East,2025-06-27T06:19:19.089755Z,2026-04-19T09:36:59.658840Z
CUST_000098,Meera,Lim,meera.lim98@example.com,290-547-2734,South,2026-07-08T16:05:25.912811Z,2026-07-19T09:47:21.232335Z
CUST_000563,Liam,Davis,liam.davis563@example.com,,Central,2026-01-11T16:04:05.354737Z,2026-07-04T10:25:49.172306Z
CUST_001173,Sofia,Reddy,sofia.reddy1173@example.com,935-238-4616,North,2026-02-13T03:02:16.012266Z,2026-06-05T18:26:07.294032Z
CUST_000003,Michael,Nair,michael.nair3@example.com,552-718-5333,North,2024-11-08T17:07:59.396922Z,2025-11-10T02:35:18.869693Z
CUST_000849,Nina,Rossi,nina.rossi849@example.com,628-804-5310,East,2025-01-30T07:40:22.507755Z,2025-03-10T16:42:11.920534Z
CUST_000740,Liam,Davis,liam.davis740@example.com,606-886-8096,North,2025-02-01T10:21:38.509917Z,2025-05-22T06:44:47.499352Z
CUST_001029,David,Williams,david.williams1029@example.com,616-824-6605,South,2026-01-07T08:35:12.512575Z,2026-04-25T09:17:05.957724Z
CUST_001697,Tom,Jones,tom.jones1697@example.com,436-538-1629,South,2025-02-19T19:49:39.554633Z,2025-06-29T13:18:37.077269Z
CUST_000923,Sarah,Jones,sarah.jones923@example.com,,North,2025-03-22T11:46:32.781668Z,2025-04-05T16:25:30.648502Z
CUST_000388,Fatima,Iyer,fatima.iyer388@example.com,894-727-4726,North,2025-08-27T13:19:58.634775Z,2026-05-20T10:28:34.138173Z
CUST_001480,Meera,Iyer,meera.iyer1480@example.com,530-985-7725,East,2024-11-28T10:20:48.697135Z,2025-02-09T22:37:25.243889Z
CUST_000005,Omar,Brown,omar.brown5@example.com,886-373-2169,North,2025-07-30T23:15:10.484714Z,2025-11-14T12:17:59.671088Z
CUST_001325,Emma,Rossi,emma.rossi1325@example.com,620-151-6355,East,2025-10-16T00:52:50.976636Z,2026-06-27T09:20:27.907205Z
CUST_000912,David,Rao,david.rao912@example.com,675-393-8363,West,2025-12-20T12:18:00.558540Z,2026-07-01T10:48:29.688065Z
CUST_000238,Emily,Reddy,emily.reddy238@example.com,800-203-6514,South,2026-06-10T05:46:27.830307Z,2026-07-05T20:31:41.332695Z
CUST_000645,Lukas,Brown,lukas.brown645@example.com,960-482-7292,South,2025-09-30T18:04:26.927989Z,2026-04-20T01:58:07.403519Z
CUST_001648,Nina,Tan,nina.tan1648@example.com,677-719-3078,South,2024-12-22T04:09:05.526089Z,2025-09-15T17:15:45.858404Z
CUST_000475,Nina,Tan,nina.tan475@example.com,655-568-5982,East,2026-01-25T09:10:50.272637Z,2026-06-14T07:30:23.302143Z
CUST_000176,Olivia,Clark,olivia.clark176@example.com,247-176-5593,Central,2025-11-30T01:11:59.891737Z,2026-02-07T10:01:13.615551Z
CUST_001502,Vikram,Tan,vikram.tan1502@example.com,474-742-8785,West,2024-08-24T13:37:19.065985Z,2025-11-22T14:36:39.415610Z
CUST_000020,James,Desai,james.desai20@example.com,471-505-3144,East,2025-06-18T10:59:48.981188Z,2025-10-18T02:00:29.651332Z
CUST_000640,Olivia,Jones,olivia.jones640@example.com,844-106-2058,South,2025-02-04T06:03:40.148407Z,2026-05-02T06:08:05.182112Z
CUST_001558,Lukas,Miller,lukas.miller1558@example.com,251-586-1196,North,2025-08-26T22:41:10.058815Z,2025-12-14T04:49:02.033342Z
CUST_001747,Arjun,Rossi,arjun.rossi1747@example.com,203-833-7444,Central,2024-12-06T06:43:09.193257Z,2025-01-05T13:40:46.816927Z
CUST_000228,Tom,Lim,tom.lim228@example.com,293-828-5066,North,2025-07-02T01:43:19.272804Z,2025-09-15T05:01:25.896114Z
CUST_000213,Sarah,Khan,sarah.khan213@example.com,595-215-4949,North,2025-04-03T16:56:00.378638Z,2025-12-12T10:08:24.902628Z
CUST_001628,Noah,Rossi,noah.rossi1628@example.com,233-483-3879,South,2026-02-18T18:00:13.612907Z,2026-04-18T05:11:01.942133Z
CUST_001391,Noah,Rao,noah.rao1391@example.com,910-244-8496,South,2025-01-31T02:16:29.485875Z,2025-02-08T00:44:38.132206Z
CUST_001939,James,Lim,james.lim1939@example.com,657-674-9049,East,2025-02-02T01:40:14.673773Z,2026-07-22T00:49:09.618293Z
CUST_000191,Grace,Iyer,grace.iyer191@example.com,411-633-8912,South,2025-07-18T23:44:28.334400Z,2026-03-08T02:19:02.849541Z
CUST_001696,Aarav,Rao,aarav.rao1696@example.com,722-659-3406,West,2026-07-20T18:28:31.260853Z,2026-07-22T16:23:17.984686Z
CUST_000161,Ananya,Lim,ananya.lim161@example.com,920-993-1797,North,2026-04-05T14:14:34.227823Z,2026-06-30T01:08:32.303314Z
CUST_000537,Priya,Davis,priya.davis537@example.com,668-604-2843,South,2026-02-26T03:22:05.213630Z,2026-06-30T09:11:53.176470Z
CUST_000452,Grace,Iyer,grace.iyer452@example.com,833-146-4976,South,2024-08-20T05:40:03.948607Z,2025-12-15T09:52:50.102018Z
CUST_000093,Grace,Khan,grace.khan93@example.com,420-485-7878,Central,2024-11-02T09:46:20.814571Z,2026-04-29T18:38:05.926251Z
CUST_000130,Sofia,Smith,sofia.smith130@example.com,746-195-9234,North,2025-06-07T18:09:10.690731Z,2026-04-17T19:46:57.634534Z
CUST_001752,Olivia,Jones,olivia.jones1752@example.com,946-172-5632,Central,2025-04-26T19:31:41.614673Z,2025-11-22T06:06:33.970259Z
CUST_000433,Mei,Patel,mei.patel433@example.com,680-564-9399,Central,2026-01-30T10:26:22.836997Z,2026-02-01T09:18:10.037042Z
CUST_001131,Rohan,Patel,rohan.patel1131@example.com,302-139-2349,North,2025-06-14T06:50:10.940631Z,2025-11-30T12:52:31.112762Z
CUST_001148,Nina,Ahmed,nina.ahmed1148@example.com,294-461-3890,East,2024-10-25T08:46:01.955168Z,2025-10-24T19:51:50.803716Z
CUST_001783,David,Rossi,david.rossi1783@example.com,724-553-7734,North,2025-04-27T04:01:43.502253Z,2026-02-02T12:05:09.249346Z
CUST_001469,Ava,Smith,ava.smith1469@example.com,754-332-9795,North,2025-08-04T21:30:40.155543Z,2026-06-27T10:32:55.976364Z
CUST_000623,Vikram,Desai,vikram.desai623@example.com,362-718-6084,South,2026-06-12T21:29:17.211500Z,2026-07-12T00:09:28.067077Z
CUST_000293,Ananya,Sharma,ananya.sharma293@example.com,404-373-3636,South,2024-09-24T04:53:03.724141Z,2024-11-20T09:13:48.567460Z
CUST_001228,Chen,Clark,chen.clark1228@example.com,223-506-9584,Central,2024-10-08T06:12:12.475913Z,2025-07-04T07:05:59.139110Z
CUST_000775,Noah,Tan,noah.tan775@example.com,978-419-8438,West,2026-01-09T03:58:08.229412Z,2026-03-30T11:24:28.910015Z
CUST_000646,Ava,Tan,ava.tan646@example.com,989-869-6711,North,2025-10-21T22:23:44.060507Z,2026-02-28T20:24:59.444638Z
CUST_000257,Ava,Nair,ava.nair257@example.com,700-708-8308,East,2025-04-05T18:35:22.360971Z,2025-10-12T05:53:57.271224Z
CUST_001261,Arjun,Khan,arjun.khan1261@example.com,898-202-5651,East,2026-02-20T16:39:24.404567Z,2026-04-07T18:39:45.514462Z
CUST_001465,Priya,Kulkarni,priya.kulkarni1465@example.com,257-180-3835,North,2025-08-15T17:49:16.855705Z,2025-11-30T15:10:15.030454Z
CUST_000209,Ananya,Miller,ananya.miller209@example.com,434-492-2463,East,2025-12-03T10:23:56.313791Z,2025-12-21T04:24:49.852878Z
CUST_000255,Ava,Miller,ava.miller255@example.com,257-627-3604,West,2026-01-11T12:08:49.892647Z,2026-04-16T16:56:36.030354Z
CUST_001163,Arjun,Smith,arjun.smith1163@example.com,,Central,2026-03-12T03:21:13.468791Z,2026-03-12T04:09:46.679438Z
CUST_001027,Nina,Williams,nina.williams1027@example.com,444-817-6023,Central,2024-09-23T10:02:17.786429Z,2026-07-19T21:29:42.084142Z
CUST_000190,Divya,Davis,divya.davis190@example.com,895-702-9199,South,2025-11-18T15:06:18.436181Z,2026-06-03T02:07:53.986370Z
CUST_000931,Omar,Lim,omar.lim931@example.com,972-516-5435,West,2024-08-01T16:30:32.297539Z,2025-04-15T20:19:16.909389Z
CUST_000541,Emma,Khan,emma.khan541@example.com,760-716-7248,North,2024-09-26T07:49:55.418295Z,2024-12-07T02:01:54.218337Z
CUST_000051,Grace,Weber,grace.weber51@example.com,737-711-5636,North,2026-03-27T09:14:23.188158Z,2026-07-02T09:00:45.560081Z
CUST_000175,Omar,Sharma,omar.sharma175@example.com,644-760-6427,East,2024-10-24T03:57:33.963800Z,2026-03-19T01:14:13.945053Z
CUST_000785,Noah,Brown,noah.brown785@example.com,993-779-8935,South,2025-07-08T23:40:01.155084Z,2026-03-30T13:54:14.691396Z
CUST_000014,Lukas,Rao,lukas.rao14@example.com,752-235-8744,North,2025-12-11T13:12:06.101639Z,2026-02-03T21:27:22.444154Z
CUST_000838,Tom,Kulkarni,tom.kulkarni838@example.com,742-497-7919,Central,2024-12-14T17:15:45.307643Z,2026-05-25T03:21:57.864776Z
CUST_001176,Ava,Tan,ava.tan1176@example.com,565-871-8411,North,2025-10-12T23:06:40.599475Z,2026-04-08T00:42:17.201897Z
CUST_001472,Divya,Clark,divya.clark1472@example.com,625-926-1819,South,2026-07-06T02:29:54.051887Z,2026-07-23T15:18:44.037805Z
CUST_001238,Fatima,Kulkarni,fatima.kulkarni1238@example.com,215-895-6489,North,2025-09-07T03:43:16.424604Z,2026-03-13T18:09:46.076401Z
CUST_001794,Noah,Miller,noah.miller1794@example.com,222-167-8077,East,2025-10-12T10:30:13.795221Z,2026-03-13T15:32:42.218431Z
CUST_001593,Divya,Williams,divya.williams1593@example.com,254-414-7869,West,2025-03-03T17:09:07.158141Z,2025-08-07T02:21:50.668150Z
CUST_000250,Rohan,Ahmed,rohan.ahmed250@example.com,809-364-6238,South,2026-05-05T02:05:24.583390Z,2026-05-23T12:35:20.898235Z
CUST_001203,Ava,Kulkarni,ava.kulkarni1203@example.com,800-209-6481,North,2024-08-28T04:53:38.549317Z,2024-09-27T00:15:44.395618Z
CUST_001487,Grace,Nair,grace.nair1487@example.com,503-774-3953,East,2024-12-11T13:51:09.187743Z,2025-07-21T02:12:11.017938Z
CUST_000780,Rohan,Rossi,rohan.rossi780@example.com,835-816-7628,North,2025-03-20T23:52:56.725283Z,2026-06-14T08:31:13.179337Z
CUST_001658,Vikram,Kulkarni,vikram.kulkarni1658@example.com,,North,2025-11-18T01:26:01.977025Z,2025-12-11T16:09:29.509454Z
CUST_001540,Liam,Williams,liam.williams1540@example.com,410-488-7587,Central,2026-01-26T06:44:22.534414Z,2026-06-02T23:38:25.595958Z
CUST_001499,Lukas,Clark,lukas.clark1499@example.com,793-973-9736,North,2026-03-31T09:22:42.521644Z,2026-05-23T05:47:43.017444Z
CUST_001092,Sarah,Rossi,sarah.rossi1092@example.com,723-599-7325,East,2025-06-12T18:44:35.968311Z,2026-02-07T21:38:38.693117Z
CUST_001803,Laura,Miller,laura.miller1803@example.com,342-420-7457,South,2024-10-19T01:08:50.890272Z,2024-10-20T04:08:43.732900Z
CUST_000151,Liam,Jones,liam.jones151@example.com,288-510-2562,West,2026-01-10T10:59:15.007161Z,2026-04-03T08:24:15.468436Z
CUST_000464,Chen,Weber,chen.weber464@example.com,947-538-5041,West,2025-05-13T07:57:59.620517Z,2025-05-20T04:58:36.941885Z
CUST_001921,Lukas,Miller,lukas.miller1921@example.com,895-951-4933,Central,2025-09-01T06:05:31.726320Z,2026-01-24T04:52:42.427471Z
CUST_000752,Liam,Miller,liam.miller752@example.com,583-960-9502,North,2024-08-27T10:10:36.450908Z,2025-01-31T07:35:25.202019Z
CUST_000615,Arjun,Ahmed,arjun.ahmed615@example.com,986-799-5496,South,2025-06-06T04:54:48.750974Z,2026-06-22T23:34:58.273820Z
CUST_000158,Meera,Iyer,meera.iyer158@example.com,630-483-7266,West,2026-05-24T12:24:05.715894Z,2026-07-24T21:55:34.139449Z
CUST_000947,Arjun,Tan,arjun.tan947@example.com,393-891-3429,Central,2026-03-14T00:34:38.990374Z,2026-04-22T01:49:08.566310Z
CUST_000481,Sofia,Davis,sofia.davis481@example.com,603-299-9035,East,2024-10-29T01:58:42.378603Z,2026-04-06T12:09:45.895278Z
CUST_001598,Meera,Rao,meera.rao1598@example.com,252-418-9648,West,2024-11-30T07:31:09.105361Z,2026-01-15T22:46:41.914667Z
CUST_000501,Laura,Weber,laura.weber501@example.com,974-908-7557,North,2026-03-19T12:31:32.292438Z,2026-05-27T04:49:29.113284Z
CUST_000145,Sarah,Patel,sarah.patel145@example.com,652-771-5201,North,2024-10-20T17:17:59.589318Z,2025-10-09T22:17:08.114532Z
CUST_000392,Lisa,Weber,lisa.weber392@example.com,929-765-7126,North,2026-04-12T15:08:10.202647Z,2026-06-11T07:02:26.801677Z
CUST_000805,Emily,Tan,emily.tan805@example.com,246-130-3607,East,2025-09-18T15:59:43.499555Z,2025-10-22T10:48:14.809231Z
CUST_001115,Lukas,Weber,lukas.weber1115@example.com,275-714-7021,North,2024-09-07T13:24:24.314067Z,2025-04-06T11:01:20.510888Z
CUST_001100,Grace,Ahmed,grace.ahmed1100@example.com,780-161-1161,South,2024-09-10T23:17:18.450680Z,2026-07-18T07:14:14.648347Z
CUST_000515,Noah,Reddy,noah.reddy515@example.com,493-761-3631,East,2025-09-27T12:15:07.157246Z,2026-02-10T06:01:15.835762Z
CUST_000306,Vikram,Jones,vikram.jones306@example.com,849-247-5883,West,2026-02-10T23:41:23.995586Z,2026-04-26T00:35:55.582032Z
CUST_001138,Aarav,Kulkarni,aarav.kulkarni1138@example.com,698-996-6481,Central,2025-09-30T07:32:38.519420Z,2025-11-16T08:58:12.755797Z
CUST_000532,Mei,Smith,mei.smith532@example.com,253-440-4847,North,2026-02-22T19:42:51.627291Z,2026-03-09T22:47:51.047722Z
CUST_000328,Sofia,Rossi,sofia.rossi328@example.com,552-892-7522,South,2025-06-11T21:07:47.240932Z,2026-04-02T14:50:44.995355Z
CUST_000297,Priya,Miller,,364-698-5178,North,2025-04-28T04:02:09.973737Z,2025-07-03T10:38:03.811242Z
CUST_000031,Lukas,Johnson,lukas.johnson31@example.com,913-402-3085,East,2025-07-01T12:43:47.946660Z,2026-01-23T05:39:36.315568Z
CUST_000319,Fatima,Rao,fatima.rao319@example.com,316-593-8844,South,2025-07-05T20:53:26.023536Z,2026-07-08T07:02:08.601344Z
CUST_001357,Lukas,Tan,lukas.tan1357@example.com,,East,2025-02-08T18:23:59.145961Z,2026-03-04T02:50:29.378752Z
CUST_000621,Fatima,Rossi,fatima.rossi621@example.com,227-291-4260,North,2026-07-07T09:13:14.305246Z,2026-07-22T21:33:04.476749Z
CUST_001473,Emma,Khan,emma.khan1473@example.com,560-206-5125,Central,2026-04-05T10:47:56.940991Z,2026-04-24T03:31:06.181050Z
CUST_001130,Laura,Weber,laura.weber1130@example.com,252-102-8720,Central,2026-07-16T11:43:43.962680Z,2026-07-18T22:22:42.599782Z
CUST_000662,David,Clark,david.clark662@example.com,775-976-8159,West,2025-08-26T03:18:05.116793Z,2026-07-20T02:21:47.620967Z
CUST_001253,Noah,Brown,noah.brown1253@example.com,533-400-8433,North,2025-06-11T06:06:13.764341Z,2025-07-26T05:23:39.929142Z
CUST_001694,Aarav,Kulkarni,aarav.kulkarni1694@example.com,662-514-1963,East,2025-04-30T14:00:08.962897Z,2026-02-15T09:15:24.333704Z
CUST_000971,James,Nair,james.nair971@example.com,926-808-8983,East,2025-10-11T03:05:46.632622Z,2026-01-05T19:55:23.253013Z
CUST_000288,Noah,Ahmed,noah.ahmed288@example.com,874-703-9260,East,2025-11-05T16:47:03.580099Z,2026-06-27T13:53:37.506390Z
CUST_001880,Emma,Lim,emma.lim1880@example.com,270-791-2865,North,2024-12-14T21:59:28.025208Z,2025-08-22T12:40:52.501034Z
CUST_000170,Nina,Davis,nina.davis170@example.com,343-837-9954,North,2025-07-27T17:41:03.549395Z,2025-10-21T01:53:54.077941Z
CUST_000853,James,Weber,james.weber853@example.com,246-415-8334,East,2025-07-14T05:34:13.817419Z,2026-06-04T20:07:39.640419Z
CUST_000397,Daniel,Reddy,daniel.reddy397@example.com,997-699-9952,East,2024-11-24T14:01:11.475718Z,2025-05-27T18:57:45.939309Z
CUST_001842,Ananya,Weber,ananya.weber1842@example.com,410-656-7261,West,2026-03-29T15:06:54.735985Z,2026-04-10T02:50:31.121641Z
CUST_001976,David,Lim,david.lim1976@example.com,923-413-8964,North,2026-01-05T01:01:22.135687Z,2026-06-05T02:16:44.752113Z
CUST_001196,Omar,Jones,omar.jones1196@example.com,243-291-7607,North,2025-08-18T11:21:34.716369Z,2026-01-13T05:18:12.907509Z
CUST_000069,Michael,Ahmed,michael.ahmed69@example.com,841-835-8994,West,2025-08-25T02:15:40.717644Z,2026-02-03T09:14:47.094769Z
CUST_001258,Liam,Ahmed,liam.ahmed1258@example.com,950-702-7913,North,2026-05-10T10:50:45.882456Z,2026-06-22T19:18:11.526417Z
CUST_001301,Chen,Smith,chen.smith1301@example.com,647-287-4455,North,2025-01-26T21:37:38.303149Z,2025-12-22T18:36:58.119473Z
CUST_001831,Aarav,Weber,aarav.weber1831@example.com,588-160-8725,West,2025-11-29T00:06:17.562357Z,2026-01-01T19:27:52.505385Z
CUST_000565,Tom,Rossi,tom.rossi565@example.com,208-946-5583,West,2025-06-18T04:44:25.467863Z,2025-12-11T20:13:56.570871Z
CUST_000602,Vikram,Iyer,vikram.iyer602@example.com,498-477-1132,South,2026-04-10T04:03:15.531741Z,2026-05-23T17:54:03.442563Z
CUST_001134,Laura,Rao,laura.rao1134@example.com,534-315-4943,West,2025-06-13T01:05:03.616230Z,2026-05-20T03:09:06.470726Z
CUST_001080,Ava,Rossi,ava.rossi1080@example.com,799-220-9466,East,2024-09-19T09:54:10.041750Z,2025-06-05T09:38:21.447460Z
CUST_001649,James,Khan,james.khan1649@example.com,752-910-2793,West,2025-06-26T00:19:49.569095Z,2026-06-19T15:31:02.452378Z
CUST_001825,Ava,Miller,ava.miller1825@example.com,684-901-7053,South,2024-11-16T18:44:23.166989Z,2025-08-15T09:56:28.815220Z
CUST_001187,Grace,Iyer,grace.iyer1187@example.com,888-217-9257,Central,2025-06-17T08:10:05.572286Z,2025-12-28T04:38:42.604383Z
CUST_000446,Rohan,Reddy,rohan.reddy446@example.com,656-119-9154,East,2025-04-14T01:42:24.279378Z,2026-05-16T04:44:21.948560Z
CUST_000369,Tom,Patel,tom.patel369@example.com,241-851-2153,West,2025-04-30T06:33:06.106142Z,2026-01-25T23:14:34.404048Z
CUST_000236,Emily,Tan,emily.tan236@example.com,704-655-6063,East,2026-02-28T01:14:38.229437Z,2026-04-17T00:33:30.000716Z
CUST_001111,Meera,Rossi,meera.rossi1111@example.com,979-477-3931,North,2025-11-17T07:50:00.341288Z,2026-04-07T05:49:17.538177Z
CUST_000089,Ava,Weber,ava.weber89@example.com,642-198-7105,North,2024-10-27T18:35:35.345658Z,2025-01-30T21:07:26.370774Z
CUST_000884,Omar,Ahmed,omar.ahmed884@example.com,594-259-9813,West,2024-09-07T13:22:41.850299Z,2026-04-29T21:50:18.217523Z
CUST_001494,Liam,Desai,liam.desai1494@example.com,594-789-4339,Central,2025-12-27T23:05:32.352554Z,2026-06-01T20:07:56.661762Z
CUST_000134,Vikram,Nair,vikram.nair134@example.com,628-354-3616,North,2025-08-29T23:20:12.800190Z,2026-07-10T05:31:32.489491Z
CUST_000143,Daniel,Rossi,daniel.rossi143@example.com,990-988-5331,South,2025-07-29T07:17:35.312999Z,2026-07-10T07:19:49.303042Z
CUST_001428,Lukas,Kulkarni,lukas.kulkarni1428@example.com,323-882-9284,South,2025-12-23T06:24:02.103463Z,2026-07-12T00:31:07.163547Z
CUST_001653,Sarah,Desai,sarah.desai1653@example.com,954-482-2313,West,2026-05-15T17:10:11.192483Z,2026-06-24T11:00:48.111452Z
CUST_001498,Aarav,Khan,aarav.khan1498@example.com,302-976-5364,Central,2026-02-03T04:29:38.466191Z,2026-06-16T13:07:29.962824Z
CUST_001437,James,Sharma,james.sharma1437@example.com,790-838-7159,East,2026-06-18T10:28:35.520776Z,2026-06-23T11:51:11.063122Z
CUST_001999,David,Patel,david.patel1999@example.com,438-685-5278,North,2026-02-07T06:46:49.581811Z,2026-05-19T08:20:14.098373Z
CUST_001058,David,Kulkarni,david.kulkarni1058@example.com,542-300-6358,West,2026-04-15T20:18:28.030217Z,2026-05-17T14:38:41.704481Z
CUST_001854,Vikram,Sharma,vikram.sharma1854@example.com,713-837-2823,South,2025-01-20T21:10:08.240510Z,2025-08-04T04:35:09.189772Z
CUST_001513,Ava,Jones,ava.jones1513@example.com,508-139-7190,West,2025-08-19T03:20:58.360912Z,2025-11-11T19:38:27.914612Z
CUST_000090,Olivia,Ahmed,olivia.ahmed90@example.com,494-714-6119,Central,2025-10-08T06:09:42.505612Z,2025-11-03T07:54:06.367121Z
CUST_001814,Ananya,Sharma,ananya.sharma1814@example.com,761-567-2594,South,2026-02-13T20:33:20.443804Z,2026-03-04T09:08:21.797951Z
CUST_001063,Laura,Brown,laura.brown1063@example.com,504-888-1573,North,2025-10-02T08:29:59.977530Z,2025-10-13T06:07:58.667638Z
CUST_000756,Liam,Rao,liam.rao756@example.com,943-898-7194,North,2026-01-31T08:05:59.150753Z,2026-04-03T20:01:40.607497Z
CUST_001952,Rohan,Miller,rohan.miller1952@example.com,312-462-1629,North,2026-02-24T20:00:19.360182Z,2026-05-24T00:42:11.589642Z
CUST_001719,Michael,Kulkarni,michael.kulkarni1719@example.com,591-389-8165,East,2025-07-13T06:46:15.359185Z,2025-08-28T23:26:08.209806Z
CUST_000737,Nina,Smith,nina.smith737@example.com,326-682-8999,West,2025-10-27T12:26:54.649785Z,2026-01-06T21:08:28.384546Z
CUST_000378,Lisa,Lim,lisa.lim378@example.com,642-396-7460,East,2024-11-01T15:36:47.051706Z,2025-06-16T17:25:16.089211Z
CUST_000210,Lisa,Iyer,lisa.iyer210@example.com,270-643-1138,East,2026-06-25T11:46:13.658589Z,2026-06-29T23:09:58.431709Z
CUST_000306,Vikram,Jones,vikram.jones306@example.com,849-247-5883,West,2026-02-10T23:41:23.995586Z,2026-04-26T00:35:55.582032Z
CUST_000959,James,Kulkarni,james.kulkarni959@example.com,927-573-9518,West,2025-06-05T08:48:57.138104Z,2025-11-20T10:27:23.693320Z
CUST_000783,Meera,Ahmed,meera.ahmed783@example.com,560-585-1016,West,2024-08-10T03:02:52.018235Z,2026-04-10T18:43:18.875937Z
CUST_001841,Ananya,Desai,ananya.desai1841@example.com,766-367-3554,North,2025-07-04T06:04:27.064365Z,2025-12-05T22:30:36.703908Z
CUST_000080,Ananya,Rao,ananya.rao80@example.com,664-479-9850,Central,2024-12-17T04:56:26.686735Z,2026-01-18T03:53:31.645558Z
CUST_000588,Aarav,Lim,aarav.lim588@example.com,377-523-9011,South,2024-08-10T20:41:04.564814Z,2026-06-29T00:57:53.855697Z
CUST_000460,Meera,Sharma,meera.sharma460@example.com,440-838-8287,South,2024-11-27T06:47:43.942012Z,2025-02-07T10:14:49.115482Z
CUST_000266,Mei,Reddy,mei.reddy266@example.com,322-988-7253,South,2025-02-16T04:08:12.359315Z,2026-07-13T13:36:57.950660Z
CUST_000077,Olivia,Williams,olivia.williams77@example.com,344-872-4696,West,2025-11-23T12:54:51.584384Z,2025-12-12T11:05:50.413741Z
CUST_000512,Chen,Schmidt,chen.schmidt512@example.com,278-767-5945,South,2025-03-03T21:34:20.209795Z,2025-08-27T13:25:16.655322Z
CUST_000261,Mei,Johnson,mei.johnson261@example.com,265-444-5529,North,2024-11-19T08:41:45.998441Z,2026-03-27T20:19:12.157212Z
CUST_000340,Lukas,Brown,lukas.brown340@example.com,668-223-9490,South,2026-07-04T00:43:13.397859Z,2026-07-09T18:06:20.379167Z
CUST_000009,Olivia,Sharma,olivia.sharma9@example.com,968-373-6573,East,2024-11-26T14:00:46.918398Z,2026-05-29T23:16:32.798975Z
CUST_000115,Omar,Schmidt,omar.schmidt115@example.com,639-101-6780,East,2024-12-26T21:42:05.548913Z,2025-10-20T11:04:33.570511Z
CUST_000828,Meera,Smith,meera.smith828@example.com,706-230-4726,West,2025-05-10T19:41:03.243974Z,2025-09-19T03:41:02.193205Z
CUST_001937,Lisa,Davis,lisa.davis1937@example.com,694-664-4087,North,2025-09-01T04:37:55.369601Z,2026-02-16T12:22:51.097321Z
CUST_000671,Omar,Jones,omar.jones671@example.com,606-600-5959,North,2024-11-30T20:47:24.813537Z,2025-08-03T22:50:42.690507Z
CUST_000927,Grace,Rossi,grace.rossi927@example.com,780-635-5062,West,2024-09-27T05:44:59.682420Z,2025-12-28T07:14:44.752227Z
CUST_000318,Liam,Lim,liam.lim318@example.com,369-335-2263,North,2024-12-21T04:11:10.379818Z,2026-03-16T19:45:52.124078Z
CUST_000690,Fatima,Rao,fatima.rao690@example.com,,West,2024-11-29T20:36:25.228026Z,2025-09-22T09:59:59.674206Z
CUST_000298,Ava,Khan,ava.khan298@example.com,702-908-6866,East,2026-06-09T16:14:11.545895Z,2026-06-28T02:50:32.167112Z
CUST_000322,Mei,Ahmed,mei.ahmed322@example.com,664-710-2127,South,2025-01-19T03:01:12.548102Z,2026-01-04T16:43:26.866662Z
CUST_001479,Ava,Brown,ava.brown1479@example.com,282-508-6722,East,2024-08-18T19:08:01.685894Z,2025-10-20T11:36:46.972498Z
CUST_001241,Divya,Ahmed,divya.ahmed1241@example.com,719-398-3129,West,2025-10-18T23:39:32.580429Z,2026-02-23T20:04:41.088095Z
CUST_001069,Lisa,Weber,lisa.weber1069@example.com,642-188-5148,East,2025-09-22T11:41:29.472665Z,2026-03-25T17:55:43.172256Z
CUST_000205,Olivia,Reddy,olivia.reddy205@example.com,639-944-4470,West,2025-09-12T09:21:35.606007Z,2026-01-01T04:36:54.508913Z
CUST_000736,Sofia,Reddy,sofia.reddy736@example.com,373-402-3645,South,2025-11-09T11:05:04.187890Z,2026-04-18T22:49:29.270473Z
CUST_000399,David,Schmidt,david.schmidt399@example.com,763-489-1719,East,2025-01-11T18:55:42.904577Z,2026-02-02T04:10:55.151631Z
CUST_001420,Omar,Kulkarni,omar.kulkarni1420@example.com,908-641-7732,West,2026-06-24T04:14:57.466311Z,2026-06-25T14:28:08.605347Z
CUST_001795,Olivia,Nair,olivia.nair1795@example.com,663-823-3624,South,2025-12-24T04:42:28.244864Z,2026-03-27T03:32:25.586741Z
CUST_001989,Lukas,Khan,lukas.khan1989@example.com,491-695-8353,North,2026-03-14T05:59:55.141370Z,2026-07-14T03:31:07.115740Z
CUST_001049,Laura,Clark,laura.clark1049@example.com,467-309-3360,West,2024-08-12T20:48:26.082533Z,2025-06-13T11:29:49.954001Z
CUST_001909,David,Miller,david.miller1909@example.com,461-424-2140,East,2026-05-25T22:03:10.335476Z,2026-06-08T04:55:33.388619Z
CUST_001595,Ananya,Nair,ananya.nair1595@example.com,992-300-9957,East,2026-04-20T14:15:00.898812Z,2026-06-22T21:27:14.321622Z
CUST_000847,Priya,Miller,priya.miller847@example.com,394-961-1583,North,2026-07-24T07:08:37.394483Z,2026-07-25T07:43:12.278172Z
CUST_000556,Laura,Ahmed,laura.ahmed556@example.com,365-736-4394,East,2025-08-04T21:30:08.181708Z,2026-04-02T06:10:38.516094Z
CUST_001967,Vikram,Jones,vikram.jones1967@example.com,662-318-3649,Central,2025-07-14T04:43:39.087431Z,2025-08-15T23:03:46.527873Z
CUST_000846,Emma,Rao,emma.rao846@example.com,719-443-5523,East,2025-07-01T21:49:04.741143Z,2025-09-19T22:20:57.969649Z
CUST_001319,Ananya,Smith,ananya.smith1319@example.com,729-968-2713,North,2025-05-05T19:11:58.413683Z,2025-12-02T20:24:16.572433Z
CUST_001160,James,Tan,james.tan1160@example.com,760-343-1972,West,2025-02-09T12:12:52.553418Z,2026-06-28T09:22:08.424170Z
CUST_001626,Grace,Iyer,grace.iyer1626@example.com,261-823-3884,South,2025-02-28T15:06:06.798571Z,2025-08-31T02:53:29.870456Z
CUST_000897,Nina,Khan,nina.khan897@example.com,989-155-5963,Central,2025-09-16T03:38:51.841396Z,2026-04-20T14:32:23.818941Z
CUST_000218,James,Kulkarni,james.kulkarni218@example.com,320-889-1480,South,2025-05-03T16:04:16.746925Z,2026-05-13T18:40:04.520248Z
CUST_000570,Tom,Jones,tom.jones570@example.com,535-628-4154,South,2025-04-11T03:09:45.446370Z,2025-06-03T13:05:05.065214Z
CUST_001417,Tom,Patel,tom.patel1417@example.com,873-888-8502,South,2025-09-27T21:57:01.031444Z,2026-01-17T17:41:43.766373Z
CUST_001008,Nina,Desai,nina.desai1008@example.com,690-211-2825,North,2024-09-06T05:05:48.727309Z,2025-12-30T02:15:27.645210Z
CUST_001630,Rohan,Davis,rohan.davis1630@example.com,282-509-4178,South,2024-08-20T10:43:00.987089Z,2025-03-29T01:18:37.207916Z
CUST_000463,Lisa,Williams,lisa.williams463@example.com,360-908-3784,North,2025-05-30T07:05:26.898602Z,2026-04-04T16:31:55.226956Z
CUST_001267,Lisa,Ahmed,lisa.ahmed1267@example.com,446-847-2675,West,2025-08-27T05:45:28.126804Z,2026-06-06T20:30:11.066397Z
CUST_000630,David,Kulkarni,david.kulkarni630@example.com,479-257-8219,North,2024-08-12T01:57:43.558155Z,2026-07-06T06:28:44.050075Z
CUST_001260,Omar,Rao,omar.rao1260@example.com,442-234-2896,East,2025-03-26T02:13:00.339714Z,2025-05-02T10:30:02.547133Z
CUST_001895,Ananya,Reddy,ananya.reddy1895@example.com,250-837-9486,Central,2025-01-03T04:24:52.265423Z,2025-01-30T17:13:13.789303Z
CUST_001754,Laura,Patel,laura.patel1754@example.com,521-114-5621,East,2026-04-28T06:09:52.437199Z,2026-06-07T13:18:13.133755Z
CUST_001627,Emily,Khan,emily.khan1627@example.com,703-209-7929,Central,2025-10-11T05:39:56.569581Z,2025-12-11T11:07:18.281233Z
CUST_000597,Rohan,Lim,rohan.lim597@example.com,792-227-2401,East,2024-11-06T12:20:56.888869Z,2026-02-06T22:04:50.133730Z
CUST_001700,Chen,Lim,chen.lim1700@example.com,420-428-8822,West,2026-02-13T16:29:45.519498Z,2026-04-17T14:39:11.390247Z
CUST_001189,Priya,Lim,priya.lim1189@example.com,451-486-6658,North,2026-06-09T23:33:17.555782Z,2026-06-25T04:25:24.590349Z
CUST_000062,Arjun,Schmidt,arjun.schmidt62@example.com,652-878-1845,South,2025-12-24T09:28:56.732168Z,2026-06-02T15:07:01.660626Z
CUST_000057,Arjun,Miller,arjun.miller57@example.com,352-372-3330,North,2025-03-19T09:38:47.864278Z,2026-02-13T18:58:18.460485Z
CUST_000122,Omar,Patel,omar.patel122@example.com,572-625-3621,North,2026-05-15T19:43:50.459457Z,2026-07-05T01:08:04.247459Z
CUST_001770,Daniel,Desai,daniel.desai1770@example.com,506-621-1232,South,2025-08-22T20:14:36.263417Z,2026-04-30T21:01:56.353141Z
CUST_000451,Priya,Williams,priya.williams451@example.com,321-316-9570,West,2024-09-13T17:09:47.607488Z,2025-11-02T07:59:04.038669Z
CUST_001078,Noah,Clark,noah.clark1078@example.com,588-867-6527,East,2024-11-05T01:20:19.579470Z,2026-02-13T22:54:28.227074Z
CUST_001830,Sofia,Ahmed,sofia.ahmed1830@example.com,429-789-9193,North,2024-11-07T16:41:12.728380Z,2025-11-04T14:05:01.256736Z
CUST_000578,Arjun,Lim,arjun.lim578@example.com,,South,2024-09-24T21:59:34.188474Z,2026-04-30T00:17:50.215802Z
CUST_000415,Fatima,Lim,fatima.lim415@example.com,247-205-9529,West,2025-07-08T00:36:48.327305Z,2026-03-04T20:57:13.336467Z
CUST_000028,Arjun,Jones,arjun.jones28@example.com,559-756-9346,South,2024-10-11T17:21:01.120944Z,2025-07-23T08:11:37.278361Z
CUST_000440,Mei,Khan,mei.khan440@example.com,473-921-2610,West,2025-07-10T14:49:43.785478Z,2025-11-25T07:46:43.617322Z
CUST_000803,Tom,Schmidt,tom.schmidt803@example.com,871-255-6764,South,2024-10-04T14:45:54.824911Z,2025-03-31T04:17:50.799652Z
CUST_000200,Grace,Khan,grace.khan200@example.com,660-369-6711,West,2025-06-01T03:49:51.248455Z,2025-06-17T06:51:47.616482Z
CUST_000774,Sofia,Rao,sofia.rao774@example.com,276-606-1987,East,2025-02-27T14:52:24.197045Z,2025-05-17T15:06:21.218797Z
CUST_000635,Laura,Johnson,laura.johnson635@example.com,929-649-3809,West,2025-12-25T10:40:44.407440Z,2026-01-20T21:59:49.727418Z
CUST_000277,Michael,Miller,michael.miller277@example.com,209-972-3267,West,2024-11-06T11:57:28.652011Z,2024-12-22T08:56:46.097466Z
CUST_000980,Daniel,Brown,daniel.brown980@example.com,216-214-4109,West,2025-01-20T22:41:35.310592Z,2025-12-16T17:34:11.417303Z
CUST_001045,Emma,Williams,emma.williams1045@example.com,847-686-4750,East,2024-12-09T07:31:36.492571Z,2025-11-03T00:20:32.923510Z
CUST_001614,Ananya,Williams,ananya.williams1614@example.com,528-862-2821,South,2026-02-17T14:58:31.345522Z,2026-05-14T03:08:14.621045Z
CUST_000486,Fatima,Johnson,fatima.johnson486@example.com,860-350-1466,South,2025-12-17T02:38:47.379332Z,2026-06-11T18:30:36.457250Z
CUST_001936,Noah,Weber,noah.weber1936@example.com,392-670-7051,South,2024-08-26T10:01:59.075958Z,2026-03-11T22:59:18.130860Z
CUST_001293,Daniel,Clark,daniel.clark1293@example.com,494-469-9694,North,2024-10-21T06:51:25.183480Z,2024-12-08T03:45:12.025994Z
CUST_000823,Laura,Rossi,laura.rossi823@example.com,754-881-6698,North,2025-06-09T10:59:53.951529Z,2025-06-25T08:51:48.619665Z
CUST_001016,Vikram,Khan,vikram.khan1016@example.com,627-571-8410,South,2025-09-20T11:21:20.697694Z,2026-04-23T12:08:46.555678Z
CUST_001164,Emma,Nair,emma.nair1164@example.com,587-775-9501,West,2025-06-29T06:54:40.153003Z,2026-01-25T06:24:22.197133Z
CUST_000428,Sofia,Desai,sofia.desai428@example.com,392-668-7301,East,2025-11-30T13:09:18.915129Z,2026-01-04T21:08:08.012166Z
CUST_001128,Laura,Jones,laura.jones1128@example.com,684-131-6468,West,2025-01-05T07:31:56.515753Z,2026-03-05T12:37:13.425006Z
CUST_001932,Ananya,Schmidt,ananya.schmidt1932@example.com,873-643-9891,South,2025-09-12T07:27:34.551513Z,2025-11-15T21:42:22.025768Z
CUST_001155,Tom,Reddy,tom.reddy1155@example.com,813-972-2640,West,2026-01-20T08:49:21.333774Z,2026-06-23T03:11:36.222623Z
CUST_001364,Rohan,Iyer,,755-913-7113,Central,2024-10-14T11:35:41.731921Z,2025-11-16T01:05:07.602261Z
CUST_000075,Grace,Ahmed,grace.ahmed75@example.com,842-761-1645,East,2024-12-19T18:23:46.137795Z,2025-03-28T02:58:18.342589Z
CUST_001551,Lukas,Reddy,lukas.reddy1551@example.com,653-767-6884,South,2025-02-27T07:13:25.297758Z,2026-06-23T15:28:00.869689Z
CUST_001039,Daniel,Davis,daniel.davis1039@example.com,675-563-3501,South,2025-09-17T13:01:55.146205Z,2026-05-12T10:24:55.662902Z
CUST_000065,Lisa,Miller,lisa.miller65@example.com,202-389-5891,South,2026-01-02T21:31:55.155813Z,2026-03-11T14:34:30.361888Z
CUST_001953,Ananya,Johnson,ananya.johnson1953@example.com,266-242-8602,North,2025-03-21T21:43:43.243836Z,2026-06-16T07:48:31.650579Z
CUST_000606,Chen,Brown,chen.brown606@example.com,402-390-3853,North,2024-08-31T05:21:54.581440Z,2025-03-22T07:11:12.022536Z
CUST_000701,James,Weber,james.weber701@example.com,299-785-1223,South,2025-06-08T04:21:23.777301Z,2025-08-04T11:47:49.617518Z
CUST_000119,James,Patel,james.patel119@example.com,565-982-1783,West,2025-02-12T03:51:23.458176Z,2025-12-01T12:47:28.938095Z
CUST_001348,Fatima,Rossi,,932-495-2993,Central,2026-06-24T09:12:23.402355Z,2026-07-24T02:18:03.961826Z
CUST_000049,Divya,Clark,divya.clark49@example.com,217-195-5820,South,2025-12-16T09:42:37.386945Z,2026-04-09T15:35:33.360455Z
CUST_000658,Grace,Lim,grace.lim658@example.com,687-774-2645,West,2025-07-23T06:45:09.912112Z,2026-02-27T16:56:36.822987Z
CUST_000691,Lukas,Patel,lukas.patel691@example.com,258-464-1096,Central,2026-04-25T11:06:00.366709Z,2026-06-26T23:11:25.371754Z
CUST_001640,Lukas,Rossi,lukas.rossi1640@example.com,413-738-4172,West,2025-05-19T05:18:54.258253Z,2026-05-09T12:58:10.620857Z
CUST_000768,Olivia,Tan,olivia.tan768@example.com,334-961-7599,Central,2025-11-16T16:02:21.676096Z,2026-01-27T00:04:30.099740Z
CUST_000284,Nina,Khan,,236-670-9996,North,2025-09-18T19:39:40.319394Z,2026-04-17T16:35:13.686393Z
CUST_000118,Rohan,Clark,rohan.clark118@example.com,500-306-1717,West,2025-11-12T10:59:19.540418Z,2025-11-30T12:52:34.496395Z
CUST_001362,Rohan,Khan,rohan.khan1362@example.com,619-381-1865,South,2026-07-23T04:17:54.906511Z,2026-07-24T15:11:32.170870Z
CUST_000538,Grace,Schmidt,grace.schmidt538@example.com,797-104-9618,West,2026-02-28T02:15:49.522307Z,2026-04-23T21:06:56.344622Z
CUST_001986,Lisa,Brown,lisa.brown1986@example.com,998-823-2861,East,2025-02-02T01:24:21.627373Z,2025-06-30T07:17:04.045802Z
CUST_001607,Arjun,Jones,arjun.jones1607@example.com,600-699-1623,Central,2025-01-14T21:48:24.578275Z,2025-05-18T11:54:29.272191Z
CUST_000026,Mei,Iyer,mei.iyer26@example.com,366-919-3900,Central,2025-03-31T23:59:21.820391Z,2026-06-16T13:51:42.906036Z
CUST_000315,Meera,Tan,meera.tan315@example.com,953-849-8921,Central,2026-06-07T15:14:04.277198Z,2026-06-16T11:14:02.701062Z
CUST_001642,Chen,Patel,chen.patel1642@example.com,602-420-3193,South,2025-07-08T07:31:25.207710Z,2026-05-10T02:30:29.323999Z
CUST_001955,Sofia,Miller,sofia.miller1955@example.com,883-452-2818,West,2025-08-25T15:14:33.201786Z,2025-11-26T17:45:43.367103Z
CUST_001122,James,Jones,james.jones1122@example.com,212-236-4186,North,2024-09-15T04:27:35.595787Z,2025-07-22T08:58:13.000594Z
CUST_001631,Arjun,Kulkarni,arjun.kulkarni1631@example.com,459-386-7172,South,2025-11-13T14:10:36.292172Z,2025-12-29T14:27:15.960369Z
CUST_001608,David,Ahmed,david.ahmed1608@example.com,898-799-6841,South,2025-09-03T03:15:36.890979Z,2026-04-17T11:44:47.985245Z
CUST_000221,Michael,Rao,michael.rao221@example.com,279-685-7108,South,2025-06-24T01:11:14.843409Z,2025-11-09T16:02:25.072274Z
CUST_000852,Divya,Sharma,divya.sharma852@example.com,618-162-6295,North,2026-01-02T12:51:28.445853Z,2026-02-26T12:16:58.057287Z
CUST_000330,Laura,Reddy,laura.reddy330@example.com,281-723-1618,North,2025-03-16T12:39:41.546313Z,2025-09-21T09:45:38.060254Z
CUST_001213,Divya,Khan,divya.khan1213@example.com,304-783-7071,South,2024-12-06T19:52:03.532046Z,2025-01-29T11:36:37.741917Z
CUST_000222,Liam,Davis,,288-666-8483,West,2025-06-15T18:50:19.775501Z,2025-11-29T19:15:29.386162Z
CUST_001927,James,Reddy,james.reddy1927@example.com,384-739-1828,South,2026-04-07T08:45:14.664123Z,2026-07-12T14:26:27.092820Z
CUST_001702,Mei,Schmidt,,,West,2026-04-06T02:18:19.052083Z,2026-04-16T20:42:44.489066Z
CUST_001409,Omar,Rao,omar.rao1409@example.com,784-799-7230,East,2024-10-26T10:51:15.930466Z,2026-07-03T04:46:18.993247Z
CUST_001015,Grace,Kulkarni,grace.kulkarni1015@example.com,364-476-1343,Central,2025-09-02T01:29:26.745208Z,2026-01-11T17:54:14.421769Z
CUST_000776,Mei,Schmidt,mei.schmidt776@example.com,270-384-7931,North,2025-09-14T18:41:06.154444Z,2025-12-19T14:56:06.781216Z
CUST_000204,Liam,Reddy,liam.reddy204@example.com,,South,2025-05-12T23:05:46.480718Z,2026-05-02T20:42:44.375623Z
CUST_000410,Vikram,Khan,vikram.khan410@example.com,673-902-7782,South,2026-02-01T16:19:36.760180Z,2026-04-27T21:20:35.561916Z
CUST_001387,Chen,Patel,chen.patel1387@example.com,919-897-3448,East,2026-06-09T10:54:06.073131Z,2026-07-15T00:47:50.033500Z
CUST_000038,Laura,Miller,laura.miller38@example.com,263-311-7883,South,2025-11-21T22:01:54.923435Z,2026-03-07T18:24:30.006182Z
CUST_001893,Omar,Lim,omar.lim1893@example.com,663-668-3359,South,2024-11-04T20:46:56.163640Z,2025-08-30T22:03:59.594947Z
CUST_000988,Emily,Reddy,emily.reddy988@example.com,458-845-1451,Central,2025-05-10T22:48:08.415494Z,2026-02-25T06:42:28.324875Z
CUST_000977,Liam,Smith,liam.smith977@example.com,560-354-5532,South,2026-07-01T14:44:40.275957Z,2026-07-12T05:13:35.808251Z
CUST_000748,Sofia,Miller,sofia.miller748@example.com,380-569-8018,South,2025-07-10T05:34:27.400098Z,2025-09-06T09:54:42.721997Z
CUST_000962,Lisa,Schmidt,lisa.schmidt962@example.com,461-449-8984,Central,2025-07-12T03:42:54.359006Z,2025-10-15T16:16:04.819938Z
CUST_000492,Daniel,Lim,daniel.lim492@example.com,926-411-1471,South,2025-07-17T04:54:44.149274Z,2025-10-13T22:14:19.131432Z
CUST_000439,Vikram,Schmidt,vikram.schmidt439@example.com,659-491-6172,West,2024-08-13T01:06:58.557101Z,2025-06-04T20:22:54.452760Z
CUST_000679,Rohan,Rossi,rohan.rossi679@example.com,367-509-8472,North,2025-08-26T13:44:09.561936Z,2026-07-24T06:04:40.768265Z
CUST_000878,Tom,Patel,tom.patel878@example.com,398-770-1273,South,2026-02-09T10:57:45.177433Z,2026-04-21T18:46:23.541422Z
CUST_000709,Emily,Williams,emily.williams709@example.com,939-236-7690,North,2026-07-24T01:40:52.010913Z,2026-07-25T11:14:46.293276Z
CUST_001084,Tom,Miller,tom.miller1084@example.com,880-466-8776,North,2024-10-29T04:07:01.169864Z,2025-07-25T02:36:11.696926Z
CUST_001818,James,Williams,james.williams1818@example.com,219-197-7583,West,2026-03-03T23:33:09.134977Z,2026-04-08T04:54:08.291373Z
CUST_000276,Grace,Nair,grace.nair276@example.com,667-403-5327,Central,2026-05-22T05:55:02.893647Z,2026-06-20T09:23:51.709641Z
CUST_000067,Nina,Clark,nina.clark67@example.com,879-911-3492,Central,2025-08-26T16:37:21.911946Z,2026-03-11T03:55:54.461694Z
CUST_001475,Michael,Ahmed,michael.ahmed1475@example.com,861-491-4151,West,2026-03-29T00:44:34.856114Z,2026-07-19T06:12:18.308729Z
CUST_000034,Lisa,Reddy,lisa.reddy34@example.com,399-835-7291,South,2026-05-07T20:44:00.936021Z,2026-07-19T03:49:27.229471Z
CUST_000301,Lukas,Brown,lukas.brown301@example.com,698-144-5856,South,2026-01-03T16:05:06.175526Z,2026-04-27T17:34:00.657386Z
CUST_001206,Divya,Jones,divya.jones1206@example.com,800-242-7672,South,2025-07-18T05:13:38.631205Z,2025-07-31T16:09:04.251807Z
CUST_000430,Meera,Davis,meera.davis430@example.com,593-463-4698,South,2026-02-17T18:31:54.766418Z,2026-06-12T07:45:32.282329Z
CUST_000899,Ava,Clark,ava.clark899@example.com,645-149-8614,East,2025-02-19T15:29:23.052505Z,2026-05-30T19:43:23.264583Z
CUST_001344,Daniel,Ahmed,daniel.ahmed1344@example.com,237-929-2467,North,2025-08-21T17:47:24.744984Z,2025-12-18T08:11:17.138622Z
CUST_001282,Vikram,Johnson,vikram.johnson1282@example.com,223-908-7468,North,2024-11-01T10:55:00.604430Z,2025-08-19T21:20:08.157420Z
CUST_000100,James,Desai,james.desai100@example.com,381-891-9095,North,2025-01-04T18:28:43.969045Z,2025-03-22T18:41:40.654858Z
CUST_001032,Emma,Ahmed,emma.ahmed1032@example.com,921-242-4268,North,2024-12-03T05:05:45.997606Z,2025-01-29T02:00:27.830045Z
CUST_001874,Chen,Patel,chen.patel1874@example.com,449-316-7122,North,2025-04-03T15:05:38.064795Z,2026-02-26T00:03:41.022731Z
CUST_001538,Chen,Reddy,chen.reddy1538@example.com,787-585-6036,North,2026-01-28T11:07:15.758652Z,2026-03-01T13:02:36.061940Z
CUST_001883,Daniel,Williams,daniel.williams1883@example.com,970-650-3433,West,2025-04-09T02:13:09.272266Z,2026-01-25T13:22:38.690702Z
CUST_000622,Priya,Brown,priya.brown622@example.com,620-500-3572,South,2025-01-23T13:30:47.072103Z,2025-12-23T12:57:55.216509Z
CUST_001698,Vikram,Brown,vikram.brown1698@example.com,882-278-3210,East,2026-03-04T05:38:33.405748Z,2026-07-06T05:10:26.591056Z
CUST_000824,Arjun,Sharma,arjun.sharma824@example.com,637-901-1935,South,2026-04-29T23:59:43.301380Z,2026-06-23T17:29:27.600417Z
CUST_001873,Noah,Brown,noah.brown1873@example.com,436-700-3570,West,2025-03-09T11:00:11.158569Z,2025-05-10T01:26:06.704039Z
CUST_001602,Olivia,Khan,olivia.khan1602@example.com,573-109-2973,South,2026-01-19T10:14:21.555859Z,2026-04-13T05:45:07.023733Z
CUST_001857,Noah,Williams,noah.williams1857@example.com,368-884-9693,North,2025-10-28T00:50:59.457892Z,2026-01-10T09:07:40.734222Z
CUST_000720,Michael,Iyer,michael.iyer720@example.com,268-215-8003,South,2025-12-03T02:20:08.190706Z,2026-06-29T12:22:20.518213Z
CUST_001672,Priya,Patel,,912-270-2802,North,2025-11-30T10:02:44.476496Z,2026-07-24T20:53:53.589403Z
CUST_000883,Noah,Desai,noah.desai883@example.com,502-365-8202,North,2025-02-21T18:23:22.809889Z,2025-08-21T20:33:28.869793Z
CUST_000726,Lukas,Clark,lukas.clark726@example.com,939-445-8274,Central,2025-11-25T09:07:09.062915Z,2026-03-10T20:02:38.787619Z
CUST_000624,Noah,Jones,noah.jones624@example.com,536-682-9043,East,2025-04-10T23:05:18.677693Z,2026-01-04T14:22:44.883571Z
CUST_000871,Grace,Lim,grace.lim871@example.com,372-102-4798,East,2025-11-28T19:09:09.172824Z,2026-01-20T15:55:00.339044Z
CUST_000173,Tom,Ahmed,tom.ahmed173@example.com,298-636-3439,South,2025-01-31T08:52:22.280310Z,2025-05-20T12:05:23.425750Z
CUST_000207,Vikram,Khan,vikram.khan207@example.com,870-469-5102,South,2025-05-08T20:10:03.415594Z,2025-06-24T20:19:46.733417Z
CUST_001007,Meera,Smith,meera.smith1007@example.com,491-649-5693,Central,2026-07-13T03:48:07.414089Z,2026-07-19T06:05:35.887571Z
CUST_001563,Noah,Sharma,noah.sharma1563@example.com,616-155-3370,South,2025-06-10T09:54:50.975881Z,2025-10-13T04:11:23.151230Z
CUST_000692,Aarav,Nair,aarav.nair692@example.com,741-626-3518,South,2025-02-19T00:09:49.688530Z,2025-05-16T08:14:30.414563Z
CUST_001150,Ananya,Schmidt,ananya.schmidt1150@example.com,371-294-8920,West,2025-09-17T02:47:14.875048Z,2026-01-03T21:59:58.818691Z
CUST_001808,Daniel,Jones,daniel.jones1808@example.com,294-405-1736,West,2025-04-27T17:20:00.187590Z,2026-06-16T23:51:21.359949Z
CUST_000764,Laura,Johnson,laura.johnson764@example.com,607-130-2878,East,2026-05-23T05:22:15.076168Z,2026-07-07T06:42:23.390032Z
CUST_000921,James,Williams,james.williams921@example.com,661-816-5225,North,2025-10-30T04:09:33.302441Z,2026-04-17T00:14:56.388865Z
CUST_001715,Grace,Reddy,grace.reddy1715@example.com,662-366-5444,East,2024-11-06T21:23:15.631533Z,2025-09-30T21:07:58.417722Z
CUST_001482,Lukas,Sharma,lukas.sharma1482@example.com,299-299-4354,East,2026-02-16T17:48:54.042412Z,2026-05-13T01:17:36.560393Z
CUST_001788,Daniel,Schmidt,daniel.schmidt1788@example.com,430-295-6543,East,2026-01-14T15:28:15.775668Z,2026-07-19T03:49:10.880661Z
CUST_001079,Mei,Miller,mei.miller1079@example.com,807-983-1462,North,2026-07-02T16:11:29.288086Z,2026-07-06T22:36:24.840231Z
CUST_000777,Ananya,Rao,ananya.rao777@example.com,473-129-8802,North,2025-11-15T08:07:59.577035Z,2026-01-01T02:22:27.222367Z
CUST_000891,Sarah,Johnson,sarah.johnson891@example.com,408-547-2477,North,2025-03-30T17:54:49.392437Z,2026-06-12T00:30:10.361456Z
CUST_001669,Nina,Rossi,nina.rossi1669@example.com,251-412-9007,North,2026-06-20T23:06:18.232919Z,2026-07-17T14:32:58.547933Z
CUST_001156,Chen,Reddy,chen.reddy1156@example.com,978-663-9868,North,2025-05-11T22:35:59.605407Z,2025-10-17T22:34:19.950344Z
CUST_000540,James,Lim,james.lim540@example.com,871-737-8423,East,2025-07-04T23:58:51.596805Z,2025-07-26T04:13:55.051047Z
CUST_000985,Ava,Rao,ava.rao985@example.com,909-237-6270,South,2025-08-01T07:50:34.607081Z,2025-09-09T04:06:58.822312Z
CUST_000794,Laura,Davis,laura.davis794@example.com,985-531-2448,North,2026-02-24T09:50:15.608512Z,2026-03-02T16:23:08.651050Z
CUST_000032,David,Rossi,david.rossi32@example.com,415-540-6279,West,2025-06-08T06:32:30.832291Z,2025-11-01T23:10:42.088914Z
CUST_000163,Chen,Kulkarni,chen.kulkarni163@example.com,707-148-6642,East,2025-10-12T16:20:44.436548Z,2026-07-23T13:09:19.394747Z
CUST_000946,Aarav,Lim,aarav.lim946@example.com,430-430-7998,West,2024-08-20T18:43:49.342485Z,2024-08-28T17:29:41.697724Z
CUST_000844,Mei,Patel,mei.patel844@example.com,399-106-9001,Central,2026-02-04T06:18:36.447220Z,2026-06-21T23:28:33.132307Z
CUST_000419,Michael,Desai,michael.desai419@example.com,280-873-8629,East,2026-06-18T22:29:06.477714Z,2026-07-22T09:43:41.744715Z
CUST_001124,Emma,Williams,emma.williams1124@example.com,464-690-9977,East,2025-08-17T10:40:42.342394Z,2026-04-14T16:09:42.715084Z
CUST_001245,Sofia,Williams,sofia.williams1245@example.com,858-290-4890,East,2024-08-01T00:42:57.909941Z,2025-09-13T11:48:24.399443Z
CUST_001995,Rohan,Weber,rohan.weber1995@example.com,474-692-1600,East,2026-01-22T22:38:53.059016Z,2026-04-16T07:30:43.171276Z
CUST_000710,Meera,Smith,meera.smith710@example.com,996-899-2743,Central,2026-02-02T20:16:55.656649Z,2026-07-20T20:38:35.216173Z
CUST_000523,Liam,Kulkarni,liam.kulkarni523@example.com,985-759-7656,Central,2026-05-09T02:52:49.986180Z,2026-06-18T15:30:47.433021Z
CUST_001993,Lukas,Clark,lukas.clark1993@example.com,799-154-7421,East,2026-05-26T22:03:07.800702Z,2026-07-02T06:41:52.013597Z
CUST_000212,Divya,Rossi,divya.rossi212@example.com,997-807-1439,East,2026-04-15T09:13:33.636408Z,2026-05-21T16:12:47.410780Z
CUST_001843,Arjun,Iyer,arjun.iyer1843@example.com,898-416-1265,West,2024-11-09T14:42:55.004517Z,2026-06-28T05:59:33.582636Z
CUST_001167,Daniel,Desai,daniel.desai1167@example.com,688-499-5417,East,2025-05-10T04:01:49.245808Z,2026-07-13T20:31:24.229504Z
CUST_001288,Omar,Khan,omar.khan1288@example.com,,North,2026-07-20T11:58:57.425239Z,2026-07-25T15:36:58.805738Z
CUST_001197,Ava,Sharma,ava.sharma1197@example.com,515-521-5584,East,2025-11-25T16:32:58.962646Z,2026-03-01T00:49:14.766278Z
CUST_001226,Omar,Smith,omar.smith1226@example.com,653-713-5612,North,2025-12-21T14:56:08.761288Z,2026-04-12T12:48:55.431642Z
CUST_001557,Noah,Johnson,noah.johnson1557@example.com,214-371-4505,West,2025-02-06T17:53:39.054125Z,2025-11-29T01:12:19.401155Z
CUST_001066,Rohan,Smith,rohan.smith1066@example.com,473-124-5455,East,2025-12-04T22:28:51.002043Z,2026-01-24T20:02:55.590570Z
CUST_000909,Aarav,Iyer,aarav.iyer909@example.com,778-541-7805,East,2025-01-18T09:35:47.514595Z,2026-01-13T07:24:58.563706Z
CUST_001237,Nina,Rao,nina.rao1237@example.com,215-473-1036,Central,2026-01-13T21:53:10.189214Z,2026-02-19T07:40:22.343818Z
CUST_001664,Michael,Nair,michael.nair1664@example.com,288-955-9100,South,2025-10-26T05:19:44.191629Z,2025-11-05T01:56:10.300973Z
CUST_001575,Aarav,Tan,aarav.tan1575@example.com,781-871-3494,Central,2024-11-03T15:12:59.478933Z,2025-12-01T23:53:37.705958Z
CUST_000102,Emily,Johnson,emily.johnson102@example.com,808-619-7299,North,2024-11-01T23:57:02.471579Z,2026-07-23T18:41:12.337145Z
CUST_000455,Lisa,Miller,lisa.miller455@example.com,368-549-4991,North,2025-08-14T03:50:54.662904Z,2026-05-24T19:24:49.165416Z
CUST_001093,Emma,Tan,emma.tan1093@example.com,908-601-6610,North,2025-07-12T02:16:40.281240Z,2025-08-27T08:55:18.623309Z
CUST_001877,Vikram,Rao,vikram.rao1877@example.com,679-576-9756,North,2025-08-30T12:18:28.769567Z,2026-07-17T09:53:15.465502Z
CUST_001600,James,Patel,james.patel1600@example.com,686-932-2913,Central,2025-03-03T15:47:06.618338Z,2025-08-02T14:48:41.581724Z
CUST_001459,Ananya,Sharma,ananya.sharma1459@example.com,931-693-7810,South,2026-06-11T21:25:50.861462Z,2026-07-09T17:53:01.034256Z
CUST_001484,Ava,Nair,ava.nair1484@example.com,645-656-7834,East,2026-02-03T09:57:00.109032Z,2026-03-14T18:07:33.342587Z
CUST_001490,Omar,Kulkarni,omar.kulkarni1490@example.com,953-662-1326,South,2025-02-20T13:26:01.773325Z,2025-06-13T22:47:10.740536Z
CUST_001821,Ananya,Desai,ananya.desai1821@example.com,543-952-7745,North,2026-04-05T06:19:11.524914Z,2026-05-07T12:19:49.843219Z
CUST_001057,Tom,Reddy,tom.reddy1057@example.com,,East,2025-08-12T20:47:39.295087Z,2026-04-29T08:35:23.535696Z
CUST_000955,Ava,Smith,ava.smith955@example.com,539-129-8708,East,2024-08-30T13:02:34.395351Z,2024-09-25T19:46:33.177985Z
CUST_000037,James,Davis,james.davis37@example.com,478-443-6238,North,2025-05-20T04:14:24.727659Z,2025-09-17T04:45:13.067348Z
CUST_000580,Laura,Sharma,laura.sharma580@example.com,463-193-2878,West,2025-06-21T09:09:11.267968Z,2026-01-02T02:09:19.998417Z
CUST_001739,David,Miller,david.miller1739@example.com,614-694-4519,Central,2025-06-04T03:35:15.204271Z,2026-06-06T10:45:38.518936Z
CUST_000721,Laura,Weber,laura.weber721@example.com,341-921-5028,East,2025-09-28T17:34:31.558339Z,2026-03-17T17:52:14.403310Z
CUST_000432,Lisa,Smith,lisa.smith432@example.com,824-190-5017,South,2024-10-20T21:04:43.664469Z,2026-04-08T17:51:37.327679Z
CUST_001757,Meera,Iyer,meera.iyer1757@example.com,920-411-9154,Central,2026-03-29T20:10:21.417009Z,2026-06-04T22:29:47.528498Z
CUST_000396,Arjun,Johnson,arjun.johnson396@example.com,492-572-3727,South,2025-06-08T01:44:33.947572Z,2026-07-09T04:29:53.677486Z
CUST_001295,Michael,Desai,michael.desai1295@example.com,360-942-8200,Central,2025-02-22T12:27:52.156147Z,2026-04-10T02:22:37.067187Z
CUST_000317,Chen,Rossi,chen.rossi317@example.com,587-474-2275,East,2025-08-21T07:33:25.370040Z,2026-07-21T11:31:50.505529Z
CUST_000917,Meera,Rao,meera.rao917@example.com,966-133-7657,South,2024-10-11T12:04:50.437350Z,2024-10-18T08:56:45.563443Z
CUST_000595,Arjun,Williams,arjun.williams595@example.com,955-331-7943,North,2026-03-09T06:10:21.325903Z,2026-03-15T02:40:40.101424Z
CUST_001370,Sofia,Ahmed,sofia.ahmed1370@example.com,387-170-8672,East,2025-03-16T23:23:28.268470Z,2026-03-01T16:48:56.863876Z
CUST_001379,Omar,Lim,omar.lim1379@example.com,244-954-9066,South,2025-10-23T06:54:08.486220Z,2026-03-16T19:35:03.975962Z
CUST_000230,Omar,Reddy,omar.reddy230@example.com,276-122-2056,East,2025-04-23T04:05:57.888432Z,2026-06-13T10:07:02.988052Z
CUST_001135,Vikram,Iyer,vikram.iyer1135@example.com,540-804-6242,East,2025-05-17T13:26:07.975042Z,2026-06-15T20:42:42.578940Z
CUST_001308,Fatima,Tan,fatima.tan1308@example.com,773-616-3464,North,2025-01-17T18:42:59.889121Z,2026-03-26T15:42:40.052455Z
CUST_001985,David,Rossi,david.rossi1985@example.com,228-384-9868,East,2025-03-25T20:14:25.764345Z,2025-03-26T07:44:53.082583Z
CUST_000004,Omar,Lim,omar.lim4@example.com,396-821-2139,Central,2025-08-06T09:05:54.244098Z,2026-05-28T03:24:17.475435Z
CUST_001844,Emma,Khan,emma.khan1844@example.com,335-960-9742,North,2024-11-03T10:08:58.508117Z,2025-03-05T22:04:49.974584Z
CUST_001000,Nina,Nair,nina.nair1000@example.com,598-413-9152,South,2025-12-09T21:44:03.553176Z,2026-05-14T01:12:05.322038Z
CUST_001898,Chen,Clark,chen.clark1898@example.com,349-367-7055,West,2024-11-25T18:59:13.392377Z,2025-06-05T01:52:41.933231Z
CUST_000320,Chen,Kulkarni,chen.kulkarni320@example.com,786-250-1916,North,2026-01-07T16:25:38.590982Z,2026-01-17T20:01:56.754500Z
CUST_000982,Olivia,Johnson,olivia.johnson982@example.com,430-553-1668,East,2024-10-24T08:01:31.235372Z,2025-09-20T22:14:15.917646Z
CUST_000025,Sofia,Iyer,sofia.iyer25@example.com,573-915-1653,South,2024-09-12T07:42:06.370858Z,2025-07-24T17:56:55.426117Z
CUST_000071,Laura,Tan,laura.tan71@example.com,379-180-7267,East,2025-02-01T18:09:14.483550Z,2025-07-25T20:16:29.267729Z
CUST_001074,Sofia,Khan,sofia.khan1074@example.com,216-131-5846,North,2025-02-12T21:04:04.265744Z,2025-03-08T14:07:27.990772Z
CUST_001994,Nina,Reddy,nina.reddy1994@example.com,393-914-3813,South,2025-12-19T22:12:26.965657Z,2026-03-18T03:51:53.253836Z
CUST_000981,Mei,Clark,mei.clark981@example.com,928-712-7629,North,2024-11-04T10:34:22.416029Z,2025-02-04T04:58:24.108659Z
CUST_000779,Meera,Lim,meera.lim779@example.com,731-543-2788,North,2026-04-15T03:14:07.055718Z,2026-06-17T01:36:17.250365Z
CUST_000329,Meera,Nair,meera.nair329@example.com,763-728-1852,North,2025-09-15T00:51:05.863245Z,2026-03-07T04:30:59.629402Z
CUST_001663,Priya,Miller,priya.miller1663@example.com,457-718-5789,West,2025-03-02T08:56:27.848142Z,2026-04-10T02:30:20.900043Z
CUST_001975,Rohan,Ahmed,rohan.ahmed1975@example.com,427-525-1148,South,2024-12-03T21:43:05.680014Z,2026-01-27T22:30:15.774142Z
CUST_001141,Grace,Tan,grace.tan1141@example.com,245-391-6449,South,2026-02-03T02:30:53.920895Z,2026-05-30T13:59:29.958508Z
CUST_001554,Daniel,Davis,daniel.davis1554@example.com,486-167-1322,North,2025-05-02T22:37:53.738359Z,2026-05-25T08:06:36.225539Z
CUST_001963,Vikram,Patel,vikram.patel1963@example.com,610-404-7000,North,2026-04-15T17:11:50.757440Z,2026-05-16T07:06:15.267755Z
CUST_001941,David,Ahmed,david.ahmed1941@example.com,385-265-4720,East,2025-07-19T06:52:07.664784Z,2025-10-03T17:01:24.176316Z
CUST_000782,Divya,Kulkarni,divya.kulkarni782@example.com,,South,2024-10-11T15:27:21.021838Z,2025-03-30T05:16:56.080716Z
CUST_001211,Ananya,Weber,ananya.weber1211@example.com,981-674-3336,East,2025-12-10T08:18:47.042301Z,2026-03-28T03:15:19.939902Z
CUST_001354,Arjun,Johnson,arjun.johnson1354@example.com,943-681-7639,East,2025-08-22T00:33:14.566163Z,2026-05-22T13:35:35.545300Z
CUST_001832,Sofia,Clark,sofia.clark1832@example.com,949-381-4407,North,2024-12-22T09:25:50.206002Z,2026-01-21T18:49:19.821032Z
CUST_001286,Ava,Patel,ava.patel1286@example.com,365-590-4781,South,2025-08-06T05:38:39.064506Z,2026-06-16T14:46:46.089520Z
CUST_000718,Emily,Reddy,emily.reddy718@example.com,382-538-9691,Central,2026-04-12T13:09:57.699686Z,2026-05-01T21:19:39.857276Z
CUST_000094,Priya,Iyer,priya.iyer94@example.com,890-183-5458,North,2026-04-25T19:28:26.286436Z,2026-05-01T06:48:32.119346Z
CUST_001221,Emily,Miller,emily.miller1221@example.com,775-593-7978,East,2025-03-10T04:49:12.846444Z,2025-03-17T16:20:36.353215Z
CUST_000862,Lisa,Rao,lisa.rao862@example.com,621-418-6535,North,2025-12-19T22:36:38.426282Z,2026-02-21T00:17:44.219387Z
CUST_000724,Priya,Iyer,priya.iyer724@example.com,346-486-1431,North,2026-07-14T01:44:06.694940Z,2026-07-25T18:04:30.878116Z
CUST_001403,Emma,Sharma,emma.sharma1403@example.com,268-734-7342,North,2026-02-06T02:51:55.212886Z,2026-04-17T03:26:31.014671Z
CUST_001674,Lukas,Rao,lukas.rao1674@example.com,860-550-4456,North,2025-09-10T22:50:56.948713Z,2026-05-15T03:35:59.142228Z
CUST_001081,Ananya,Ahmed,,693-597-5080,North,2024-10-18T20:57:11.809985Z,2025-05-09T12:02:19.191551Z
CUST_000182,David,Sharma,david.sharma182@example.com,942-672-4977,North,2025-09-02T12:10:08.281981Z,2025-10-15T09:17:31.153023Z
CUST_000722,Rohan,Tan,rohan.tan722@example.com,995-810-4593,East,2026-01-22T00:13:54.017987Z,2026-06-18T11:35:30.140082Z
CUST_001503,Nina,Sharma,nina.sharma1503@example.com,668-414-9159,East,2026-02-18T19:54:36.298033Z,2026-07-20T12:17:04.999930Z
CUST_001098,Ava,Weber,ava.weber1098@example.com,483-623-7889,South,2026-02-15T13:40:31.624187Z,2026-07-14T03:30:27.405678Z
CUST_001450,Tom,Smith,tom.smith1450@example.com,324-505-5007,West,2025-06-09T22:54:16.289184Z,2026-04-18T18:28:18.237413Z
CUST_000969,Ananya,Tan,ananya.tan969@example.com,,Central,2025-01-03T03:33:19.549706Z,2025-08-01T03:49:40.627516Z
CUST_001041,Meera,Johnson,meera.johnson1041@example.com,433-294-8971,West,2026-02-14T13:54:10.511015Z,2026-04-26T21:03:22.111161Z
CUST_000835,Daniel,Miller,daniel.miller835@example.com,717-178-6935,South,2025-07-27T14:50:26.240924Z,2026-05-09T18:52:52.131366Z
CUST_000234,Aarav,Williams,aarav.williams234@example.com,259-928-8728,East,2024-08-31T07:10:06.259896Z,2025-06-14T21:15:17.559614Z
CUST_001072,Michael,Weber,michael.weber1072@example.com,604-635-7435,North,2025-08-18T13:44:48.111596Z,2026-05-25T07:40:41.475690Z
CUST_001137,Nina,Davis,nina.davis1137@example.com,660-236-6356,East,2025-09-12T21:20:58.788019Z,2026-02-24T18:55:44.192898Z
CUST_000498,Nina,Brown,nina.brown498@example.com,284-435-9088,East,2026-02-22T19:47:19.720420Z,2026-03-04T14:14:35.427066Z
CUST_000791,Chen,Reddy,chen.reddy791@example.com,563-354-7328,North,2024-09-02T03:57:16.964893Z,2025-12-30T09:38:19.181720Z
CUST_000235,Noah,Patel,noah.patel235@example.com,597-463-3846,West,2025-03-13T23:44:22.958377Z,2026-01-01T18:01:45.734591Z
CUST_001345,Liam,Desai,liam.desai1345@example.com,806-560-3666,West,2026-05-27T03:09:07.677454Z,2026-06-10T21:35:31.031544Z
CUST_000801,Emma,Nair,emma.nair801@example.com,228-390-8488,South,2025-10-10T18:19:02.676445Z,2025-12-24T20:57:42.649987Z
CUST_001637,Ananya,Tan,ananya.tan1637@example.com,369-290-2273,Central,2025-01-23T09:56:52.249767Z,2025-03-11T19:02:17.271631Z
CUST_000576,Lukas,Khan,lukas.khan576@example.com,352-987-6328,South,2025-11-04T19:26:24.244131Z,2026-06-21T12:21:34.048045Z
CUST_000079,Sofia,Williams,sofia.williams79@example.com,264-750-8606,Central,2025-03-15T13:07:08.047549Z,2026-02-09T01:19:31.121761Z
CUST_000425,Lisa,Khan,lisa.khan425@example.com,663-644-5775,West,2024-12-29T06:13:43.920047Z,2025-05-30T10:19:36.832932Z
CUST_001217,Emma,Rao,emma.rao1217@example.com,613-677-1897,North,2024-12-23T17:30:09.417326Z,2026-03-08T20:07:29.800893Z
CUST_001102,Aarav,Kulkarni,aarav.kulkarni1102@example.com,697-227-2567,North,2026-04-21T07:29:39.173688Z,2026-05-25T05:58:14.293046Z
CUST_001933,Rohan,Khan,rohan.khan1933@example.com,670-511-3816,South,2026-05-18T13:27:28.539726Z,2026-06-07T22:32:00.597558Z
CUST_001142,Liam,Lim,liam.lim1142@example.com,428-560-5336,East,2025-06-19T01:52:14.700901Z,2026-04-17T18:16:25.278256Z
CUST_001744,Olivia,Williams,olivia.williams1744@example.com,444-802-3987,East,2024-09-17T22:00:04.443841Z,2025-02-03T19:12:14.798118Z
CUST_001075,Emily,Ahmed,emily.ahmed1075@example.com,507-451-7352,South,2026-07-16T19:37:58.501680Z,2026-07-25T20:39:37.043908Z
CUST_001946,Arjun,Ahmed,arjun.ahmed1946@example.com,403-905-5860,West,2025-05-02T21:59:22.686727Z,2026-01-16T17:27:40.167794Z
CUST_001703,Ava,Jones,ava.jones1703@example.com,964-168-5996,North,2026-04-24T01:55:18.766602Z,2026-07-25T18:04:13.315117Z
CUST_000995,Meera,Davis,meera.davis995@example.com,352-933-8292,East,2025-01-29T17:56:50.986399Z,2026-07-02T03:51:59.326804Z
CUST_000305,Emily,Schmidt,emily.schmidt305@example.com,821-188-5612,North,2026-07-04T12:52:42.032316Z,2026-07-13T15:10:34.230545Z
CUST_001229,Ava,Williams,ava.williams1229@example.com,553-510-2781,South,2025-01-23T14:00:13.890813Z,2025-08-18T05:43:06.082412Z
CUST_000444,Liam,Ahmed,liam.ahmed444@example.com,365-899-2212,West,2025-06-28T12:21:03.270782Z,2025-11-06T08:11:28.072769Z
CUST_001714,Sofia,Tan,sofia.tan1714@example.com,592-297-5190,South,2025-05-02T17:50:22.533603Z,2025-10-29T00:22:22.571063Z
CUST_000103,Mei,Weber,mei.weber103@example.com,305-930-6626,South,2024-10-03T20:11:02.259778Z,2026-01-07T22:28:28.549525Z
CUST_001879,Meera,Ahmed,meera.ahmed1879@example.com,328-127-3623,South,2025-10-03T20:20:30.574032Z,2025-11-06T01:26:42.077782Z
CUST_001822,Sarah,Lim,sarah.lim1822@example.com,470-697-9388,South,2024-08-06T05:47:03.765127Z,2025-01-30T18:22:15.458506Z
CUST_000856,Lisa,Schmidt,lisa.schmidt856@example.com,243-260-5638,North,2025-09-12T22:15:02.285693Z,2026-05-18T23:07:52.822139Z
CUST_001545,Michael,Khan,michael.khan1545@example.com,850-406-7710,Central,2025-07-09T11:07:02.198085Z,2026-04-09T21:35:34.001281Z
CUST_001724,Liam,Weber,liam.weber1724@example.com,479-472-5563,East,2025-12-01T01:55:34.711874Z,2026-04-02T21:49:08.963152Z
CUST_000583,Nina,Sharma,nina.sharma583@example.com,219-375-2663,South,2025-03-28T04:19:36.426504Z,2026-07-08T14:05:54.666683Z
CUST_001847,Priya,Reddy,priya.reddy1847@example.com,423-439-1842,East,2024-10-24T21:11:24.069656Z,2025-10-02T13:35:16.853696Z
CUST_000091,Olivia,Rossi,olivia.rossi91@example.com,431-926-8030,South,2025-05-13T19:39:43.673918Z,2026-03-02T17:01:38.974215Z
CUST_000224,Fatima,Jones,fatima.jones224@example.com,410-642-4902,West,2025-06-11T04:45:17.097545Z,2025-08-03T01:58:14.940874Z
CUST_000762,Fatima,Clark,fatima.clark762@example.com,797-912-6105,North,2025-09-07T23:31:27.925743Z,2025-10-29T14:27:38.783369Z
CUST_001215,Chen,Jones,chen.jones1215@example.com,765-757-8474,West,2026-06-04T04:34:50.383968Z,2026-06-22T18:24:40.998176Z
CUST_001568,Liam,Jones,liam.jones1568@example.com,950-721-9779,Central,2026-07-21T17:27:50.921497Z,2026-07-23T16:43:26.133066Z
CUST_001527,Emma,Jones,emma.jones1527@example.com,429-314-7488,East,2024-10-06T08:56:24.659664Z,2025-08-19T13:16:57.358041Z
CUST_000087,Tom,Williams,tom.williams87@example.com,501-564-9282,South,2026-04-04T22:07:54.686516Z,2026-06-10T20:56:49.578116Z
CUST_001035,Tom,Reddy,tom.reddy1035@example.com,433-266-7466,North,2025-06-26T19:26:32.671712Z,2026-07-18T09:13:27.263139Z
CUST_000050,Laura,Rossi,laura.rossi50@example.com,477-413-5118,South,2026-07-21T10:07:47.561894Z,2026-07-24T22:11:12.226895Z
CUST_000866,Liam,Brown,liam.brown866@example.com,497-635-4349,East,2025-01-17T11:33:38.263443Z,2025-06-10T15:29:13.981679Z
CUST_001419,Emily,Ahmed,emily.ahmed1419@example.com,717-916-8547,North,2025-01-28T20:56:43.522248Z,2026-04-16T01:07:31.203419Z
CUST_000442,Emily,Rao,emily.rao442@example.com,234-124-2506,East,2025-04-15T06:38:40.127706Z,2025-07-22T22:07:05.898043Z
CUST_001405,Chen,Schmidt,chen.schmidt1405@example.com,261-410-5701,West,2025-08-06T09:41:02.462396Z,2026-02-07T13:25:12.718125Z
CUST_000389,Arjun,Khan,arjun.khan389@example.com,341-416-9582,North,2026-02-06T04:41:59.592282Z,2026-03-29T05:20:04.584413Z
CUST_001968,Nina,Rao,nina.rao1968@example.com,300-707-5033,West,2025-01-07T10:28:13.712399Z,2025-06-16T14:27:49.507559Z
CUST_000159,Omar,Brown,omar.brown159@example.com,741-230-4648,North,2026-02-02T09:29:43.754024Z,2026-05-13T17:27:34.397700Z
CUST_000944,Rohan,Reddy,rohan.reddy944@example.com,744-262-9413,East,2026-02-23T14:39:41.200160Z,2026-03-23T02:49:43.451880Z
CUST_000913,Meera,Ahmed,meera.ahmed913@example.com,868-528-7852,Central,2025-08-28T19:14:08.639323Z,2026-06-21T19:32:05.628692Z
CUST_001220,Michael,Sharma,michael.sharma1220@example.com,804-881-6877,South,2024-12-29T21:17:05.821665Z,2026-02-17T17:24:36.396672Z
CUST_000861,Emma,Khan,emma.khan861@example.com,373-312-9025,Central,2024-11-06T12:39:53.496516Z,2026-06-03T16:46:53.594164Z
CUST_001336,Daniel,Johnson,daniel.johnson1336@example.com,948-603-2390,West,2026-04-22T12:48:13.254695Z,2026-07-25T21:18:41.672677Z
CUST_001368,Sofia,Tan,sofia.tan1368@example.com,334-709-5212,North,2025-09-27T03:26:53.768294Z,2026-03-22T02:39:50.755971Z
CUST_000735,Lisa,Ahmed,lisa.ahmed735@example.com,825-721-2228,South,2025-03-02T15:06:51.015667Z,2026-07-25T04:49:55.324578Z
CUST_001657,Noah,Johnson,noah.johnson1657@example.com,829-176-1817,East,2024-08-20T07:15:23.800079Z,2025-04-14T06:34:39.186265Z
CUST_001026,Emma,Reddy,emma.reddy1026@example.com,836-704-7844,South,2025-12-20T08:12:32.293859Z,2025-12-24T16:57:58.024583Z
CUST_000790,Noah,Sharma,noah.sharma790@example.com,490-904-9224,North,2024-12-20T04:05:45.283816Z,2025-12-13T04:46:12.453038Z
CUST_001351,Emily,Smith,emily.smith1351@example.com,648-954-2221,Central,2026-03-26T01:27:27.940453Z,2026-05-13T21:24:27.281723Z
CUST_001152,Omar,Williams,omar.williams1152@example.com,674-187-3196,South,2024-08-08T17:49:07.621685Z,2025-06-26T04:30:31.580476Z
CUST_001244,Sofia,Weber,sofia.weber1244@example.com,717-609-3521,South,2025-01-01T16:36:12.517899Z,2026-03-23T23:02:50.674554Z
CUST_001797,David,Brown,david.brown1797@example.com,956-360-9807,North,2025-07-22T12:01:29.954604Z,2026-06-07T06:19:18.833312Z
CUST_001894,Tom,Clark,,699-509-8295,North,2024-10-05T20:14:42.147455Z,2025-11-13T16:27:12.004555Z
CUST_000316,Arjun,Schmidt,arjun.schmidt316@example.com,680-565-1760,Central,2025-08-05T03:45:33.664343Z,2026-02-19T08:53:47.276106Z
CUST_000593,Aarav,Clark,,897-673-8437,East,2026-04-22T21:41:03.895336Z,2026-05-24T10:27:54.426640Z
CUST_000086,Olivia,Jones,olivia.jones86@example.com,929-554-2204,South,2024-11-19T04:04:08.288375Z,2026-04-05T19:40:37.574993Z
CUST_000641,Chen,Rossi,chen.rossi641@example.com,719-180-7983,West,2025-02-26T23:12:15.444613Z,2025-10-25T05:38:15.317824Z
CUST_000150,Michael,Kulkarni,michael.kulkarni150@example.com,935-290-1230,West,2026-05-26T18:43:48.202544Z,2026-06-11T05:39:54.669752Z
CUST_000893,Liam,Johnson,liam.johnson893@example.com,746-173-6683,West,2025-10-09T18:01:14.928606Z,2026-04-28T19:11:49.246580Z
CUST_000939,Tom,Clark,tom.clark939@example.com,800-484-1971,South,2025-05-14T08:34:23.459406Z,2026-03-20T09:07:30.140807Z
CUST_000002,Lukas,Lim,lukas.lim2@example.com,,North,2025-02-20T05:44:27.356778Z,2026-04-25T08:09:13.800581Z
CUST_001596,Divya,Williams,divya.williams1596@example.com,714-925-3928,East,2025-05-22T08:37:51.440166Z,2026-02-02T17:01:25.424832Z
CUST_000019,Rohan,Kulkarni,rohan.kulkarni19@example.com,613-222-5033,North,2024-10-09T02:26:42.612024Z,2025-06-06T18:33:20.980110Z
CUST_001785,Chen,Khan,chen.khan1785@example.com,596-967-2610,West,2026-01-18T00:41:52.512181Z,2026-07-01T00:58:25.406872Z
CUST_000648,Mei,Tan,mei.tan648@example.com,319-889-2512,Central,2025-01-13T12:45:37.944762Z,2025-01-25T02:33:58.197995Z
CUST_000487,Olivia,Smith,olivia.smith487@example.com,,East,2025-12-01T08:10:37.061352Z,2026-05-27T04:20:29.920982Z
CUST_001792,Daniel,Nair,daniel.nair1792@example.com,816-176-1613,South,2025-09-07T14:39:28.563847Z,2026-06-07T01:55:56.149027Z
CUST_001467,Meera,Kulkarni,meera.kulkarni1467@example.com,253-482-1958,East,2024-12-14T13:58:53.271521Z,2025-10-09T21:56:34.485039Z
CUST_000747,Chen,Sharma,chen.sharma747@example.com,509-414-9226,South,2025-08-08T15:41:29.434166Z,2025-08-16T13:22:22.868415Z
CUST_001346,David,Kulkarni,david.kulkarni1346@example.com,376-629-9432,Central,2026-03-04T17:59:13.175933Z,2026-04-26T04:07:02.855862Z
CUST_001099,Michael,Nair,michael.nair1099@example.com,978-920-1892,North,2024-12-04T03:35:34.281452Z,2025-12-09T04:50:06.970716Z
CUST_001372,Divya,Clark,divya.clark1372@example.com,715-299-9964,Central,2025-06-03T07:24:58.836547Z,2026-03-07T20:54:19.425608Z
CUST_001375,Aarav,Ahmed,aarav.ahmed1375@example.com,302-185-2640,Central,2024-11-13T12:06:38.720034Z,2025-07-10T00:09:21.844566Z
CUST_000153,Fatima,Schmidt,fatima.schmidt153@example.com,906-220-5833,Central,2026-07-22T04:30:09.477079Z,2026-07-24T23:38:23.436045Z
CUST_001746,Michael,Williams,michael.williams1746@example.com,906-450-3078,West,2025-07-03T14:20:27.596004Z,2025-11-17T22:38:39.072813Z
CUST_001732,Sarah,Rossi,sarah.rossi1732@example.com,492-437-4688,Central,2025-05-16T00:40:35.126642Z,2026-05-06T22:35:38.408199Z
CUST_000275,Nina,Desai,nina.desai275@example.com,440-102-1208,East,2025-12-06T18:42:31.156389Z,2026-02-28T02:49:32.078693Z
CUST_000841,Chen,Smith,chen.smith841@example.com,504-605-6588,Central,2024-11-08T16:37:32.885066Z,2025-07-03T13:18:20.402724Z
CUST_001526,Chen,Nair,chen.nair1526@example.com,392-399-5574,South,2026-07-04T23:30:28.778365Z,2026-07-19T12:59:10.621270Z
CUST_000247,Meera,Brown,meera.brown247@example.com,656-145-5313,Central,2025-08-14T08:36:03.158471Z,2025-11-17T22:42:06.089870Z
CUST_000882,Divya,Johnson,divya.johnson882@example.com,965-873-3174,West,2026-05-20T09:11:17.147247Z,2026-06-13T18:20:26.236936Z
CUST_001606,Sofia,Sharma,sofia.sharma1606@example.com,560-576-9200,East,2026-02-14T08:42:55.307400Z,2026-05-18T06:51:49.141508Z
CUST_001721,Grace,Lim,grace.lim1721@example.com,372-142-2924,East,2024-09-13T17:53:46.862269Z,2026-05-16T22:40:56.295853Z
CUST_000036,Mei,Schmidt,mei.schmidt36@example.com,362-861-8777,South,2026-02-13T20:17:49.815451Z,2026-06-07T16:31:40.250867Z
CUST_000504,Michael,Rossi,michael.rossi504@example.com,321-492-8374,South,2024-09-02T14:02:02.185460Z,2025-11-16T17:42:55.817241Z
CUST_000839,Liam,Williams,liam.williams839@example.com,939-146-2208,East,2026-04-24T14:58:26.661475Z,2026-05-07T14:47:53.456854Z
CUST_000569,Grace,Sharma,grace.sharma569@example.com,963-695-9737,South,2025-03-30T09:18:42.822911Z,2026-05-16T22:36:43.146770Z
CUST_001838,James,Rossi,james.rossi1838@example.com,776-658-5346,West,2025-05-16T02:55:27.517602Z,2025-06-08T19:13:02.077503Z
CUST_001331,Lukas,Jones,lukas.jones1331@example.com,330-300-2296,South,2025-12-20T11:28:59.823754Z,2026-05-12T00:59:51.286467Z
CUST_001294,Aarav,Tan,aarav.tan1294@example.com,740-792-6821,South,2025-07-24T19:16:31.031125Z,2026-04-22T06:07:35.005732Z
CUST_001055,Priya,Khan,priya.khan1055@example.com,243-143-4588,West,2025-03-19T04:32:20.338637Z,2025-11-19T12:48:40.702821Z
CUST_000356,James,Clark,james.clark356@example.com,219-255-1813,East,2025-02-09T03:18:17.131113Z,2026-01-03T22:28:46.008602Z
CUST_000473,Meera,Smith,meera.smith473@example.com,354-995-4346,North,2024-12-30T09:26:43.567735Z,2026-05-22T04:30:22.440538Z
CUST_001634,Divya,Brown,divya.brown1634@example.com,776-936-8032,East,2025-06-02T22:26:28.414326Z,2026-07-02T20:21:52.179983Z
CUST_000552,Nina,Sharma,nina.sharma552@example.com,,West,2026-03-23T20:54:45.452762Z,2026-04-23T13:54:31.772882Z
CUST_000804,Fatima,Johnson,fatima.johnson804@example.com,585-583-3955,Central,2024-10-09T21:33:16.135708Z,2026-02-16T22:20:37.608934Z
CUST_000249,Nina,Johnson,nina.johnson249@example.com,784-629-3415,North,2024-09-05T05:10:13.847732Z,2026-02-01T06:08:02.443940Z
CUST_001017,Arjun,Rao,arjun.rao1017@example.com,946-775-6954,North,2025-02-12T13:23:41.321806Z,2025-08-30T06:25:09.493074Z
CUST_000734,Lukas,Schmidt,lukas.schmidt734@example.com,735-887-6593,Central,2026-04-16T09:23:39.897531Z,2026-07-08T13:02:57.747385Z
CUST_000644,David,Davis,david.davis644@example.com,775-720-8878,South,2025-05-18T15:12:09.960633Z,2025-11-26T06:00:00.903510Z
CUST_001550,Emma,Rossi,emma.rossi1550@example.com,975-492-5439,Central,2024-12-01T01:12:19.993117Z,2025-03-19T06:37:32.796924Z
CUST_001758,Tom,Weber,tom.weber1758@example.com,713-638-3315,North,2026-01-08T14:33:41.572560Z,2026-07-25T20:30:03.345849Z
CUST_001019,Daniel,Sharma,daniel.sharma1019@example.com,883-276-5478,East,2025-08-31T04:41:25.603003Z,2026-06-17T06:09:26.331864Z
CUST_001418,Ananya,Weber,ananya.weber1418@example.com,345-223-2300,Central,2025-07-31T02:58:59.584037Z,2025-10-24T08:20:10.219273Z
CUST_000683,James,Lim,james.lim683@example.com,525-869-7382,North,2024-09-19T21:50:34.578469Z,2025-03-12T19:56:54.422210Z
CUST_000226,Divya,Johnson,divya.johnson226@example.com,917-951-6345,North,2025-06-19T02:12:08.817823Z,2026-01-06T18:06:09.110790Z
CUST_000964,Sofia,Reddy,sofia.reddy964@example.com,607-939-9370,Central,2025-12-30T07:49:01.208328Z,2026-02-14T23:47:22.551105Z
CUST_001791,Rohan,Johnson,rohan.johnson1791@example.com,867-818-2677,North,2025-12-08T20:50:20.892161Z,2025-12-21T01:12:25.561778Z
CUST_001461,Daniel,Smith,daniel.smith1461@example.com,412-961-6218,North,2024-09-08T11:03:10.169855Z,2025-07-14T17:39:17.442629Z
CUST_001263,Grace,Clark,grace.clark1263@example.com,414-171-9615,North,2025-08-13T22:34:51.856011Z,2026-01-07T03:47:08.199673Z
CUST_000141,Lukas,Khan,lukas.khan141@example.com,897-348-1517,East,2025-08-25T06:01:28.328930Z,2025-11-08T13:09:26.724042Z
CUST_001561,Arjun,Patel,arjun.patel1561@example.com,295-211-4345,East,2025-01-23T01:47:32.495571Z,2025-07-06T02:41:24.519689Z
CUST_000521,Emily,Johnson,emily.johnson521@example.com,957-778-1895,North,2026-04-13T07:16:35.403376Z,2026-04-17T09:40:44.380481Z
CUST_001252,Chen,Reddy,chen.reddy1252@example.com,813-595-3700,Central,2024-11-24T22:21:37.247482Z,2026-03-31T08:50:02.090188Z
CUST_001913,Tom,Smith,tom.smith1913@example.com,497-600-4548,North,2025-05-30T11:47:42.506911Z,2026-05-10T22:42:28.492464Z
CUST_001949,Grace,Miller,grace.miller1949@example.com,748-132-6833,Central,2026-07-09T09:20:51.062467Z,2026-07-19T11:46:02.624826Z
CUST_001494,Liam,Desai,liam.desai1494@example.com,594-789-4339,Central,2025-12-27T23:05:32.352554Z,2026-06-01T20:07:56.661762Z
CUST_000458,Lukas,Nair,lukas.nair458@example.com,424-575-4409,East,2026-02-04T04:43:54.955760Z,2026-06-13T15:31:11.167520Z
CUST_001522,Sarah,Clark,sarah.clark1522@example.com,404-366-5741,West,2026-03-08T01:21:14.512051Z,2026-07-03T16:34:01.233041Z
CUST_001466,Arjun,Smith,arjun.smith1466@example.com,330-653-5849,East,2024-12-13T18:51:47.835886Z,2025-01-29T00:05:29.752562Z
CUST_000716,Sofia,Nair,sofia.nair716@example.com,757-403-2680,North,2024-09-15T04:00:58.235208Z,2024-12-29T00:14:27.404103Z
CUST_000044,Aarav,Johnson,aarav.johnson44@example.com,932-303-2245,East,2025-08-20T07:06:44.810004Z,2026-03-11T09:54:43.629577Z
CUST_000708,Omar,Iyer,omar.iyer708@example.com,476-994-1844,Central,2025-05-12T06:34:07.001467Z,2025-07-19T20:22:40.634555Z
CUST_001815,Daniel,Patel,daniel.patel1815@example.com,346-984-8009,South,2026-02-13T07:59:51.756532Z,2026-02-13T02:23:16.187910Z
CUST_001501,Arjun,Johnson,arjun.johnson1501@example.com,366-451-6343,East,2026-03-31T13:40:40.009471Z,2026-06-11T14:47:19.929661Z
CUST_001685,Ananya,Miller,ananya.miller1685@example.com,849-485-5441,South,2024-08-06T10:56:41.553337Z,2025-09-05T18:55:48.795474Z
CUST_000212,Divya,Rossi,divya.rossi212@example.com,997-807-1439,East,2026-04-15T09:13:33.636408Z,2026-05-21T16:12:47.410780Z
CUST_001730,Michael,Kulkarni,michael.kulkarni1730@example.com,579-682-8659,East,2025-11-15T03:36:41.864424Z,2026-05-27T05:25:02.051945Z
CUST_000187,Noah,Miller,noah.miller187@example.com,447-358-3525,East,2024-12-21T02:28:38.502514Z,2025-10-27T18:25:34.531221Z
CUST_001201,Arjun,Rao,arjun.rao1201@example.com,704-321-3207,East,2026-05-09T07:02:56.426400Z,2026-06-03T01:46:04.087939Z
CUST_000155,Chen,Nair,chen.nair155@example.com,407-686-9792,North,2026-02-12T16:28:07.713341Z,2026-06-21T06:45:37.512573Z
CUST_001059,Lukas,Jones,lukas.jones1059@example.com,596-923-2748,North,2024-11-24T06:48:36.771440Z,2025-01-05T23:19:53.723255Z
CUST_001579,Omar,Smith,omar.smith1579@example.com,270-471-4333,West,2026-06-12T13:26:01.468165Z,2026-06-12T10:24:36.636705Z
CUST_000996,Ava,Johnson,ava.johnson996@example.com,804-630-3742,North,2026-07-01T19:09:39.964689Z,2026-07-06T10:29:59.690474Z
CUST_000073,Olivia,Johnson,olivia.johnson73@example.com,309-342-7248,North,2025-08-29T22:18:01.870357Z,2026-05-03T21:25:17.008491Z
CUST_001665,Sofia,Rao,sofia.rao1665@example.com,473-179-9129,South,2025-05-01T13:49:21.834803Z,2026-05-31T06:32:52.407603Z
CUST_001641,Laura,Iyer,laura.iyer1641@example.com,555-677-9820,North,2026-02-02T04:53:50.282555Z,2026-02-08T08:05:10.922436Z
CUST_001046,Ananya,Jones,ananya.jones1046@example.com,283-641-9043,West,2026-05-01T23:17:04.471319Z,2026-06-11T12:49:12.829718Z
CUST_001926,Mei,Tan,mei.tan1926@example.com,733-216-1058,North,2026-02-18T17:02:11.552313Z,2026-06-11T20:14:21.732975Z
CUST_000657,Lukas,Miller,lukas.miller657@example.com,529-117-6901,East,2024-08-04T23:20:43.465888Z,2026-05-19T07:38:31.419603Z
CUST_000270,Rohan,Patel,rohan.patel270@example.com,945-632-9587,North,2025-05-25T04:21:57.513989Z,2026-01-13T11:48:12.172892Z
CUST_000180,Tom,Reddy,tom.reddy180@example.com,928-902-3527,North,2025-01-05T03:05:00.988765Z,2026-01-29T09:28:23.798329Z
CUST_001753,Arjun,Tan,arjun.tan1753@example.com,966-688-9874,East,2026-03-08T19:50:04.270204Z,2026-07-10T19:58:45.530669Z
CUST_000763,James,Williams,james.williams763@example.com,639-304-6782,East,2026-04-14T02:28:10.932655Z,2026-06-02T01:32:16.615377Z
CUST_001666,Chen,Smith,chen.smith1666@example.com,567-995-5807,South,2024-08-12T07:24:53.798034Z,2025-01-28T04:26:35.595402Z
CUST_000761,Vikram,Smith,vikram.smith761@example.com,556-825-5822,North,2025-02-21T13:32:25.967152Z,2025-05-26T06:16:11.207488Z
CUST_000321,Grace,Ahmed,grace.ahmed321@example.com,659-721-8723,West,2024-10-27T13:38:09.833215Z,2025-06-05T18:52:49.190719Z
CUST_001272,Mei,Tan,mei.tan1272@example.com,650-171-3655,South,2025-02-08T19:29:48.552599Z,2025-08-05T15:46:07.224643Z
CUST_001216,Chen,Rao,chen.rao1216@example.com,501-121-9199,North,2026-03-02T06:11:56.199623Z,2026-03-28T03:11:53.818240Z
CUST_000162,Divya,Tan,divya.tan162@example.com,888-938-6253,South,2026-04-05T21:33:14.433649Z,2026-07-12T09:17:03.583761Z
CUST_000146,Mei,Tan,mei.tan146@example.com,431-753-4814,North,2024-09-21T22:30:06.714281Z,2026-03-18T04:00:35.974231Z
CUST_000626,Liam,Kulkarni,liam.kulkarni626@example.com,498-782-2093,North,2026-05-06T06:58:31.431256Z,2026-07-13T17:07:23.080251Z
CUST_000806,Emma,Rao,emma.rao806@example.com,973-530-2054,North,2025-01-26T01:54:47.076421Z,2026-02-23T14:48:23.635996Z
CUST_000699,David,Miller,david.miller699@example.com,427-444-7980,South,2026-07-18T20:03:19.115400Z,2026-07-21T08:23:17.988805Z
CUST_000613,Daniel,Schmidt,daniel.schmidt613@example.com,678-542-7700,East,2025-10-11T08:24:01.188288Z,2026-05-29T14:14:16.676703Z
CUST_001383,Chen,Williams,chen.williams1383@example.com,272-134-1971,North,2025-08-06T18:00:41.020155Z,2026-02-20T12:36:27.988707Z
CUST_001408,Vikram,Nair,vikram.nair1408@example.com,240-646-9077,East,2026-01-08T21:39:06.775846Z,2026-06-19T19:59:26.154684Z
CUST_001675,Meera,Kulkarni,meera.kulkarni1675@example.com,788-757-5607,South,2025-11-30T16:28:32.678473Z,2026-07-21T16:27:21.228621Z
CUST_001327,Laura,Iyer,laura.iyer1327@example.com,614-996-7246,North,2025-08-14T05:49:26.352853Z,2025-12-24T22:18:03.113664Z
CUST_001834,David,Desai,,671-242-5924,Central,2025-02-12T18:16:32.887599Z,2025-06-03T21:05:42.115172Z
CUST_001859,Mei,Johnson,mei.johnson1859@example.com,508-179-6454,Central,2025-07-04T16:48:58.100251Z,2025-11-05T20:16:18.492338Z
CUST_000312,Olivia,Iyer,olivia.iyer312@example.com,951-741-2252,Central,2025-02-18T16:40:01.852117Z,2025-11-14T18:37:25.806564Z
CUST_000560,Emma,Nair,emma.nair560@example.com,307-271-2934,West,2024-09-12T05:46:18.742563Z,2026-02-13T14:48:32.522600Z
CUST_001998,Tom,Kulkarni,tom.kulkarni1998@example.com,956-963-5162,South,2024-10-08T05:57:59.111457Z,2026-07-14T22:11:45.196995Z
CUST_001431,Meera,Clark,meera.clark1431@example.com,972-722-5784,South,2026-05-12T17:42:54.776540Z,2026-05-25T18:09:45.855309Z
CUST_001299,Lukas,Patel,lukas.patel1299@example.com,812-941-9141,West,2025-06-01T19:33:31.669915Z,2026-04-28T07:41:04.208314Z
CUST_000547,Ananya,Ahmed,ananya.ahmed547@example.com,246-185-7819,South,2025-02-03T18:46:29.794143Z,2026-03-12T21:28:39.847075Z
CUST_001962,Ananya,Kulkarni,ananya.kulkarni1962@example.com,434-947-9700,Central,2025-03-09T01:19:32.360874Z,2025-07-30T02:42:18.681797Z
CUST_001647,Emily,Sharma,emily.sharma1647@example.com,937-890-3286,South,2025-05-05T09:15:42.882183Z,2025-08-20T01:33:54.463068Z
CUST_000111,Tom,Schmidt,tom.schmidt111@example.com,981-264-5469,West,2025-05-19T13:05:58.232823Z,2025-06-30T14:56:22.975670Z
CUST_001022,Daniel,Weber,daniel.weber1022@example.com,510-203-3618,South,2025-01-27T13:07:34.954446Z,2025-11-19T19:26:10.588947Z
CUST_001760,David,Johnson,david.johnson1760@example.com,600-125-6317,South,2026-03-12T19:17:36.812692Z,2026-05-20T12:12:56.711218Z
CUST_001095,Fatima,Ahmed,fatima.ahmed1095@example.com,988-804-5833,North,2026-04-20T22:34:35.336742Z,2026-05-07T06:51:29.610008Z
CUST_001480,Meera,Iyer,meera.iyer1480@example.com,530-985-7725,East,2024-11-28T10:20:48.697135Z,2025-02-09T22:37:25.243889Z
CUST_000731,Chen,Tan,chen.tan731@example.com,,North,2025-12-09T11:48:18.417476Z,2025-12-20T16:12:20.788363Z
CUST_000749,Fatima,Miller,fatima.miller749@example.com,,East,2026-07-20T13:06:31.786372Z,2026-07-24T19:59:34.104545Z
CUST_000184,Vikram,Johnson,vikram.johnson184@example.com,835-489-6399,North,2025-09-10T20:38:08.315029Z,2026-02-27T10:38:44.210608Z
CUST_001452,Ava,Desai,ava.desai1452@example.com,857-889-9558,Central,2026-06-17T03:15:10.108644Z,2026-07-21T00:57:48.598744Z
CUST_000999,Lukas,Jones,lukas.jones999@example.com,489-428-3219,West,2026-05-21T20:27:25.456276Z,2026-06-15T12:05:31.024991Z
CUST_000059,Rohan,Rao,rohan.rao59@example.com,983-788-5415,Central,2026-03-13T05:30:33.683157Z,2026-03-18T14:58:17.190305Z
CUST_001897,Tom,Desai,tom.desai1897@example.com,893-359-5686,South,2025-07-10T19:08:01.589605Z,2026-06-02T11:58:26.293529Z
CUST_000197,Sarah,Iyer,sarah.iyer197@example.com,567-109-8939,North,2025-11-05T17:32:41.519013Z,2025-12-02T13:43:31.435820Z
CUST_000669,Meera,Tan,meera.tan669@example.com,498-248-4436,North,2026-07-14T23:41:00.379821Z,2026-07-21T23:54:36.106900Z
CUST_000271,Ava,Jones,ava.jones271@example.com,334-316-1359,North,2025-03-18T11:45:41.830605Z,2026-03-25T01:24:56.671425Z
CUST_001683,Chen,Lim,chen.lim1683@example.com,589-713-3943,Central,2025-11-04T17:28:12.002088Z,2025-11-17T11:16:38.556271Z
CUST_001923,Aarav,Patel,aarav.patel1923@example.com,221-659-7408,West,2026-07-07T21:47:24.828281Z,2026-07-11T00:20:05.617850Z
CUST_000258,Grace,Clark,grace.clark258@example.com,250-266-4511,North,2024-08-29T21:13:17.683238Z,2025-09-28T13:32:01.906630Z
CUST_000099,Michael,Kulkarni,michael.kulkarni99@example.com,743-622-4176,North,2026-05-11T23:52:41.854628Z,2026-05-25T04:15:06.153557Z
CUST_000819,Sofia,Desai,sofia.desai819@example.com,654-830-5959,South,2025-08-01T09:55:41.256068Z,2025-11-21T16:57:17.334347Z
CUST_000149,Mei,Nair,mei.nair149@example.com,665-756-9901,Central,2025-07-10T04:54:32.490755Z,2025-12-02T08:12:51.118118Z
CUST_001876,Grace,Brown,grace.brown1876@example.com,202-844-8364,South,2026-04-07T04:14:00.299530Z,2026-05-16T11:46:51.227745Z
CUST_000664,Laura,Williams,laura.williams664@example.com,,West,2026-06-27T14:20:09.855793Z,2026-07-22T09:53:14.524112Z
CUST_000092,Fatima,Clark,fatima.clark92@example.com,919-880-6062,North,2025-02-01T05:55:09.593830Z,2025-11-07T21:25:04.148766Z
CUST_001948,Nina,Sharma,nina.sharma1948@example.com,449-262-7693,Central,2026-04-16T06:42:53.680345Z,2026-05-23T08:19:15.913590Z
CUST_001915,Laura,Johnson,laura.johnson1915@example.com,897-486-9585,North,2026-04-17T08:01:01.644867Z,2026-07-18T22:23:09.169320Z
CUST_000496,Lisa,Sharma,,375-872-9800,South,2025-02-13T06:58:32.892649Z,2025-11-28T22:30:23.732045Z
CUST_000113,Priya,Johnson,priya.johnson113@example.com,,Central,2025-11-27T02:01:16.226130Z,2026-05-24T04:35:46.638457Z
CUST_000323,Vikram,Lim,vikram.lim323@example.com,829-714-1639,North,2025-12-01T03:05:30.691423Z,2026-07-19T04:57:38.565482Z
CUST_000940,Liam,Reddy,liam.reddy940@example.com,354-703-5896,South,2025-09-28T14:15:20.600554Z,2025-12-14T17:48:42.273383Z
CUST_001678,Noah,Nair,noah.nair1678@example.com,863-977-7923,East,2024-09-30T17:55:25.715961Z,2025-06-25T23:28:01.426911Z
CUST_001997,Ananya,Iyer,ananya.iyer1997@example.com,423-718-3525,South,2025-05-13T10:06:28.848006Z,2026-05-23T08:04:53.629354Z
CUST_000391,Vikram,Desai,vikram.desai391@example.com,980-726-5372,North,2025-02-06T19:14:14.720767Z,2025-03-04T00:22:05.721568Z
CUST_000767,Emma,Weber,emma.weber767@example.com,322-227-8418,South,2025-05-09T12:15:36.022301Z,2025-12-10T09:01:41.821355Z
CUST_001104,David,Lim,david.lim1104@example.com,983-378-4360,West,2024-08-24T16:21:20.021722Z,2026-03-01T15:32:39.406743Z
CUST_001168,Sofia,Schmidt,sofia.schmidt1168@example.com,474-838-7075,East,2024-12-27T08:55:42.541569Z,2025-04-18T09:47:25.021285Z
CUST_001298,Sofia,Reddy,sofia.reddy1298@example.com,787-103-6161,West,2026-02-28T02:20:50.180481Z,2026-05-08T01:16:39.638424Z
CUST_000045,Emma,Nair,emma.nair45@example.com,555-645-8018,West,2026-03-03T20:21:00.890844Z,2026-03-13T13:52:31.110665Z
CUST_000520,Laura,Smith,laura.smith520@example.com,746-483-2850,West,2024-09-27T21:15:17.922152Z,2026-02-11T04:23:30.750435Z
CUST_000975,Chen,Ahmed,chen.ahmed975@example.com,603-835-1653,East,2026-04-11T14:36:55.548159Z,2026-06-03T01:25:52.844334Z
CUST_001553,Vikram,Jones,vikram.jones1553@example.com,370-140-5292,North,2025-04-28T07:57:05.640903Z,2026-06-05T01:46:41.373397Z
CUST_000601,Grace,Lim,grace.lim601@example.com,245-161-3091,South,2025-04-06T20:48:22.326304Z,2025-06-15T18:56:34.813166Z
CUST_000313,Chen,Desai,chen.desai313@example.com,756-652-8734,Central,2026-02-16T12:14:57.809652Z,2026-04-23T18:46:54.305134Z
CUST_000367,Arjun,Nair,arjun.nair367@example.com,784-757-7366,South,2024-11-10T22:37:16.051470Z,2024-12-12T11:14:38.752715Z
CUST_001731,Mei,Clark,mei.clark1731@example.com,674-457-9077,South,2024-09-14T08:51:17.660775Z,2025-01-28T18:08:02.334519Z
CUST_000208,Lisa,Rao,lisa.rao208@example.com,201-318-8812,South,2024-11-02T16:43:28.009738Z,2025-02-07T00:44:21.856800Z
CUST_000636,Vikram,Williams,vikram.williams636@example.com,882-593-2106,North,2026-07-06T18:28:24.535849Z,2026-07-16T20:47:14.527874Z
CUST_000867,Michael,Iyer,michael.iyer867@example.com,525-526-3936,North,2025-11-29T00:19:44.196790Z,2025-12-01T06:44:06.563852Z
CUST_000472,Sofia,Johnson,sofia.johnson472@example.com,909-928-2075,South,2025-08-12T02:05:25.941564Z,2026-07-22T05:18:04.114677Z
CUST_000371,Ananya,Kulkarni,ananya.kulkarni371@example.com,716-445-3591,West,2026-02-15T11:57:20.576802Z,2026-05-28T10:54:23.432373Z
CUST_000104,Lukas,Lim,lukas.lim104@example.com,596-518-6543,North,2025-08-17T20:41:21.069113Z,2026-01-08T10:06:35.711332Z
CUST_000427,Aarav,Clark,aarav.clark427@example.com,488-986-1510,East,2025-08-03T12:40:20.746348Z,2025-09-28T12:25:24.456329Z
CUST_001392,Aarav,Davis,aarav.davis1392@example.com,431-830-1100,North,2025-07-19T05:06:41.833892Z,2025-10-09T19:46:42.179219Z
CUST_001717,Aarav,Rao,aarav.rao1717@example.com,382-183-9841,East,2026-02-11T12:25:49.168106Z,2026-03-21T23:46:02.250135Z
CUST_001840,Vikram,Schmidt,vikram.schmidt1840@example.com,321-513-9917,East,2025-10-02T02:56:39.631475Z,2026-05-03T01:15:18.151392Z
CUST_001289,Omar,Davis,omar.davis1289@example.com,266-479-8255,South,2025-06-12T11:23:18.445823Z,2026-04-26T05:15:16.502867Z
CUST_001992,Noah,Kulkarni,noah.kulkarni1992@example.com,628-711-5998,West,2025-09-29T17:32:04.092987Z,2025-11-20T18:53:57.221521Z
CUST_000698,Chen,Khan,chen.khan698@example.com,335-510-1628,East,2025-03-23T04:27:01.646412Z,2025-05-23T06:05:55.053430Z
CUST_001960,Mei,Patel,mei.patel1960@example.com,817-952-8069,South,2025-03-28T07:59:39.626747Z,2025-05-09T10:04:27.780907Z
CUST_000477,Divya,Nair,divya.nair477@example.com,329-551-5266,North,2025-06-21T22:02:42.332339Z,2026-04-11T11:09:23.470211Z
CUST_000986,Lukas,Clark,lukas.clark986@example.com,818-333-6707,South,2025-06-18T17:52:14.487888Z,2025-08-10T08:36:53.055785Z
CUST_001914,Ananya,Lim,ananya.lim1914@example.com,894-693-8778,West,2025-10-12T19:27:22.809375Z,2025-12-12T12:25:49.477373Z
CUST_000041,Daniel,Kulkarni,daniel.kulkarni41@example.com,416-565-6355,North,2025-08-24T08:48:53.442042Z,2026-02-07T08:53:05.493152Z
CUST_000505,Sarah,Clark,sarah.clark505@example.com,519-832-7374,North,2025-10-16T21:31:42.580684Z,2025-12-23T21:34:36.492640Z
CUST_000454,Fatima,Jones,fatima.jones454@example.com,758-240-6268,South,2026-07-02T01:37:11.351801Z,2026-07-20T02:07:17.148097Z
CUST_001827,Sofia,Williams,sofia.williams1827@example.com,407-998-7361,West,2025-01-05T09:06:21.497885Z,2025-10-28T02:10:41.479898Z
CUST_000202,Michael,Clark,michael.clark202@example.com,726-795-2560,North,2026-03-10T13:58:03.290794Z,2026-05-17T20:08:44.908149Z
CUST_001047,Lisa,Smith,lisa.smith1047@example.com,685-352-4659,East,2025-08-08T19:30:35.153218Z,2025-09-07T08:20:31.329429Z
CUST_001692,Emma,Lim,emma.lim1692@example.com,857-359-6472,South,2026-05-29T15:57:00.085168Z,2026-06-09T05:00:47.782634Z
CUST_001635,Daniel,Kulkarni,daniel.kulkarni1635@example.com,410-702-9015,East,2025-06-08T18:23:01.474631Z,2025-12-07T23:00:32.900897Z
CUST_001695,Vikram,Clark,vikram.clark1695@example.com,427-815-7961,South,2025-07-27T22:34:52.460970Z,2026-01-24T11:49:17.712685Z
CUST_000509,Laura,Smith,laura.smith509@example.com,222-424-7188,North,2025-11-24T03:51:31.104917Z,2026-04-23T22:43:13.352287Z
CUST_000406,Emma,Clark,emma.clark406@example.com,465-638-6797,North,2026-04-16T15:33:46.662550Z,2026-05-26T15:31:51.188646Z
CUST_000936,Michael,Brown,michael.brown936@example.com,,West,2025-06-19T12:03:26.370789Z,2026-02-04T20:51:08.479083Z
CUST_000685,Lisa,Rao,lisa.rao685@example.com,387-549-6799,East,2025-10-03T08:27:33.987419Z,2026-05-25T22:56:59.853565Z
CUST_000456,Aarav,Weber,aarav.weber456@example.com,291-823-5648,North,2024-08-08T15:44:08.216174Z,2025-02-07T04:40:17.548496Z
CUST_001422,Vikram,Davis,vikram.davis1422@example.com,576-433-9505,Central,2024-10-04T00:58:09.507348Z,2024-10-29T21:11:46.134242Z
CUST_001143,Aarav,Schmidt,,660-344-7504,North,2025-03-16T02:51:51.286926Z,2026-07-16T17:52:57.573094Z
CUST_000961,Aarav,Tan,aarav.tan961@example.com,843-990-7646,South,2025-07-19T19:16:34.461229Z,2025-10-23T03:47:17.687300Z
CUST_001052,David,Kulkarni,david.kulkarni1052@example.com,489-431-1645,South,2024-09-05T22:45:08.520803Z,2026-06-26T02:59:04.146707Z
CUST_000358,Lisa,Iyer,lisa.iyer358@example.com,756-581-3975,North,2025-09-06T12:53:00.127885Z,2025-10-12T22:15:24.808688Z
CUST_000711,Noah,Davis,noah.davis711@example.com,795-744-7479,North,2025-05-03T23:27:23.155539Z,2025-08-15T15:05:31.190330Z
CUST_001411,Tom,Brown,tom.brown1411@example.com,615-128-7125,West,2026-01-24T14:49:46.409368Z,2026-05-31T22:36:43.281608Z
CUST_001621,Tom,Desai,tom.desai1621@example.com,761-510-8796,Central,2025-03-02T19:08:13.936500Z,2026-03-09T16:27:46.528429Z
CUST_000376,Priya,Tan,priya.tan376@example.com,556-936-8115,South,2024-09-27T07:47:41.890742Z,2025-09-04T19:59:00.664678Z
CUST_001772,Emily,Schmidt,emily.schmidt1772@example.com,733-387-1287,East,2024-12-22T04:02:14.101050Z,2025-11-27T18:47:28.697290Z
CUST_001209,Lisa,Sharma,lisa.sharma1209@example.com,732-308-6919,Central,2025-02-14T02:52:55.799786Z,2025-04-11T00:24:09.718178Z
CUST_001376,Sarah,Clark,sarah.clark1376@example.com,255-803-3902,Central,2026-06-30T22:39:23.964036Z,2026-07-12T07:20:52.964603Z
CUST_001594,Laura,Smith,laura.smith1594@example.com,565-362-3819,East,2025-07-31T22:17:51.296804Z,2025-10-22T20:52:05.803644Z
CUST_001515,Emma,Sharma,emma.sharma1515@example.com,598-410-9866,North,2025-06-11T11:38:14.629965Z,2026-02-11T13:20:10.101071Z
CUST_000435,Rohan,Iyer,rohan.iyer435@example.com,335-730-5603,South,2025-05-12T23:07:38.183095Z,2025-09-18T18:47:09.691174Z
CUST_001749,Ava,Davis,ava.davis1749@example.com,253-343-7200,North,2026-02-23T10:10:39.527877Z,2026-05-26T09:08:40.301637Z
CUST_000655,Emily,Ahmed,emily.ahmed655@example.com,569-781-7528,Central,2025-06-19T11:55:21.845435Z,2025-10-19T03:00:29.912828Z
CUST_000568,Noah,Johnson,noah.johnson568@example.com,949-161-7110,East,2025-12-31T03:03:48.682583Z,2026-01-28T03:28:19.600241Z
CUST_000040,Fatima,Ahmed,fatima.ahmed40@example.com,330-737-9751,West,2025-01-17T18:42:01.088025Z,2026-05-10T20:27:08.908959Z
CUST_001204,Michael,Weber,michael.weber1204@example.com,946-390-2961,East,2025-12-23T00:56:39.713158Z,2026-02-28T06:25:23.639361Z
CUST_000820,Tom,Rossi,tom.rossi820@example.com,620-822-8966,South,2024-09-25T04:53:33.241734Z,2025-09-14T09:47:35.221007Z
CUST_000794,Laura,Davis,laura.davis794@example.com,985-531-2448,North,2026-02-24T09:50:15.608512Z,2026-03-02T16:23:08.651050Z
CUST_001401,Mei,Rao,mei.rao1401@example.com,670-464-7518,Central,2025-10-25T17:14:08.805206Z,2026-06-15T02:43:01.683421Z
CUST_000474,Daniel,Khan,daniel.khan474@example.com,222-992-4806,North,2025-02-10T10:26:37.359443Z,2025-04-15T20:41:50.342157Z
CUST_001958,Daniel,Desai,daniel.desai1958@example.com,297-963-3300,North,2025-04-14T15:23:27.754074Z,2025-10-28T23:48:55.783457Z
CUST_000627,Lisa,Nair,lisa.nair627@example.com,661-268-5141,South,2025-06-30T00:04:40.728221Z,2026-01-25T21:47:29.399670Z
CUST_000403,Michael,Reddy,michael.reddy403@example.com,365-788-5659,North,2025-10-01T19:36:50.589485Z,2025-12-31T05:29:47.607090Z
CUST_001274,Grace,Patel,grace.patel1274@example.com,245-371-9010,South,2025-01-25T14:33:32.530490Z,2025-03-04T18:28:22.716803Z
CUST_000461,Michael,Rao,michael.rao461@example.com,584-325-2204,North,2025-09-27T13:09:13.972960Z,2026-01-07T19:29:11.406145Z
CUST_001170,Nina,Schmidt,nina.schmidt1170@example.com,,North,2024-08-21T06:11:06.768206Z,2025-07-22T09:46:48.445486Z
CUST_001938,Sofia,Rossi,sofia.rossi1938@example.com,515-638-8021,South,2026-05-26T11:49:02.004574Z,2026-06-02T22:38:11.274611Z
CUST_000549,Nina,Davis,nina.davis549@example.com,816-843-8974,East,2026-06-05T19:23:44.706533Z,2026-07-22T22:43:25.843726Z
CUST_001768,Mei,Smith,mei.smith1768@example.com,884-692-1198,West,2025-03-06T02:52:38.498734Z,2025-07-21T19:31:55.885662Z
CUST_001662,Emily,Smith,emily.smith1662@example.com,966-301-8532,Central,2025-05-22T12:33:23.499760Z,2025-07-20T13:57:58.788583Z
CUST_000745,Michael,Ahmed,michael.ahmed745@example.com,354-569-3416,Central,2025-06-21T21:26:16.545984Z,2025-06-28T23:00:28.989146Z
CUST_001947,Olivia,Miller,olivia.miller1947@example.com,601-949-5910,West,2025-03-10T00:55:42.850818Z,2025-10-18T14:30:23.550004Z
CUST_000908,David,Patel,david.patel908@example.com,846-598-6657,East,2026-03-09T16:23:19.305998Z,2026-03-29T10:28:43.490083Z
CUST_000887,Michael,Khan,michael.khan887@example.com,513-266-8648,Central,2025-02-08T14:51:39.478617Z,2026-02-09T18:36:44.456097Z
CUST_001505,Emma,Rossi,emma.rossi1505@example.com,995-698-9744,North,2025-08-25T00:50:38.174761Z,2026-01-21T21:40:32.845365Z
CUST_000126,Rohan,Rossi,rohan.rossi126@example.com,928-826-3852,South,2025-06-04T03:12:50.145622Z,2025-08-23T07:50:31.027560Z
CUST_001536,Daniel,Tan,daniel.tan1536@example.com,773-982-7966,North,2025-06-20T07:52:50.391820Z,2025-09-03T02:40:53.688907Z
CUST_001445,Chen,Davis,chen.davis1445@example.com,406-494-6694,Central,2024-10-31T08:54:21.034630Z,2026-01-03T00:26:15.370150Z
CUST_001483,Olivia,Rao,olivia.rao1483@example.com,857-185-3896,East,2025-01-08T05:50:04.390188Z,2025-03-14T23:18:32.694939Z
CUST_000295,Laura,Ahmed,laura.ahmed295@example.com,213-861-5117,South,2026-02-17T14:53:14.955762Z,2026-03-02T20:45:45.679091Z
CUST_001227,Fatima,Iyer,fatima.iyer1227@example.com,768-917-2508,East,2025-07-19T20:52:30.967656Z,2025-07-28T12:59:03.168791Z
CUST_001010,James,Kulkarni,james.kulkarni1010@example.com,600-489-3508,South,2025-02-22T07:11:40.203779Z,2025-04-20T10:42:46.460190Z
CUST_001269,Arjun,Miller,arjun.miller1269@example.com,534-773-2234,Central,2024-11-12T17:09:15.940264Z,2026-01-23T05:20:41.381359Z
CUST_000821,Ananya,Brown,ananya.brown821@example.com,440-815-8213,East,2024-12-24T03:01:31.876950Z,2025-01-29T01:17:17.616814Z
CUST_000256,Meera,Desai,meera.desai256@example.com,455-133-8478,West,2025-02-22T06:17:23.863508Z,2025-04-22T14:32:25.666275Z
CUST_000510,Nina,Schmidt,nina.schmidt510@example.com,370-729-5907,West,2026-06-15T15:40:54.825386Z,2026-07-06T02:53:54.561862Z
CUST_001314,Vikram,Schmidt,vikram.schmidt1314@example.com,635-122-2038,South,2026-03-13T03:37:57.793445Z,2026-03-30T23:15:22.693298Z
CUST_000361,Meera,Smith,meera.smith361@example.com,209-143-8786,East,2025-09-10T02:15:10.524203Z,2026-01-12T02:43:39.354861Z
CUST_000582,Ananya,Patel,ananya.patel582@example.com,442-604-9333,North,2026-04-04T03:17:03.333799Z,2026-06-18T14:35:26.068637Z
CUST_001887,Ava,Rao,ava.rao1887@example.com,601-421-7322,South,2025-08-10T08:33:28.536146Z,2026-07-20T09:37:27.167502Z
CUST_001464,Fatima,Miller,fatima.miller1464@example.com,648-976-7993,West,2025-08-09T19:22:48.853363Z,2025-08-14T10:15:57.784746Z
CUST_000108,Noah,Schmidt,noah.schmidt108@example.com,334-711-7172,North,2025-07-11T22:49:39.848343Z,2026-05-23T05:46:28.045814Z
CUST_001922,Laura,Brown,laura.brown1922@example.com,517-502-9826,North,2026-01-13T18:57:10.755608Z,2026-02-18T15:42:08.304190Z
CUST_001349,Grace,Rao,grace.rao1349@example.com,865-349-2393,Central,2025-05-24T15:17:26.821075Z,2025-11-03T17:41:08.204459Z
CUST_000533,Aarav,Smith,aarav.smith533@example.com,604-787-7076,South,2025-08-26T01:37:11.272935Z,2026-01-27T05:32:31.975518Z
CUST_000652,Noah,Desai,noah.desai652@example.com,977-296-5249,North,2024-09-30T14:40:58.654753Z,2025-04-05T03:55:40.174195Z
CUST_000666,Noah,Desai,noah.desai666@example.com,260-929-6458,South,2026-07-23T23:59:51.236004Z,2026-07-24T22:47:03.968001Z
CUST_001446,Michael,Clark,michael.clark1446@example.com,802-856-7326,North,2025-02-20T19:11:29.462819Z,2025-03-30T02:07:56.665834Z
CUST_001511,Lukas,Weber,lukas.weber1511@example.com,321-643-8734,Central,2024-08-20T01:01:07.661675Z,2026-06-20T06:27:23.931718Z
CUST_001725,Omar,Desai,omar.desai1725@example.com,599-863-2203,North,2024-10-05T23:15:36.285526Z,2025-07-28T13:56:50.509521Z
CUST_000511,Arjun,Johnson,arjun.johnson511@example.com,611-923-4700,North,2025-06-01T22:54:37.099335Z,2026-03-21T18:21:17.070537Z
CUST_001002,Noah,Ahmed,noah.ahmed1002@example.com,382-620-7075,West,2026-01-03T06:06:29.996109Z,2026-05-17T05:57:14.747016Z
CUST_001031,Emma,Rao,emma.rao1031@example.com,940-113-6589,West,2024-10-17T04:37:40.913676Z,2024-10-26T14:40:55.346974Z
CUST_000925,Liam,Jones,liam.jones925@example.com,430-416-4382,North,2024-10-06T23:50:07.681570Z,2025-09-21T06:22:31.481633Z
CUST_000299,Laura,Rossi,laura.rossi299@example.com,426-318-6437,South,2024-11-03T19:33:30.588602Z,2025-10-26T20:00:07.701432Z
CUST_001774,Fatima,Schmidt,fatima.schmidt1774@example.com,712-634-3115,East,2025-02-23T20:33:55.415688Z,2025-02-26T22:32:51.983102Z
CUST_000639,Omar,Johnson,omar.johnson639@example.com,950-439-6615,West,2025-03-23T21:15:51.720738Z,2026-05-30T22:46:14.637600Z
CUST_001321,Olivia,Reddy,olivia.reddy1321@example.com,521-922-1807,South,2026-03-26T23:38:43.189353Z,2026-04-28T01:54:43.818986Z
CUST_001722,Olivia,Rao,olivia.rao1722@example.com,599-487-2642,North,2025-02-21T17:21:35.049330Z,2025-07-19T10:10:51.418739Z
CUST_001771,Chen,Khan,chen.khan1771@example.com,873-542-1017,West,2024-09-16T08:09:41.914266Z,2025-02-06T01:51:14.094396Z
CUST_000139,Michael,Kulkarni,michael.kulkarni139@example.com,807-444-9311,South,2026-04-24T22:36:19.497960Z,2026-06-01T00:23:21.706537Z
CUST_000833,David,Khan,david.khan833@example.com,778-615-9982,North,2024-10-19T03:54:56.553392Z,2025-06-05T01:38:30.691218Z
CUST_000929,Divya,Rao,divya.rao929@example.com,675-200-9797,East,2026-03-19T20:04:12.501532Z,2026-07-19T03:28:05.499159Z
CUST_001726,Emma,Jones,emma.jones1726@example.com,384-354-6352,Central,2024-12-14T00:23:14.014270Z,2026-02-04T04:47:24.077251Z
CUST_000616,Aarav,Johnson,aarav.johnson616@example.com,615-941-1194,North,2025-07-21T04:55:25.238633Z,2026-02-12T07:46:47.220069Z
CUST_000886,Vikram,Davis,vikram.davis886@example.com,586-774-1554,East,2025-08-17T11:55:57.008281Z,2026-06-01T05:26:30.350971Z
CUST_000114,Lukas,Miller,lukas.miller114@example.com,508-224-1782,North,2025-05-23T19:29:04.116242Z,2025-09-21T15:38:34.017233Z
CUST_001303,Rohan,Miller,rohan.miller1303@example.com,845-922-5251,North,2025-01-10T17:51:05.246636Z,2025-02-07T11:43:44.787402Z
CUST_001990,James,Rossi,james.rossi1990@example.com,564-629-2555,West,2025-07-10T03:57:00.453685Z,2026-02-08T02:31:13.662534Z
CUST_001441,Daniel,Williams,daniel.williams1441@example.com,836-586-9924,East,2026-01-26T20:59:13.986400Z,2026-06-11T20:43:36.943832Z
CUST_000078,Aarav,Smith,aarav.smith78@example.com,888-866-5295,South,2025-11-09T11:06:43.245180Z,2026-05-16T15:01:39.927187Z
CUST_001177,Meera,Kulkarni,meera.kulkarni1177@example.com,400-947-4425,North,2024-09-16T01:42:28.236585Z,2025-03-18T19:08:02.123602Z
CUST_000033,Sarah,Schmidt,sarah.schmidt33@example.com,295-938-4848,East,2026-04-27T06:09:01.048458Z,2026-06-08T07:30:39.891014Z
CUST_001153,Sofia,Williams,sofia.williams1153@example.com,524-351-6112,North,2024-09-03T01:54:06.057580Z,2026-06-18T09:42:08.729711Z
CUST_001240,Divya,Miller,divya.miller1240@example.com,759-988-1264,East,2026-02-06T01:54:21.837167Z,2026-04-20T01:38:44.765079Z
CUST_000294,Priya,Brown,priya.brown294@example.com,429-860-7371,West,2024-11-13T22:18:44.696772Z,2026-06-11T01:59:24.406380Z
CUST_000416,Arjun,Desai,arjun.desai416@example.com,991-551-2927,North,2026-01-28T03:00:39.586810Z,2026-04-19T16:06:13.568882Z
CUST_001474,Meera,Iyer,meera.iyer1474@example.com,455-325-8444,Central,2025-09-02T09:09:09.118475Z,2026-01-10T12:11:24.712116Z
CUST_000088,Grace,Desai,grace.desai88@example.com,547-947-8430,South,2025-03-22T10:27:20.697416Z,2025-10-19T08:23:09.720184Z
CUST_000022,Emma,Khan,emma.khan22@example.com,506-779-2697,South,2026-06-15T03:56:06.778480Z,2026-07-20T17:09:17.295442Z
CUST_000665,Fatima,Davis,fatima.davis665@example.com,964-781-1562,North,2025-05-18T22:07:17.888845Z,2025-07-31T22:36:30.661732Z
CUST_000825,Grace,Tan,grace.tan825@example.com,,West,2025-04-24T21:17:05.262073Z,2025-07-16T17:18:21.598823Z
CUST_000484,Aarav,Miller,aarav.miller484@example.com,379-669-8571,East,2025-05-07T04:12:11.872712Z,2025-12-05T12:18:35.514416Z
CUST_001597,James,Sharma,james.sharma1597@example.com,244-286-2492,South,2024-11-09T09:12:42.786171Z,2025-02-20T08:05:51.761483Z
CUST_001493,Lisa,Lim,lisa.lim1493@example.com,746-814-8081,North,2025-11-05T13:59:15.899462Z,2026-05-27T07:11:54.582809Z
CUST_000953,Divya,Kulkarni,divya.kulkarni953@example.com,359-243-8697,East,2024-12-10T06:55:47.693058Z,2026-05-25T09:23:39.435029Z
CUST_000617,Nina,Rao,nina.rao617@example.com,939-933-8559,South,2026-02-17T06:27:49.987684Z,2026-06-16T22:26:13.459990Z
CUST_001520,Rohan,Davis,rohan.davis1520@example.com,741-972-1772,North,2025-07-11T08:28:29.322181Z,2025-08-06T08:30:14.801831Z
CUST_000335,Divya,Williams,divya.williams335@example.com,671-700-1448,Central,2025-11-13T12:40:50.231087Z,2026-05-06T21:44:14.839030Z
CUST_001870,Mei,Williams,mei.williams1870@example.com,385-327-2352,East,2025-05-26T04:33:24.237355Z,2025-11-25T01:17:01.955932Z
CUST_001576,Sofia,Tan,sofia.tan1576@example.com,597-109-9876,East,2026-04-25T17:53:05.988600Z,2026-04-30T17:27:30.270546Z
CUST_001767,James,Iyer,james.iyer1767@example.com,621-162-3840,Central,2026-01-07T23:03:34.641165Z,2026-06-20T23:34:14.031873Z
