id,card_holder_key,card_holder,card_holder_inst_key,building_key,date_key,time_key,reader_key,user_type,hour,used_presence_this_day,is_enrolled_today,company,user_type_label
1,147,c17b1348-3a36-0ba7-8391-9f8ebc4d92d6,6,1,20251103,823,20,2,13,0,0,Jack Studios Inc,Visitor
2,229,97a05e30-149a-42c8-bfff-6430a1061ef4,14,1,20251222,839,7,1,13,0,0,32 BJ Union,Personnel
3,155,c15dc3c6-879b-4d76-efcb-fcb55d1e6214,7,3,20251216,975,16,1,16,0,0,Mizuho Americas Services,Personnel
4,59,cc6b6a81-8e6b-00fd-b027-35ced08bbdf5,2,1,20260122,951,19,1,15,0,1,Ralph Lauren Corporation,Personnel
5,223,64591253-d8a1-c945-7861-f0fb97b6b787,13,2,20260128,821,7,1,13,0,0,Roku,Personnel
6,201,f0a8b495-8758-b193-d7d5-504639cc60bc,10,4,20251218,594,14,1,9,0,0,Linhart Dentistry,Personnel
7,284,c43eba0b-e813-b4fa-e8a4-8894f7f2564e,23,5,20251104,859,6,1,14,0,0,Cahill Gordon,Personnel
8,194,8fb5a23e-c950-ce69-f06a-d956a373c054,9,1,20251215,544,12,1,9,0,0,Warburg Pincus,Personnel
9,204,03a19036-8e1d-d5eb-126f-9ddd281332bd,10,4,20260126,621,20,1,10,0,0,Linhart Dentistry,Personnel
10,73,4fd57be5-20d0-23f0-d53b-7cf8abbae1a1,3,2,20260127,872,1,1,14,0,0,FASHIONPHILE,Personnel
11,154,917e28a7-e138-938b-248b-8c1570825695,7,3,20260113,560,6,1,9,0,0,Mizuho Americas Services,Personnel
12,278,7f1f3fd9-b63c-71e8-2fe8-ffbadff9d442,22,5,20251222,555,19,1,9,0,0,JP Morgan Chase,Personnel
13,28,3919f338-f22c-dcca-a980-b6d5b90849fd,1,1,20251223,859,3,1,14,0,0,The New York & Presbyterian,Personnel
14,169,d5b55ec3-6648-5994-6790-bc6ddef9ddff,8,3,20251203,673,15,1,11,0,0,Amazon,Personnel
15,211,7c81f492-0cca-fc8f-9f02-e80fe36f76a2,11,4,20251217,442,9,1,7,0,0,RGN-New York XXXII LLC,Personnel
16,6,7ca47c89-8972-22b9-acc5-726e7ea166fe,1,1,20251105,665,8,1,11,0,0,The New York & Presbyterian,Personnel
17,266,e0e3b519-3187-0247-45e0-82d954c47c38,19,2,20260120,941,19,2,15,0,0,Elite Model World,Visitor
18,58,d112b16f-b0e9-f3be-51db-58d0756e8327,2,1,20251119,817,12,2,13,0,0,Ralph Lauren Corporation,Visitor
19,26,44413f8f-6262-02ec-e01e-0217c87acef5,1,1,20251205,659,15,1,10,0,1,The New York & Presbyterian,Personnel
20,202,9f502a29-f707-81f3-3376-d335be6c6225,10,4,20260210,887,8,1,14,0,1,Linhart Dentistry,Personnel
21,167,e6329b9f-76e1-5a1a-6284-e47ff6e3519e,8,3,20251222,838,1,1,13,0,0,Amazon,Personnel
22,94,c666fcc8-ce0e-93fe-a94b-6c0f8384ed78,4,2,20260130,717,7,1,11,0,0,Convene,Personnel
23,124,c751cc4a-36fc-f9ae-a6d8-ab1f25da3e8d,5,2,20251119,769,13,1,12,0,1,Convene 31,Personnel
24,92,03eadd55-3ced-2f7e-5dd1-f62d068a2039,4,2,20260113,1109,14,1,18,0,0,Convene,Personnel
25,199,91af50fc-e08a-fe5b-a49f-70c0057b19d8,10,4,20260102,552,1,1,9,0,0,Linhart Dentistry,Personnel
26,114,2b0b6f7b-5406-8dd1-bd02-5ac3d62bfc1d,5,2,20260116,493,20,1,8,0,0,Convene 31,Personnel
27,156,340bcc82-297f-99c2-a472-8395aadd3f06,7,3,20251128,735,19,1,12,0,0,Mizuho Americas Services,Personnel
28,211,7c81f492-0cca-fc8f-9f02-e80fe36f76a2,11,4,20260205,658,9,1,10,0,0,RGN-New York XXXII LLC,Personnel
29,287,ea0ef881-5cbd-8807-49f1-d3101d4ed15e,24,2,20251230,487,1,1,8,1,1,Locality,Personnel
30,211,7c81f492-0cca-fc8f-9f02-e80fe36f76a2,11,4,20251218,706,11,1,11,0,1,RGN-New York XXXII LLC,Personnel
31,274,446d13ab-c32f-2891-362f-54a2fc21d6ad,21,4,20260127,826,12,2,13,0,0,STRAUB COLLABORATIVE,Visitor
32,226,97bf0c03-ec79-b168-9c70-3bc506983b03,13,2,20251114,921,12,2,15,0,0,Roku,Visitor
33,77,c9e6de25-6c6d-aa21-b5f1-e1b19cee9ef6,3,2,20251120,568,17,1,9,0,1,FASHIONPHILE,Personnel
34,20,00fe1ff0-9954-48bb-d160-90073892c2f0,1,1,20260212,669,2,1,11,0,0,The New York & Presbyterian,Personnel
35,90,0237f393-aae5-d173-a32c-020eeb16207d,3,2,20251114,609,3,1,10,0,0,FASHIONPHILE,Personnel
36,147,c17b1348-3a36-0ba7-8391-9f8ebc4d92d6,6,1,20251216,579,9,1,9,0,0,Jack Studios Inc,Personnel
37,218,72155ecc-855c-c933-e439-202dd8bef13c,12,3,20251103,560,8,1,9,0,0,Palantir & Current,Personnel
38,91,2f3d9a2a-5cdc-266c-889f-bfc160332706,4,2,20251106,755,13,1,12,0,0,Convene,Personnel
39,269,c33a4658-a168-19f8-0fdf-c70240a735b2,20,3,20260203,1084,2,1,18,0,0,West Monroe,Personnel
40,77,c9e6de25-6c6d-aa21-b5f1-e1b19cee9ef6,3,2,20251121,542,16,2,9,0,0,FASHIONPHILE,Visitor
41,141,585ccf26-4246-9083-979b-3e11ed5c96a5,6,1,20251118,855,7,1,14,0,0,Jack Studios Inc,Personnel
42,187,90abddba-83e8-6f11-1e7e-cfb56a625411,9,1,20251124,637,2,1,10,0,0,Warburg Pincus,Personnel
43,259,7632e70d-a55a-de63-d58c-42dbc930b1ca,18,1,20251231,687,10,1,11,0,0,RXR (75 Rock),Personnel
44,12,b3396a7c-95c4-accb-e049-1431903850c5,1,1,20260113,547,13,1,9,0,1,The New York & Presbyterian,Personnel
45,111,8e548622-ae7d-5012-54e4-ea9ec9805bda,4,2,20260130,548,9,1,9,0,0,Convene,Personnel
46,71,90b1141d-899f-c9b1-5caa-d5d3fa56aec6,3,2,20251212,634,10,1,10,0,0,FASHIONPHILE,Personnel
47,194,8fb5a23e-c950-ce69-f06a-d956a373c054,9,1,20251215,737,17,1,12,0,0,Warburg Pincus,Personnel
48,119,e6037a42-644e-0795-4680-a004d2c20519,5,2,20251103,651,19,1,10,0,0,Convene 31,Personnel
49,81,3c6607ec-3a46-f23c-8ee3-b95b9ab30286,3,2,20251218,973,11,1,16,0,0,FASHIONPHILE,Personnel
50,73,4fd57be5-20d0-23f0-d53b-7cf8abbae1a1,3,2,20251210,650,12,1,10,0,0,FASHIONPHILE,Personnel
51,209,590e0260-8fc2-da42-0091-28adacf8f045,11,4,20260113,637,16,1,10,0,0,RGN-New York XXXII LLC,Personnel
52,56,9a612bba-141b-0166-f3a7-bee44ca62d5e,2,1,20251113,719,5,1,11,0,0,Ralph Lauren Corporation,Personnel
53,116,f1b75f8e-414e-c4b5-00c8-d52ece9d8565,5,2,20251124,676,11,1,11,0,0,Convene 31,Personnel
54,196,8bf33d70-3ae6-fe04-9f43-827a2b067afe,10,4,20251209,655,2,1,10,0,0,Linhart Dentistry,Personnel
55,155,c15dc3c6-879b-4d76-efcb-fcb55d1e6214,7,3,20260115,434,15,1,7,0,0,Mizuho Americas Services,Personnel
56,275,e2d768ed-b72f-c306-f2c4-eca1f76040fe,21,4,20260203,547,20,1,9,0,0,STRAUB COLLABORATIVE,Personnel
57,103,35b30d2f-1b6c-cfc5-0e89-270841512c15,4,2,20251124,700,4,1,11,0,0,Convene,Personnel
58,5,dcce1615-aa77-98c1-4049-ce588cabbcf2,1,1,20251216,666,6,1,11,0,0,The New York & Presbyterian,Personnel
59,227,0d07eedf-aa28-8d27-15ab-2292b9377e9c,13,2,20251126,702,10,1,11,1,1,Roku,Personnel
60,130,189cfb80-115b-eb17-a31a-880583466263,5,2,20260109,972,15,1,16,0,0,Convene 31,Personnel
61,61,58adfc00-194f-3207-37f2-3d1c5873df31,2,1,20251231,555,19,2,9,0,0,Ralph Lauren Corporation,Visitor
62,44,2d4ef446-b0b1-9641-a3dd-96599f454fbf,1,1,20260205,614,1,1,10,0,0,The New York & Presbyterian,Personnel
63,135,37883505-252d-253e-a07c-d141a580dd07,6,1,20260123,1066,2,1,17,0,0,Jack Studios Inc,Personnel
64,275,e2d768ed-b72f-c306-f2c4-eca1f76040fe,21,4,20260113,641,11,1,10,1,1,STRAUB COLLABORATIVE,Personnel
65,40,04dc731f-2ef1-8704-e4de-276732484f66,1,1,20260109,658,13,1,10,0,0,The New York & Presbyterian,Personnel
66,298,dc2ac6f8-d3f4-d9c7-c274-aa7010fedaf8,29,2,20260204,748,19,1,12,1,1,OXO International Inc,Personnel
67,19,4d5f09e3-1c7d-aa87-f59d-42bb347b7eee,1,1,20251223,774,2,1,12,0,0,The New York & Presbyterian,Personnel
68,78,c1f4fada-315b-5e69-40a6-c927127e4bc6,3,2,20251111,781,17,1,13,0,1,FASHIONPHILE,Personnel
69,157,205f2f81-1c15-659b-9c72-31ac33184cb7,7,3,20251125,906,13,1,15,0,0,Mizuho Americas Services,Personnel
70,148,ac9d79f5-4234-91d0-11be-eb43ceb357d4,6,1,20260127,688,17,1,11,0,0,Jack Studios Inc,Personnel
71,146,5c434496-2e8c-3496-3e16-22e8e78e03f2,6,1,20251105,591,1,1,9,0,0,Jack Studios Inc,Personnel
72,59,cc6b6a81-8e6b-00fd-b027-35ced08bbdf5,2,1,20260212,650,15,1,10,1,1,Ralph Lauren Corporation,Personnel
73,257,14d78cd4-f5bf-c561-0ba5-773c85696511,18,1,20251125,711,18,1,11,0,0,RXR (75 Rock),Personnel
74,77,c9e6de25-6c6d-aa21-b5f1-e1b19cee9ef6,3,2,20251113,559,17,1,9,0,0,FASHIONPHILE,Personnel
75,209,590e0260-8fc2-da42-0091-28adacf8f045,11,4,20260107,638,18,2,10,0,0,RGN-New York XXXII LLC,Visitor
76,232,d3fdbe3e-4b6b-abd1-ccce-024807d4d95b,14,1,20251128,500,10,1,8,0,0,32 BJ Union,Personnel
77,32,1aeab4a0-da16-2190-a658-562d7c11544d,1,1,20251202,654,15,1,10,0,0,The New York & Presbyterian,Personnel
78,173,7156224d-6ba0-834b-470e-0e48b3e13072,8,3,20251216,941,7,1,15,0,0,Amazon,Personnel
79,141,585ccf26-4246-9083-979b-3e11ed5c96a5,6,1,20260202,672,8,2,11,0,0,Jack Studios Inc,Visitor
80,54,149f31a3-a77c-57a3-75cd-148a2cda2a15,2,1,20260102,554,17,1,9,0,0,Ralph Lauren Corporation,Personnel
81,96,89504b4e-ae35-7bfd-750e-2aa682407952,4,2,20251202,582,19,1,9,0,0,Convene,Personnel
82,124,c751cc4a-36fc-f9ae-a6d8-ab1f25da3e8d,5,2,20251118,842,2,1,14,0,0,Convene 31,Personnel
83,65,cc602dda-eea9-e82b-49e4-3a3583652287,2,1,20251224,547,12,1,9,0,0,Ralph Lauren Corporation,Personnel
84,288,24635db7-6572-c8a5-3f10-ac700daf4bc2,24,2,20251128,592,16,1,9,0,0,Locality,Personnel
85,56,9a612bba-141b-0166-f3a7-bee44ca62d5e,2,1,20251231,504,12,1,8,0,0,Ralph Lauren Corporation,Personnel
86,48,44448012-1132-7e36-978e-8e3a6ab9c301,2,1,20260130,1011,14,1,16,1,1,Ralph Lauren Corporation,Personnel
87,190,364e1246-38e5-a9ad-d16e-7b3269d8801f,9,1,20251104,517,1,1,8,0,0,Warburg Pincus,Personnel
88,245,84a684b8-9fb8-45e8-6452-2610914afae7,16,5,20260107,885,8,1,14,0,0,Guidehouse,Personnel
89,272,ce8e4e06-9d22-ba68-1f2f-f3b5dc240587,20,3,20260112,1035,15,1,17,1,1,West Monroe,Personnel
90,24,052d3456-bf63-939b-e6bb-264b60d69376,1,1,20251208,1107,13,1,18,0,1,The New York & Presbyterian,Personnel
91,38,f361245f-e671-ec9c-9d65-5fb5b1c5589a,1,1,20260126,555,13,1,9,0,0,The New York & Presbyterian,Personnel
92,64,08730655-0aec-4ad5-6e69-2da73f4f4cbd,2,1,20251112,643,14,2,10,0,0,Ralph Lauren Corporation,Visitor
93,150,644c2222-975f-5cfb-1f85-163d2a8bfa75,7,3,20260212,811,9,1,13,0,0,Mizuho Americas Services,Personnel
94,28,3919f338-f22c-dcca-a980-b6d5b90849fd,1,1,20260109,877,14,2,14,0,1,The New York & Presbyterian,Visitor
95,173,7156224d-6ba0-834b-470e-0e48b3e13072,8,3,20260205,439,8,1,7,0,0,Amazon,Personnel
96,69,9b0b5824-3206-0961-db19-b5a6bf2ff3bf,2,1,20251203,563,13,1,9,0,0,Ralph Lauren Corporation,Personnel
97,112,59fe0e04-8bc5-8487-f8d8-cc36649d002a,5,2,20251222,779,20,2,12,0,0,Convene 31,Visitor
98,93,521488bc-f348-10d4-47b4-0548ba769264,4,2,20260204,502,11,1,8,0,0,Convene,Personnel
99,131,827ed2f0-ac49-49cb-da81-cbd09c862eea,6,1,20260204,749,18,1,12,0,0,Jack Studios Inc,Personnel
100,93,521488bc-f348-10d4-47b4-0548ba769264,4,2,20260107,704,4,1,11,0,0,Convene,Personnel
101,92,03eadd55-3ced-2f7e-5dd1-f62d068a2039,4,2,20260116,550,6,1,9,0,1,Convene,Personnel
102,208,978c5f6d-4a07-852f-ec1d-5e908538def6,11,4,20251104,549,10,1,9,0,0,RGN-New York XXXII LLC,Personnel
103,133,78971143-2565-d391-6239-7d05b283d51b,6,1,20251103,839,5,1,13,0,0,Jack Studios Inc,Personnel
104,25,0010b8ac-a7cb-c470-8833-500bc78a071c,1,1,20260205,829,8,1,13,0,0,The New York & Presbyterian,Personnel
105,1,a2d996fc-9e97-16e4-3c98-80a889ae7c23,1,1,20260204,628,17,2,10,0,0,The New York & Presbyterian,Visitor
106,76,88b66755-bc11-ed9b-d405-94058c0648dd,3,2,20260105,1059,18,1,17,0,0,FASHIONPHILE,Personnel
107,130,189cfb80-115b-eb17-a31a-880583466263,5,2,20260210,569,19,1,9,0,0,Convene 31,Personnel
108,246,90ed8305-1457-8457-1b71-fc951c8fab19,16,5,20260212,883,12,1,14,0,0,Guidehouse,Personnel
109,65,cc602dda-eea9-e82b-49e4-3a3583652287,2,1,20260115,1092,20,1,18,0,0,Ralph Lauren Corporation,Personnel
110,278,7f1f3fd9-b63c-71e8-2fe8-ffbadff9d442,22,5,20251113,605,13,1,10,0,0,JP Morgan Chase,Personnel
111,143,a3dfcc29-c6bb-2fe3-635c-e5982d7cb835,6,1,20260115,867,5,1,14,0,0,Jack Studios Inc,Personnel
112,4,ee89629c-b43b-eeb9-00fb-ef14f8b9553c,1,1,20260116,1079,17,1,17,0,0,The New York & Presbyterian,Personnel
113,51,f228fd16-3afd-dab9-0bfc-fb69a5a2f572,2,1,20260108,774,19,1,12,1,1,Ralph Lauren Corporation,Personnel
114,164,5b0ff123-0d52-9813-8770-9f1fda62fd59,7,3,20251112,816,2,1,13,0,0,Mizuho Americas Services,Personnel
115,43,919204f7-7dee-8acb-e7b3-3ef5d96ba78a,1,1,20251205,509,14,2,8,0,0,The New York & Presbyterian,Visitor
116,212,22641690-d15c-01b2-9564-f5f9e3fc371e,11,4,20260115,712,19,1,11,0,0,RGN-New York XXXII LLC,Personnel
117,223,64591253-d8a1-c945-7861-f0fb97b6b787,13,2,20251120,794,9,1,13,0,0,Roku,Personnel
118,85,2e7ec643-23c3-3688-05b9-5d7c60f10718,3,2,20251117,617,12,2,10,0,0,FASHIONPHILE,Visitor
119,149,b7dfb126-b616-4b1c-2bee-30df88784719,6,1,20251105,628,11,2,10,0,0,Jack Studios Inc,Visitor
120,235,f06e7818-c806-e815-6f72-0adca9c98da0,14,1,20260211,565,11,1,9,0,0,32 BJ Union,Personnel
121,249,db81b5e0-ed39-264c-eec1-fbd4b229af8b,17,4,20251113,731,12,1,12,0,0,StoneX Group Inc,Personnel
122,100,d144b854-d786-59dd-1185-2ef56635747b,4,2,20251219,646,6,1,10,0,0,Convene,Personnel
123,255,7ac90808-30b5-2af4-931f-6f843de8f4a1,18,1,20251126,917,1,1,15,0,0,RXR (75 Rock),Personnel
124,34,b46d8161-b151-5ccb-19f7-3ee9c247e006,1,1,20251215,650,6,2,10,0,0,The New York & Presbyterian,Visitor
125,206,09d32a2c-5d24-2352-a8d5-70000d983750,11,4,20260130,1099,15,1,18,0,1,RGN-New York XXXII LLC,Personnel
126,69,9b0b5824-3206-0961-db19-b5a6bf2ff3bf,2,1,20251217,792,10,1,13,0,0,Ralph Lauren Corporation,Personnel
127,164,5b0ff123-0d52-9813-8770-9f1fda62fd59,7,3,20260113,542,17,1,9,0,0,Mizuho Americas Services,Personnel
128,36,fcc99495-138a-c336-7dea-1cdb18d9c42d,1,1,20260102,669,9,1,11,0,0,The New York & Presbyterian,Personnel
129,187,90abddba-83e8-6f11-1e7e-cfb56a625411,9,1,20251124,902,18,1,15,0,0,Warburg Pincus,Personnel
130,223,64591253-d8a1-c945-7861-f0fb97b6b787,13,2,20251103,681,1,1,11,0,0,Roku,Personnel
131,123,10e3b296-1542-653f-832b-fcb99f0f2dbb,5,2,20260112,789,14,1,13,0,0,Convene 31,Personnel
132,134,45900178-3626-7b9e-00bf-5aa273678844,6,1,20251106,599,14,1,9,0,0,Jack Studios Inc,Personnel
133,107,eb36e847-ced1-f9a9-6ca2-16ddecbaddac,4,2,20260112,557,11,1,9,0,0,Convene,Personnel
134,193,855f28c6-1a3d-3f6a-b16a-357f814296fe,9,1,20251222,1021,6,1,17,0,0,Warburg Pincus,Personnel
135,236,75ad8198-7bc2-c2ba-117c-f51d99587e8f,15,5,20251124,580,12,1,9,0,0,Canada,Personnel
136,7,1d2a6e46-8de1-6bb4-5927-fe7483fc0f15,1,1,20251121,859,6,1,14,0,0,The New York & Presbyterian,Personnel
137,79,699ef2e0-c233-e3a5-fa80-0ca876b89722,3,2,20251105,698,14,1,11,0,0,FASHIONPHILE,Personnel
138,138,8f0d0049-0a58-d530-3f5b-8da2eae40ca1,6,1,20251212,677,2,1,11,0,0,Jack Studios Inc,Personnel
139,82,2a2686a4-90f3-4ff1-6782-c122b97c196c,3,2,20260128,540,6,1,9,1,1,FASHIONPHILE,Personnel
140,275,e2d768ed-b72f-c306-f2c4-eca1f76040fe,21,4,20260204,676,7,1,11,0,0,STRAUB COLLABORATIVE,Personnel
141,108,1573d3a7-87e6-42d9-c0c2-1d35267ccc1f,4,2,20260202,600,13,1,10,0,0,Convene,Personnel
142,289,01505081-ecee-56f3-fa61-e12120ca2911,25,3,20260121,899,1,1,14,0,0,Persistent Systems LLC,Personnel
143,188,9a1aedfe-e476-9fba-a6a1-8f8f6594b1a2,9,1,20260209,544,8,1,9,0,0,Warburg Pincus,Personnel
144,90,0237f393-aae5-d173-a32c-020eeb16207d,3,2,20251222,772,11,1,12,1,1,FASHIONPHILE,Personnel
145,66,02d325d2-5735-cb56-a419-10c3d5e8b901,2,1,20251114,966,2,2,16,0,0,Ralph Lauren Corporation,Visitor
146,98,098e9e87-dc8e-cac5-61d0-7922263d5f20,4,2,20260209,598,13,1,9,0,0,Convene,Personnel
147,182,d383042a-d4e9-89e0-e340-17d711d8ce32,9,1,20260120,757,16,1,12,0,0,Warburg Pincus,Personnel
148,188,9a1aedfe-e476-9fba-a6a1-8f8f6594b1a2,9,1,20260202,816,17,1,13,0,0,Warburg Pincus,Personnel
149,40,04dc731f-2ef1-8704-e4de-276732484f66,1,1,20251106,878,2,1,14,0,0,The New York & Presbyterian,Personnel
150,2,ce5ba133-1ae0-ef24-7369-f3921b5a442f,1,1,20251111,879,19,1,14,0,0,The New York & Presbyterian,Personnel
151,63,3892c748-1b8a-ebb3-27d5-b38e42c730a4,2,1,20251223,680,7,1,11,1,1,Ralph Lauren Corporation,Personnel
152,12,b3396a7c-95c4-accb-e049-1431903850c5,1,1,20251211,951,10,1,15,0,0,The New York & Presbyterian,Personnel
153,295,a120e9ae-cd3d-2774-8b69-8b9cc078085f,28,1,20260105,792,8,1,13,0,0,BasePoint Capital,Personnel
154,59,cc6b6a81-8e6b-00fd-b027-35ced08bbdf5,2,1,20251209,593,10,1,9,0,0,Ralph Lauren Corporation,Personnel
155,219,cecd1073-da2a-5a10-5f46-85b996d993b2,12,3,20260212,595,11,1,9,0,0,Palantir & Current,Personnel
156,252,9233d4c3-f3c0-1d56-f8b9-820ebc1f2d46,17,4,20260211,655,9,1,10,0,0,StoneX Group Inc,Personnel
157,240,8d633117-fe5b-8fd9-ca5c-aa6074d48c2c,15,5,20251121,542,20,2,9,0,0,Canada,Visitor
158,53,f98cd177-0707-41d3-cf3d-1bd1397b7b0e,2,1,20260204,616,9,1,10,0,0,Ralph Lauren Corporation,Personnel
159,109,3b37bdc4-87df-7820-d73c-89df2b0beb7c,4,2,20251231,761,2,1,12,0,0,Convene,Personnel
160,178,0dcf15f5-f087-d43f-3abf-2990bda5c0eb,8,3,20260202,858,20,1,14,0,0,Amazon,Personnel
161,202,9f502a29-f707-81f3-3376-d335be6c6225,10,4,20260128,657,4,1,10,0,0,Linhart Dentistry,Personnel
162,20,00fe1ff0-9954-48bb-d160-90073892c2f0,1,1,20251211,607,5,1,10,0,0,The New York & Presbyterian,Personnel
163,19,4d5f09e3-1c7d-aa87-f59d-42bb347b7eee,1,1,20251120,641,18,1,10,0,0,The New York & Presbyterian,Personnel
164,101,fde7ddd2-b63c-db47-391f-f55398bfe71b,4,2,20260116,541,13,1,9,0,0,Convene,Personnel
165,58,d112b16f-b0e9-f3be-51db-58d0756e8327,2,1,20260114,723,17,1,12,1,1,Ralph Lauren Corporation,Personnel
166,65,cc602dda-eea9-e82b-49e4-3a3583652287,2,1,20260127,773,2,1,12,0,0,Ralph Lauren Corporation,Personnel
167,176,9d09c906-b028-0a68-3472-00433d506de3,8,3,20251211,527,1,2,8,0,0,Amazon,Visitor
168,274,446d13ab-c32f-2891-362f-54a2fc21d6ad,21,4,20260211,648,4,1,10,0,0,STRAUB COLLABORATIVE,Personnel
169,62,b316cf7c-4004-ea8c-6467-85619c2652de,2,1,20251119,825,3,1,13,0,0,Ralph Lauren Corporation,Personnel
170,181,ac4dc73d-cbad-8afc-bba6-e296288a1b0f,8,3,20260114,698,19,1,11,0,0,Amazon,Personnel
171,118,7f69be5f-db4a-fafa-815f-f52841f1cddb,5,2,20251205,969,12,1,16,0,0,Convene 31,Personnel
172,184,087a01f1-f785-3f7d-711f-907290f15664,9,1,20251216,561,8,1,9,0,0,Warburg Pincus,Personnel
173,122,27b115fb-2055-2c0d-2411-0dd0f97236f7,5,2,20251230,862,11,1,14,0,0,Convene 31,Personnel
174,159,01f4d736-6455-b812-d720-62f7b6eedc41,7,3,20260203,637,12,1,10,0,0,Mizuho Americas Services,Personnel
175,173,7156224d-6ba0-834b-470e-0e48b3e13072,8,3,20251201,812,15,1,13,0,0,Amazon,Personnel
176,129,ed3833c8-428b-cb03-9b7f-4bd255ecab7a,5,2,20251211,730,1,1,12,0,0,Convene 31,Personnel
177,16,826521ff-cb97-62e4-f0c7-e38139560ea2,1,1,20251103,741,20,1,12,0,0,The New York & Presbyterian,Personnel
178,6,7ca47c89-8972-22b9-acc5-726e7ea166fe,1,1,20251224,804,4,1,13,0,0,The New York & Presbyterian,Personnel
179,290,d0d05c5a-d126-2a11-8f39-c42e82fe97cd,25,3,20251104,574,19,1,9,0,0,Persistent Systems LLC,Personnel
180,28,3919f338-f22c-dcca-a980-b6d5b90849fd,1,1,20251103,967,16,1,16,0,0,The New York & Presbyterian,Personnel
181,77,c9e6de25-6c6d-aa21-b5f1-e1b19cee9ef6,3,2,20260210,1019,14,1,16,0,0,FASHIONPHILE,Personnel
182,110,4a6dd748-301f-dd4d-c854-9018a937a9f3,4,2,20260202,584,15,1,9,0,0,Convene,Personnel
183,223,64591253-d8a1-c945-7861-f0fb97b6b787,13,2,20260128,549,5,1,9,0,0,Roku,Personnel
184,187,90abddba-83e8-6f11-1e7e-cfb56a625411,9,1,20251120,703,5,1,11,0,0,Warburg Pincus,Personnel
185,193,855f28c6-1a3d-3f6a-b16a-357f814296fe,9,1,20251126,965,8,1,16,1,1,Warburg Pincus,Personnel
186,181,ac4dc73d-cbad-8afc-bba6-e296288a1b0f,8,3,20251117,550,17,1,9,0,0,Amazon,Personnel
187,112,59fe0e04-8bc5-8487-f8d8-cc36649d002a,5,2,20251210,912,5,1,15,0,0,Convene 31,Personnel
188,43,919204f7-7dee-8acb-e7b3-3ef5d96ba78a,1,1,20251124,695,1,2,11,0,1,The New York & Presbyterian,Visitor
189,286,07294c28-54d0-b560-0fc5-62f8a87f070a,24,2,20260109,844,20,1,14,1,1,Locality,Personnel
190,102,87d756d6-6ccb-890e-7763-c3cfdc28593c,4,2,20260109,643,8,1,10,0,0,Convene,Personnel
191,244,7d46b8c4-ff9d-c479-a816-0a9a992e63f9,16,5,20260203,783,10,1,13,0,0,Guidehouse,Personnel
192,180,4cd6b1a1-d78e-20cf-d347-f0dc907db867,8,3,20260210,605,12,2,10,0,0,Amazon,Visitor
193,131,827ed2f0-ac49-49cb-da81-cbd09c862eea,6,1,20251104,585,1,1,9,0,0,Jack Studios Inc,Personnel
194,159,01f4d736-6455-b812-d720-62f7b6eedc41,7,3,20260102,663,15,1,11,1,1,Mizuho Americas Services,Personnel
195,297,6c78b4a3-6840-6be7-471b-67eb877b54ca,29,2,20251111,942,14,2,15,0,0,OXO International Inc,Visitor
196,253,2a84fae7-ad6e-ceb2-50a5-ea605b912601,17,4,20260130,787,19,1,13,0,0,StoneX Group Inc,Personnel
197,274,446d13ab-c32f-2891-362f-54a2fc21d6ad,21,4,20251106,862,10,2,14,0,0,STRAUB COLLABORATIVE,Visitor
198,276,ad7ba83b-3253-f924-5b5b-3ebe8014cef9,21,4,20260206,717,9,1,11,0,0,STRAUB COLLABORATIVE,Personnel
199,172,02e8d818-a0ec-2701-0ff7-1221a482b10f,8,3,20251105,745,14,2,12,0,0,Amazon,Visitor
200,189,9542698a-0ae9-fb94-816f-b5e4e9b773d6,9,1,20260211,1036,9,1,17,0,0,Warburg Pincus,Personnel
201,144,4dd95de3-60bd-8f86-535b-7f7bcd1da8f4,6,1,20260202,825,10,1,13,0,1,Jack Studios Inc,Personnel
202,212,22641690-d15c-01b2-9564-f5f9e3fc371e,11,4,20260205,860,20,1,14,0,0,RGN-New York XXXII LLC,Personnel
203,212,22641690-d15c-01b2-9564-f5f9e3fc371e,11,4,20251104,593,20,1,9,0,0,RGN-New York XXXII LLC,Personnel
204,104,41ed446f-8949-ce63-27de-5fa29551077d,4,2,20260121,556,1,1,9,0,0,Convene,Personnel
205,136,ab73affd-8024-03e9-753c-aa05046497be,6,1,20260114,540,13,1,9,0,0,Jack Studios Inc,Personnel
206,139,6a463b15-8a30-fb2e-3638-d3577130c933,6,1,20251230,554,1,1,9,0,0,Jack Studios Inc,Personnel
207,157,205f2f81-1c15-659b-9c72-31ac33184cb7,7,3,20251104,768,2,1,12,0,0,Mizuho Americas Services,Personnel
208,110,4a6dd748-301f-dd4d-c854-9018a937a9f3,4,2,20251120,916,10,1,15,0,0,Convene,Personnel
209,168,5c4d32cf-bd72-0552-f52e-7ded072a6024,8,3,20251217,793,6,1,13,0,0,Amazon,Personnel
210,209,590e0260-8fc2-da42-0091-28adacf8f045,11,4,20251117,744,17,1,12,0,0,RGN-New York XXXII LLC,Personnel
211,161,42616865-95ea-2b04-a5ea-3da7787d6cea,7,3,20251205,620,16,1,10,0,0,Mizuho Americas Services,Personnel
212,19,4d5f09e3-1c7d-aa87-f59d-42bb347b7eee,1,1,20251105,448,13,1,7,0,0,The New York & Presbyterian,Personnel
213,230,0cb306f5-6af0-a4a4-ce4e-7234015e9032,14,1,20251210,781,3,1,13,1,1,32 BJ Union,Personnel
214,35,716919e4-8bfe-3ef4-160a-34318ca8fdfc,1,1,20260112,928,17,1,15,0,0,The New York & Presbyterian,Personnel
215,15,b2ada4a6-2d7c-24f6-21f3-67c7c4c4949f,1,1,20251105,636,10,1,10,0,0,The New York & Presbyterian,Personnel
216,74,301ab779-eb79-7bfc-e991-321f5a2cfbad,3,2,20251118,436,4,2,7,0,0,FASHIONPHILE,Visitor
217,33,60b23c89-4e26-4556-62b4-fa6c336f3b03,1,1,20260211,683,17,1,11,0,0,The New York & Presbyterian,Personnel
218,155,c15dc3c6-879b-4d76-efcb-fcb55d1e6214,7,3,20251107,720,12,1,12,0,0,Mizuho Americas Services,Personnel
219,284,c43eba0b-e813-b4fa-e8a4-8894f7f2564e,23,5,20260107,616,6,1,10,0,0,Cahill Gordon,Personnel
220,47,e5bb0261-31de-5a9b-042f-3bb56524da0f,1,1,20251218,1052,18,2,17,0,0,The New York & Presbyterian,Visitor
221,270,73bb9f6d-c3c0-6f1e-4665-ee85cb5dbfed,20,3,20251201,626,9,1,10,0,0,West Monroe,Personnel
222,192,9fe06dd1-66c9-decf-2075-a2b9694ed7e8,9,1,20251208,770,6,1,12,0,0,Warburg Pincus,Personnel
223,150,644c2222-975f-5cfb-1f85-163d2a8bfa75,7,3,20260122,723,20,1,12,0,0,Mizuho Americas Services,Personnel
224,292,8e96a1f0-ce5a-0b2f-1a36-99a2372b98c6,26,4,20251125,553,16,1,9,0,0,The Bliss Group,Personnel
225,250,88dea244-089b-b75c-436e-55fe69ea8c46,17,4,20260210,666,20,1,11,0,0,StoneX Group Inc,Personnel
226,118,7f69be5f-db4a-fafa-815f-f52841f1cddb,5,2,20251103,793,9,1,13,0,1,Convene 31,Personnel
227,123,10e3b296-1542-653f-832b-fcb99f0f2dbb,5,2,20251231,904,2,1,15,0,0,Convene 31,Personnel
228,14,e3fc40c8-6c2f-e54c-7607-a0d3d529e8da,1,1,20260107,650,14,1,10,0,0,The New York & Presbyterian,Personnel
229,289,01505081-ecee-56f3-fa61-e12120ca2911,25,3,20251126,767,12,2,12,0,0,Persistent Systems LLC,Visitor
230,57,08c9058c-e891-3cac-4f9e-74d35273bef6,2,1,20260128,891,20,1,14,0,0,Ralph Lauren Corporation,Personnel
231,140,2383493d-e42f-25fb-ba12-41e93ea56985,6,1,20251203,752,10,1,12,0,0,Jack Studios Inc,Personnel
232,104,41ed446f-8949-ce63-27de-5fa29551077d,4,2,20251215,591,4,1,9,0,0,Convene,Personnel
233,203,9ce2f2fe-36ca-6264-67a0-3d567fb7112d,10,4,20260206,555,8,1,9,0,0,Linhart Dentistry,Personnel
234,281,5906391c-98ac-9145-f1b8-eeb8dc7d87e1,22,5,20251218,611,7,1,10,0,0,JP Morgan Chase,Personnel
235,241,d6c97267-2383-8b3e-c3af-678cb50c254f,15,5,20251203,597,1,1,9,0,0,Canada,Personnel
236,220,497d40bf-37e1-9b96-fd63-df0c25ff2662,12,3,20251211,572,3,1,9,0,0,Palantir & Current,Personnel
237,42,5b1fdf76-e137-e6b8-b20a-542382de44ea,1,1,20260106,813,6,2,13,0,0,The New York & Presbyterian,Visitor
238,85,2e7ec643-23c3-3688-05b9-5d7c60f10718,3,2,20251218,568,19,1,9,0,0,FASHIONPHILE,Personnel
239,300,edc35029-9868-9602-4551-462984ffb4a0,30,3,20260210,513,7,1,8,0,0,MHANY,Personnel
240,280,1bfe9ae5-b9d6-6ee7-764a-1586870ca6a3,22,5,20251210,707,13,1,11,0,0,JP Morgan Chase,Personnel
241,72,cfbbe025-08e3-d4c2-bd14-8ec3e9f21f5f,3,2,20251105,557,8,1,9,0,0,FASHIONPHILE,Personnel
242,95,42dfc728-7fda-d46f-e62f-a902faf6bf8a,4,2,20251125,655,11,1,10,0,0,Convene,Personnel
243,62,b316cf7c-4004-ea8c-6467-85619c2652de,2,1,20260113,866,1,1,14,0,0,Ralph Lauren Corporation,Personnel
244,282,23fc1600-174f-f26a-6237-3e54a3ca7074,23,5,20251201,588,8,1,9,0,0,Cahill Gordon,Personnel
245,232,d3fdbe3e-4b6b-abd1-ccce-024807d4d95b,14,1,20260106,930,2,1,15,0,0,32 BJ Union,Personnel
246,245,84a684b8-9fb8-45e8-6452-2610914afae7,16,5,20251208,607,9,1,10,0,0,Guidehouse,Personnel
247,210,8fb0f398-69f6-fccc-02fb-7ebd286fc307,11,4,20251128,628,3,1,10,0,0,RGN-New York XXXII LLC,Personnel
248,157,205f2f81-1c15-659b-9c72-31ac33184cb7,7,3,20260126,658,1,2,10,0,0,Mizuho Americas Services,Visitor
249,152,95f5ed7d-c8fd-e221-d9e3-11c996511bed,7,3,20251201,779,10,1,12,0,0,Mizuho Americas Services,Personnel
250,272,ce8e4e06-9d22-ba68-1f2f-f3b5dc240587,20,3,20260127,1038,5,1,17,0,1,West Monroe,Personnel
251,220,497d40bf-37e1-9b96-fd63-df0c25ff2662,12,3,20251215,563,5,1,9,0,0,Palantir & Current,Personnel
252,120,92c5f84d-48e8-98a9-1d3b-a4a31764e199,5,2,20260128,579,5,1,9,0,0,Convene 31,Personnel
253,222,22ee28a3-fcbf-eeaf-5ca2-d3f07c062749,13,2,20251211,541,16,1,9,0,0,Roku,Personnel
254,149,b7dfb126-b616-4b1c-2bee-30df88784719,6,1,20260130,586,14,1,9,0,0,Jack Studios Inc,Personnel
255,112,59fe0e04-8bc5-8487-f8d8-cc36649d002a,5,2,20251223,636,18,1,10,0,0,Convene 31,Personnel
256,175,fa3dd4f4-daed-1319-75e9-0d9772ac3c35,8,3,20251215,625,8,2,10,0,0,Amazon,Visitor
257,112,59fe0e04-8bc5-8487-f8d8-cc36649d002a,5,2,20260212,669,14,1,11,0,1,Convene 31,Personnel
258,284,c43eba0b-e813-b4fa-e8a4-8894f7f2564e,23,5,20251209,773,6,1,12,0,0,Cahill Gordon,Personnel
259,143,a3dfcc29-c6bb-2fe3-635c-e5982d7cb835,6,1,20251111,527,17,1,8,0,1,Jack Studios Inc,Personnel
260,187,90abddba-83e8-6f11-1e7e-cfb56a625411,9,1,20251104,799,2,2,13,0,1,Warburg Pincus,Visitor
261,106,d16a67bf-092e-4624-a8ac-ea9ee22e6395,4,2,20251229,1165,17,1,19,0,0,Convene,Personnel
262,186,8fa03b98-bd90-97ed-f498-8cdf20460f56,9,1,20260202,828,4,1,13,0,0,Warburg Pincus,Personnel
263,92,03eadd55-3ced-2f7e-5dd1-f62d068a2039,4,2,20251223,906,15,1,15,0,0,Convene,Personnel
264,94,c666fcc8-ce0e-93fe-a94b-6c0f8384ed78,4,2,20251201,595,5,1,9,0,0,Convene,Personnel
265,184,087a01f1-f785-3f7d-711f-907290f15664,9,1,20251111,573,16,1,9,0,0,Warburg Pincus,Personnel
266,287,ea0ef881-5cbd-8807-49f1-d3101d4ed15e,24,2,20251126,678,18,1,11,0,0,Locality,Personnel
267,80,7177c969-6142-596d-d4e9-d67633d1e383,3,2,20260211,831,20,1,13,0,0,FASHIONPHILE,Personnel
268,151,f4437f79-b809-babf-867d-1cbfb38b65de,7,3,20251212,1062,4,1,17,0,0,Mizuho Americas Services,Personnel
269,145,3f12fd9e-d31c-8d77-1592-74fca76e381d,6,1,20260113,588,12,1,9,0,1,Jack Studios Inc,Personnel
270,48,44448012-1132-7e36-978e-8e3a6ab9c301,2,1,20251204,520,16,1,8,0,0,Ralph Lauren Corporation,Personnel
271,266,e0e3b519-3187-0247-45e0-82d954c47c38,19,2,20260108,868,2,1,14,0,0,Elite Model World,Personnel
272,35,716919e4-8bfe-3ef4-160a-34318ca8fdfc,1,1,20251105,694,6,1,11,0,0,The New York & Presbyterian,Personnel
273,91,2f3d9a2a-5cdc-266c-889f-bfc160332706,4,2,20260113,495,6,1,8,0,0,Convene,Personnel
274,146,5c434496-2e8c-3496-3e16-22e8e78e03f2,6,1,20251110,845,3,1,14,0,0,Jack Studios Inc,Personnel
275,14,e3fc40c8-6c2f-e54c-7607-a0d3d529e8da,1,1,20251216,653,12,1,10,1,1,The New York & Presbyterian,Personnel
276,282,23fc1600-174f-f26a-6237-3e54a3ca7074,23,5,20260122,548,5,1,9,0,0,Cahill Gordon,Personnel
277,198,37fec987-e539-7968-dc35-a1d5b60213be,10,4,20260105,665,5,1,11,0,0,Linhart Dentistry,Personnel
278,267,2ace2df6-eb35-0f29-8157-5366ab0eafb7,20,3,20260210,661,3,1,11,0,0,West Monroe,Personnel
279,205,d623c737-d3ef-e076-3595-0a824e9a48e3,11,4,20251216,553,14,1,9,0,0,RGN-New York XXXII LLC,Personnel
280,61,58adfc00-194f-3207-37f2-3d1c5873df31,2,1,20251125,486,17,2,8,0,0,Ralph Lauren Corporation,Visitor
281,165,5b1b0279-4f83-823f-a667-5cbadc7b4dbf,7,3,20251226,608,7,1,10,0,0,Mizuho Americas Services,Personnel
282,169,d5b55ec3-6648-5994-6790-bc6ddef9ddff,8,3,20260107,748,15,1,12,0,0,Amazon,Personnel
283,43,919204f7-7dee-8acb-e7b3-3ef5d96ba78a,1,1,20251112,876,2,1,14,0,0,The New York & Presbyterian,Personnel
284,269,c33a4658-a168-19f8-0fdf-c70240a735b2,20,3,20260212,838,5,1,13,0,0,West Monroe,Personnel
285,236,75ad8198-7bc2-c2ba-117c-f51d99587e8f,15,5,20251106,560,9,1,9,0,0,Canada,Personnel
286,124,c751cc4a-36fc-f9ae-a6d8-ab1f25da3e8d,5,2,20260129,791,13,1,13,0,0,Convene 31,Personnel
287,70,dc721279-ece4-8963-1b9a-75808b9c7959,3,2,20251111,550,4,1,9,0,0,FASHIONPHILE,Personnel
288,176,9d09c906-b028-0a68-3472-00433d506de3,8,3,20251112,501,13,1,8,0,0,Amazon,Personnel
289,57,08c9058c-e891-3cac-4f9e-74d35273bef6,2,1,20251222,809,9,1,13,0,0,Ralph Lauren Corporation,Personnel
290,24,052d3456-bf63-939b-e6bb-264b60d69376,1,1,20251125,648,6,1,10,0,0,The New York & Presbyterian,Personnel
291,42,5b1fdf76-e137-e6b8-b20a-542382de44ea,1,1,20251117,855,2,1,14,0,0,The New York & Presbyterian,Personnel
292,276,ad7ba83b-3253-f924-5b5b-3ebe8014cef9,21,4,20251111,722,3,1,12,0,0,STRAUB COLLABORATIVE,Personnel
293,23,983c7332-68d5-3a6e-7700-2fea0f9f88a4,1,1,20260120,839,3,1,13,0,0,The New York & Presbyterian,Personnel
294,57,08c9058c-e891-3cac-4f9e-74d35273bef6,2,1,20251118,707,5,1,11,1,1,Ralph Lauren Corporation,Personnel
295,6,7ca47c89-8972-22b9-acc5-726e7ea166fe,1,1,20260114,627,11,1,10,0,0,The New York & Presbyterian,Personnel
296,78,c1f4fada-315b-5e69-40a6-c927127e4bc6,3,2,20260130,495,19,1,8,0,0,FASHIONPHILE,Personnel
297,224,8e0d1fda-f3e3-cf88-416a-d5c8cb0f750c,13,2,20251128,563,19,1,9,0,0,Roku,Personnel
298,135,37883505-252d-253e-a07c-d141a580dd07,6,1,20251201,639,17,1,10,0,0,Jack Studios Inc,Personnel
299,84,cc25526b-04dc-297d-5067-9e9dc03bb11a,3,2,20251218,709,13,1,11,0,0,FASHIONPHILE,Personnel
300,123,10e3b296-1542-653f-832b-fcb99f0f2dbb,5,2,20251229,600,17,1,10,0,0,Convene 31,Personnel
301,25,0010b8ac-a7cb-c470-8833-500bc78a071c,1,1,20251104,580,1,1,9,0,0,The New York & Presbyterian,Personnel
302,143,a3dfcc29-c6bb-2fe3-635c-e5982d7cb835,6,1,20251114,723,12,1,12,0,0,Jack Studios Inc,Personnel
303,248,7b7ec8a5-9ff2-75e0-6f53-0251394f0bbf,16,5,20260210,746,15,1,12,0,0,Guidehouse,Personnel
304,296,28fe66be-b334-41e0-2ebe-6cb3174df322,28,1,20251229,683,19,1,11,0,0,BasePoint Capital,Personnel
305,73,4fd57be5-20d0-23f0-d53b-7cf8abbae1a1,3,2,20251222,841,20,1,14,0,0,FASHIONPHILE,Personnel
306,34,b46d8161-b151-5ccb-19f7-3ee9c247e006,1,1,20251121,730,20,2,12,0,0,The New York & Presbyterian,Visitor
307,2,ce5ba133-1ae0-ef24-7369-f3921b5a442f,1,1,20251211,510,19,1,8,0,0,The New York & Presbyterian,Personnel
308,293,337570f7-8581-9ce0-05e7-8bb66662dab8,27,5,20251215,732,12,1,12,0,0,Equus Workforce,Personnel
309,243,7242d45d-bf03-fd18-59d9-cad607cd56fe,16,5,20251230,676,11,1,11,0,0,Guidehouse,Personnel
310,71,90b1141d-899f-c9b1-5caa-d5d3fa56aec6,3,2,20251117,505,20,1,8,0,0,FASHIONPHILE,Personnel
311,238,0b9d0fab-31b8-5dc6-16d3-c9006f21c20c,15,5,20251120,749,12,1,12,0,0,Canada,Personnel
312,294,fd18849c-e2ba-23c6-4b3b-bc7efc31c684,27,5,20260120,507,10,2,8,0,0,Equus Workforce,Visitor
313,295,a120e9ae-cd3d-2774-8b69-8b9cc078085f,28,1,20260211,649,18,1,10,0,0,BasePoint Capital,Personnel
314,288,24635db7-6572-c8a5-3f10-ac700daf4bc2,24,2,20260202,954,19,1,15,0,0,Locality,Personnel
315,22,eeb8e8ac-8fc3-f64e-6863-3501605d92e7,1,1,20251231,837,12,1,13,0,0,The New York & Presbyterian,Personnel
316,128,ed81938b-93f2-450a-0a47-5d2814e66a0b,5,2,20260211,787,18,1,13,0,0,Convene 31,Personnel
317,264,3ad3e6dc-3c16-70e7-c47c-d2bba5b7aa2d,19,2,20251202,646,18,2,10,0,0,Elite Model World,Visitor
318,156,340bcc82-297f-99c2-a472-8395aadd3f06,7,3,20251224,682,9,1,11,0,0,Mizuho Americas Services,Personnel
319,297,6c78b4a3-6840-6be7-471b-67eb877b54ca,29,2,20251230,552,3,1,9,0,0,OXO International Inc,Personnel
320,130,189cfb80-115b-eb17-a31a-880583466263,5,2,20251218,616,17,1,10,0,1,Convene 31,Personnel
321,213,808fb319-d439-5940-5e72-845190d0d1a9,12,3,20260128,551,18,1,9,0,0,Palantir & Current,Personnel
322,253,2a84fae7-ad6e-ceb2-50a5-ea605b912601,17,4,20251113,454,9,1,7,0,0,StoneX Group Inc,Personnel
323,197,f574c172-0495-7752-55a9-a473e6a7e108,10,4,20260106,762,12,1,12,0,0,Linhart Dentistry,Personnel
324,104,41ed446f-8949-ce63-27de-5fa29551077d,4,2,20251104,738,10,1,12,0,0,Convene,Personnel
325,246,90ed8305-1457-8457-1b71-fc951c8fab19,16,5,20260126,791,20,1,13,0,0,Guidehouse,Personnel
326,197,f574c172-0495-7752-55a9-a473e6a7e108,10,4,20251204,691,7,1,11,0,0,Linhart Dentistry,Personnel
327,75,12fa863d-6565-5988-6d20-9567ff7957c9,3,2,20251119,588,11,1,9,0,0,FASHIONPHILE,Personnel
328,188,9a1aedfe-e476-9fba-a6a1-8f8f6594b1a2,9,1,20260123,573,7,1,9,0,0,Warburg Pincus,Personnel
329,228,1a2abf01-34ee-fdd9-5fab-ed59f55edec7,13,2,20260209,384,16,2,6,0,0,Roku,Visitor
330,253,2a84fae7-ad6e-ceb2-50a5-ea605b912601,17,4,20251231,580,19,1,9,0,0,StoneX Group Inc,Personnel
331,136,ab73affd-8024-03e9-753c-aa05046497be,6,1,20251217,652,10,1,10,0,0,Jack Studios Inc,Personnel
332,62,b316cf7c-4004-ea8c-6467-85619c2652de,2,1,20260102,810,18,1,13,0,0,Ralph Lauren Corporation,Personnel
333,166,659d225e-18f6-f111-07b0-49fa215b966f,8,3,20260114,619,9,1,10,0,0,Amazon,Personnel
334,59,cc6b6a81-8e6b-00fd-b027-35ced08bbdf5,2,1,20251230,546,18,1,9,0,0,Ralph Lauren Corporation,Personnel
335,287,ea0ef881-5cbd-8807-49f1-d3101d4ed15e,24,2,20260127,516,12,2,8,0,0,Locality,Visitor
336,117,534560d2-c372-09a0-5f49-5f2ce09ac5c6,5,2,20260108,870,6,1,14,0,0,Convene 31,Personnel
337,3,bc0a8b13-9278-8b74-40b5-c505a31bc64a,1,1,20251208,734,20,1,12,0,0,The New York & Presbyterian,Personnel
338,247,5bf977b9-12f1-0097-96ed-7909951f0e03,16,5,20260122,606,13,1,10,0,0,Guidehouse,Personnel
339,264,3ad3e6dc-3c16-70e7-c47c-d2bba5b7aa2d,19,2,20260112,666,16,1,11,0,0,Elite Model World,Personnel
340,23,983c7332-68d5-3a6e-7700-2fea0f9f88a4,1,1,20251224,557,17,2,9,0,0,The New York & Presbyterian,Visitor
341,98,098e9e87-dc8e-cac5-61d0-7922263d5f20,4,2,20251118,561,9,1,9,0,0,Convene,Personnel
342,106,d16a67bf-092e-4624-a8ac-ea9ee22e6395,4,2,20260113,640,19,1,10,0,0,Convene,Personnel
343,53,f98cd177-0707-41d3-cf3d-1bd1397b7b0e,2,1,20251105,693,11,1,11,0,0,Ralph Lauren Corporation,Personnel
344,91,2f3d9a2a-5cdc-266c-889f-bfc160332706,4,2,20260120,754,9,1,12,0,0,Convene,Personnel
345,291,82319bfe-4e81-3d03-1b81-2a288c5db69c,26,4,20260127,637,6,1,10,0,0,The Bliss Group,Personnel
346,128,ed81938b-93f2-450a-0a47-5d2814e66a0b,5,2,20260206,622,16,2,10,0,0,Convene 31,Visitor
347,19,4d5f09e3-1c7d-aa87-f59d-42bb347b7eee,1,1,20251120,737,2,1,12,0,0,The New York & Presbyterian,Personnel
348,121,a7b63698-60f9-5e52-e5af-046ebedfbc98,5,2,20260106,528,11,1,8,0,0,Convene 31,Personnel
349,189,9542698a-0ae9-fb94-816f-b5e4e9b773d6,9,1,20260204,881,20,1,14,0,0,Warburg Pincus,Personnel
350,283,d78d002f-d488-cc39-5712-dacc8d653be0,23,5,20251215,639,5,2,10,0,0,Cahill Gordon,Visitor
351,246,90ed8305-1457-8457-1b71-fc951c8fab19,16,5,20251110,650,11,1,10,0,0,Guidehouse,Personnel
352,250,88dea244-089b-b75c-436e-55fe69ea8c46,17,4,20251212,644,8,1,10,0,0,StoneX Group Inc,Personnel
353,26,44413f8f-6262-02ec-e01e-0217c87acef5,1,1,20251204,725,19,1,12,0,0,The New York & Presbyterian,Personnel
354,294,fd18849c-e2ba-23c6-4b3b-bc7efc31c684,27,5,20251118,633,8,1,10,0,0,Equus Workforce,Personnel
355,99,84a32dd2-48e7-8e1f-12f0-2797395da24c,4,2,20251111,594,2,2,9,0,0,Convene,Visitor
356,78,c1f4fada-315b-5e69-40a6-c927127e4bc6,3,2,20260212,666,18,1,11,0,0,FASHIONPHILE,Personnel
357,94,c666fcc8-ce0e-93fe-a94b-6c0f8384ed78,4,2,20251224,560,4,1,9,0,0,Convene,Personnel
358,164,5b0ff123-0d52-9813-8770-9f1fda62fd59,7,3,20251222,361,14,1,6,0,0,Mizuho Americas Services,Personnel
359,101,fde7ddd2-b63c-db47-391f-f55398bfe71b,4,2,20251126,559,20,1,9,0,0,Convene,Personnel
360,77,c9e6de25-6c6d-aa21-b5f1-e1b19cee9ef6,3,2,20260202,666,12,2,11,0,0,FASHIONPHILE,Visitor
361,207,e170b083-bb13-89b2-dc89-7299691177d8,11,4,20260204,493,4,1,8,0,0,RGN-New York XXXII LLC,Personnel
362,241,d6c97267-2383-8b3e-c3af-678cb50c254f,15,5,20260107,663,11,1,11,0,0,Canada,Personnel
363,10,0277cfb8-1a69-f658-b217-40ab8c44af4a,1,1,20251215,634,14,1,10,1,1,The New York & Presbyterian,Personnel
364,289,01505081-ecee-56f3-fa61-e12120ca2911,25,3,20251114,605,13,2,10,0,0,Persistent Systems LLC,Visitor
365,116,f1b75f8e-414e-c4b5-00c8-d52ece9d8565,5,2,20251217,735,5,1,12,0,0,Convene 31,Personnel
366,65,cc602dda-eea9-e82b-49e4-3a3583652287,2,1,20251125,888,15,1,14,0,0,Ralph Lauren Corporation,Personnel
367,230,0cb306f5-6af0-a4a4-ce4e-7234015e9032,14,1,20260206,623,1,1,10,0,0,32 BJ Union,Personnel
368,19,4d5f09e3-1c7d-aa87-f59d-42bb347b7eee,1,1,20251202,677,2,1,11,0,0,The New York & Presbyterian,Personnel
369,216,3a5245a9-a481-40bc-32ef-30a0d7462100,12,3,20260107,642,3,1,10,1,1,Palantir & Current,Personnel
370,149,b7dfb126-b616-4b1c-2bee-30df88784719,6,1,20251210,637,6,2,10,0,0,Jack Studios Inc,Visitor
371,61,58adfc00-194f-3207-37f2-3d1c5873df31,2,1,20260211,617,6,1,10,0,0,Ralph Lauren Corporation,Personnel
372,164,5b0ff123-0d52-9813-8770-9f1fda62fd59,7,3,20260113,791,6,1,13,0,0,Mizuho Americas Services,Personnel
373,125,cf4f3f3d-0434-f205-4e89-517868addc3c,5,2,20260209,756,1,1,12,0,0,Convene 31,Personnel
374,145,3f12fd9e-d31c-8d77-1592-74fca76e381d,6,1,20260130,541,9,1,9,0,0,Jack Studios Inc,Personnel
375,292,8e96a1f0-ce5a-0b2f-1a36-99a2372b98c6,26,4,20260127,830,17,1,13,0,0,The Bliss Group,Personnel
376,47,e5bb0261-31de-5a9b-042f-3bb56524da0f,1,1,20251209,587,4,1,9,0,0,The New York & Presbyterian,Personnel
377,191,56bc0763-8481-d2f9-a9b6-47775ab88a12,9,1,20251231,579,7,2,9,0,0,Warburg Pincus,Visitor
378,288,24635db7-6572-c8a5-3f10-ac700daf4bc2,24,2,20251226,632,2,1,10,0,0,Locality,Personnel
379,169,d5b55ec3-6648-5994-6790-bc6ddef9ddff,8,3,20251215,772,17,2,12,0,0,Amazon,Visitor
380,153,ddeb3ac4-389b-27ba-5455-8f414064225e,7,3,20251119,720,9,2,12,0,0,Mizuho Americas Services,Visitor
381,291,82319bfe-4e81-3d03-1b81-2a288c5db69c,26,4,20251103,665,5,1,11,0,0,The Bliss Group,Personnel
382,180,4cd6b1a1-d78e-20cf-d347-f0dc907db867,8,3,20251208,560,10,1,9,0,0,Amazon,Personnel
383,23,983c7332-68d5-3a6e-7700-2fea0f9f88a4,1,1,20251124,572,8,2,9,0,0,The New York & Presbyterian,Visitor
384,250,88dea244-089b-b75c-436e-55fe69ea8c46,17,4,20251209,1066,12,1,17,0,0,StoneX Group Inc,Personnel
385,45,b469204b-1fee-9686-e3b9-358773052115,1,1,20251231,1012,1,1,16,0,0,The New York & Presbyterian,Personnel
386,142,f93b1dfb-ac57-f315-d196-e38cfaa33b43,6,1,20260126,583,12,1,9,0,0,Jack Studios Inc,Personnel
387,262,33bceaa6-7a1b-02c3-2dfa-cb17d36d9bc9,19,2,20251231,998,8,1,16,0,0,Elite Model World,Personnel
388,159,01f4d736-6455-b812-d720-62f7b6eedc41,7,3,20251203,486,18,1,8,1,1,Mizuho Americas Services,Personnel
389,120,92c5f84d-48e8-98a9-1d3b-a4a31764e199,5,2,20260211,586,11,1,9,0,0,Convene 31,Personnel
390,215,df3e6e35-3f5a-2740-deb4-f942c4ba5a53,12,3,20251110,679,15,1,11,0,0,Palantir & Current,Personnel
391,4,ee89629c-b43b-eeb9-00fb-ef14f8b9553c,1,1,20251124,815,12,1,13,0,0,The New York & Presbyterian,Personnel
392,41,5c320523-b390-cd82-d946-b12ed9b83174,1,1,20260127,577,17,2,9,0,0,The New York & Presbyterian,Visitor
393,233,dd6e2a2b-5d5c-71f6-6d2d-be243ed2401d,14,1,20251205,920,4,1,15,0,0,32 BJ Union,Personnel
394,187,90abddba-83e8-6f11-1e7e-cfb56a625411,9,1,20260205,560,13,1,9,0,0,Warburg Pincus,Personnel
395,17,d10ba14a-4540-8890-ec84-75ca06c8cf7f,1,1,20260112,490,19,1,8,1,1,The New York & Presbyterian,Personnel
396,155,c15dc3c6-879b-4d76-efcb-fcb55d1e6214,7,3,20251202,736,4,1,12,0,0,Mizuho Americas Services,Personnel
397,58,d112b16f-b0e9-f3be-51db-58d0756e8327,2,1,20251231,561,19,1,9,0,0,Ralph Lauren Corporation,Personnel
398,117,534560d2-c372-09a0-5f49-5f2ce09ac5c6,5,2,20251121,511,18,1,8,0,0,Convene 31,Personnel
399,134,45900178-3626-7b9e-00bf-5aa273678844,6,1,20251223,545,20,1,9,0,0,Jack Studios Inc,Personnel
400,35,716919e4-8bfe-3ef4-160a-34318ca8fdfc,1,1,20260129,796,20,1,13,0,0,The New York & Presbyterian,Personnel
401,242,31e4ed7f-6ad8-3e3d-e6cb-326ef7ee9a48,15,5,20260114,672,9,1,11,0,0,Canada,Personnel
402,44,2d4ef446-b0b1-9641-a3dd-96599f454fbf,1,1,20260114,632,1,1,10,0,0,The New York & Presbyterian,Personnel
403,278,7f1f3fd9-b63c-71e8-2fe8-ffbadff9d442,22,5,20251230,523,8,1,8,0,0,JP Morgan Chase,Personnel
404,134,45900178-3626-7b9e-00bf-5aa273678844,6,1,20260130,576,18,1,9,0,0,Jack Studios Inc,Personnel
405,186,8fa03b98-bd90-97ed-f498-8cdf20460f56,9,1,20251202,507,3,2,8,0,0,Warburg Pincus,Visitor
406,201,f0a8b495-8758-b193-d7d5-504639cc60bc,10,4,20260105,558,11,1,9,0,0,Linhart Dentistry,Personnel
407,168,5c4d32cf-bd72-0552-f52e-7ded072a6024,8,3,20260123,639,17,1,10,0,0,Amazon,Personnel
408,115,5c36f1c8-79da-fb49-82f6-19d3198b6f66,5,2,20251117,829,8,1,13,0,0,Convene 31,Personnel
409,259,7632e70d-a55a-de63-d58c-42dbc930b1ca,18,1,20251114,885,20,1,14,1,1,RXR (75 Rock),Personnel
410,113,02d248e3-0a37-d1a7-4db0-e02909f69500,5,2,20251110,663,6,1,11,0,0,Convene 31,Personnel
411,249,db81b5e0-ed39-264c-eec1-fbd4b229af8b,17,4,20260112,739,8,1,12,0,0,StoneX Group Inc,Personnel
412,130,189cfb80-115b-eb17-a31a-880583466263,5,2,20251119,839,20,1,13,0,0,Convene 31,Personnel
413,70,dc721279-ece4-8963-1b9a-75808b9c7959,3,2,20260108,1011,13,1,16,0,0,FASHIONPHILE,Personnel
414,56,9a612bba-141b-0166-f3a7-bee44ca62d5e,2,1,20251205,637,1,1,10,0,0,Ralph Lauren Corporation,Personnel
415,258,e81e9a0c-ff15-f54a-0c0b-84b7b67152d6,18,1,20251119,701,19,1,11,0,0,RXR (75 Rock),Personnel
416,255,7ac90808-30b5-2af4-931f-6f843de8f4a1,18,1,20251111,797,13,1,13,1,1,RXR (75 Rock),Personnel
417,111,8e548622-ae7d-5012-54e4-ea9ec9805bda,4,2,20260127,388,5,1,6,0,0,Convene,Personnel
418,25,0010b8ac-a7cb-c470-8833-500bc78a071c,1,1,20260116,1097,4,1,18,0,0,The New York & Presbyterian,Personnel
419,136,ab73affd-8024-03e9-753c-aa05046497be,6,1,20260107,648,4,2,10,0,0,Jack Studios Inc,Visitor
420,70,dc721279-ece4-8963-1b9a-75808b9c7959,3,2,20260120,759,19,1,12,0,0,FASHIONPHILE,Personnel
421,157,205f2f81-1c15-659b-9c72-31ac33184cb7,7,3,20251105,746,15,2,12,0,0,Mizuho Americas Services,Visitor
422,251,cbc36bef-5a5f-9e73-0222-2ec1b285b0f7,17,4,20251208,759,14,1,12,0,0,StoneX Group Inc,Personnel
423,31,a719622b-ab2e-9e5c-258f-431ee3cde163,1,1,20260121,709,12,1,11,0,0,The New York & Presbyterian,Personnel
424,275,e2d768ed-b72f-c306-f2c4-eca1f76040fe,21,4,20251124,622,1,1,10,0,0,STRAUB COLLABORATIVE,Personnel
425,89,7b562a30-364b-954d-541c-ab9e5f8fcb75,3,2,20251112,631,11,1,10,0,0,FASHIONPHILE,Personnel
426,114,2b0b6f7b-5406-8dd1-bd02-5ac3d62bfc1d,5,2,20260108,459,17,1,7,0,0,Convene 31,Personnel
427,186,8fa03b98-bd90-97ed-f498-8cdf20460f56,9,1,20251204,578,1,1,9,0,0,Warburg Pincus,Personnel
428,193,855f28c6-1a3d-3f6a-b16a-357f814296fe,9,1,20251205,920,19,1,15,0,0,Warburg Pincus,Personnel
429,261,91a0e8b1-4f94-74a2-3569-abf1db9a9784,19,2,20251107,773,14,1,12,0,0,Elite Model World,Personnel
430,7,1d2a6e46-8de1-6bb4-5927-fe7483fc0f15,1,1,20251105,650,8,1,10,0,0,The New York & Presbyterian,Personnel
431,185,6df446b4-8d31-8187-f010-5c19b41c8cc9,9,1,20260128,601,17,1,10,0,0,Warburg Pincus,Personnel
432,259,7632e70d-a55a-de63-d58c-42dbc930b1ca,18,1,20260113,946,4,1,15,0,1,RXR (75 Rock),Personnel
433,66,02d325d2-5735-cb56-a419-10c3d5e8b901,2,1,20260211,614,18,1,10,0,1,Ralph Lauren Corporation,Personnel
434,69,9b0b5824-3206-0961-db19-b5a6bf2ff3bf,2,1,20260128,550,2,1,9,0,0,Ralph Lauren Corporation,Personnel
435,278,7f1f3fd9-b63c-71e8-2fe8-ffbadff9d442,22,5,20251229,566,3,1,9,0,0,JP Morgan Chase,Personnel
436,231,8a01651e-3227-a1ff-b6ce-8605a146c5b6,14,1,20260109,805,11,2,13,0,0,32 BJ Union,Visitor
437,34,b46d8161-b151-5ccb-19f7-3ee9c247e006,1,1,20260130,1007,5,1,16,0,0,The New York & Presbyterian,Personnel
438,266,e0e3b519-3187-0247-45e0-82d954c47c38,19,2,20251219,546,6,1,9,0,0,Elite Model World,Personnel
439,149,b7dfb126-b616-4b1c-2bee-30df88784719,6,1,20251201,749,20,1,12,0,0,Jack Studios Inc,Personnel
440,20,00fe1ff0-9954-48bb-d160-90073892c2f0,1,1,20251113,825,16,1,13,0,0,The New York & Presbyterian,Personnel
441,94,c666fcc8-ce0e-93fe-a94b-6c0f8384ed78,4,2,20260107,1054,2,1,17,0,0,Convene,Personnel
442,73,4fd57be5-20d0-23f0-d53b-7cf8abbae1a1,3,2,20251217,601,14,1,10,0,0,FASHIONPHILE,Personnel
443,145,3f12fd9e-d31c-8d77-1592-74fca76e381d,6,1,20260109,527,12,1,8,0,0,Jack Studios Inc,Personnel
444,272,ce8e4e06-9d22-ba68-1f2f-f3b5dc240587,20,3,20260107,514,1,1,8,0,1,West Monroe,Personnel
445,196,8bf33d70-3ae6-fe04-9f43-827a2b067afe,10,4,20260115,799,4,2,13,0,0,Linhart Dentistry,Visitor
446,270,73bb9f6d-c3c0-6f1e-4665-ee85cb5dbfed,20,3,20260204,637,4,2,10,0,0,West Monroe,Visitor
447,212,22641690-d15c-01b2-9564-f5f9e3fc371e,11,4,20260107,602,15,1,10,0,0,RGN-New York XXXII LLC,Personnel
448,118,7f69be5f-db4a-fafa-815f-f52841f1cddb,5,2,20251230,669,14,1,11,0,0,Convene 31,Personnel
449,218,72155ecc-855c-c933-e439-202dd8bef13c,12,3,20260123,548,8,1,9,0,0,Palantir & Current,Personnel
450,88,aee91261-a748-d316-eb27-3902442b1769,3,2,20260210,364,10,1,6,0,0,FASHIONPHILE,Personnel
451,162,7fff4cbd-c59b-bc4e-b7f8-4d6bbd0352ca,7,3,20260114,637,7,1,10,0,0,Mizuho Americas Services,Personnel
452,238,0b9d0fab-31b8-5dc6-16d3-c9006f21c20c,15,5,20260121,542,11,1,9,0,0,Canada,Personnel
453,73,4fd57be5-20d0-23f0-d53b-7cf8abbae1a1,3,2,20251105,680,18,1,11,1,1,FASHIONPHILE,Personnel
454,162,7fff4cbd-c59b-bc4e-b7f8-4d6bbd0352ca,7,3,20260129,621,20,1,10,0,0,Mizuho Americas Services,Personnel
455,199,91af50fc-e08a-fe5b-a49f-70c0057b19d8,10,4,20251105,786,4,1,13,0,0,Linhart Dentistry,Personnel
456,168,5c4d32cf-bd72-0552-f52e-7ded072a6024,8,3,20251106,618,16,1,10,0,0,Amazon,Personnel
457,190,364e1246-38e5-a9ad-d16e-7b3269d8801f,9,1,20251222,643,7,1,10,0,0,Warburg Pincus,Personnel
458,90,0237f393-aae5-d173-a32c-020eeb16207d,3,2,20260122,547,16,1,9,1,1,FASHIONPHILE,Personnel
459,141,585ccf26-4246-9083-979b-3e11ed5c96a5,6,1,20260212,680,18,1,11,0,0,Jack Studios Inc,Personnel
460,62,b316cf7c-4004-ea8c-6467-85619c2652de,2,1,20251216,805,3,1,13,1,1,Ralph Lauren Corporation,Personnel
461,198,37fec987-e539-7968-dc35-a1d5b60213be,10,4,20260114,923,1,1,15,0,0,Linhart Dentistry,Personnel
462,257,14d78cd4-f5bf-c561-0ba5-773c85696511,18,1,20251112,500,14,1,8,0,0,RXR (75 Rock),Personnel
463,62,b316cf7c-4004-ea8c-6467-85619c2652de,2,1,20260212,547,14,1,9,0,0,Ralph Lauren Corporation,Personnel
464,271,a2511fec-1f3a-7111-e606-33a9a975560b,20,3,20251218,1003,15,1,16,0,0,West Monroe,Personnel
465,51,f228fd16-3afd-dab9-0bfc-fb69a5a2f572,2,1,20251107,694,4,1,11,1,1,Ralph Lauren Corporation,Personnel
466,297,6c78b4a3-6840-6be7-471b-67eb877b54ca,29,2,20251105,630,4,1,10,0,0,OXO International Inc,Personnel
467,192,9fe06dd1-66c9-decf-2075-a2b9694ed7e8,9,1,20260108,609,12,1,10,0,0,Warburg Pincus,Personnel
468,55,0800041e-8cb4-d76c-0ec1-399950cca67c,2,1,20251204,619,7,2,10,0,0,Ralph Lauren Corporation,Visitor
469,158,38028e2e-fa7f-638f-0fce-56f79a5df419,7,3,20251223,769,1,1,12,0,0,Mizuho Americas Services,Personnel
470,42,5b1fdf76-e137-e6b8-b20a-542382de44ea,1,1,20251204,917,8,1,15,0,0,The New York & Presbyterian,Personnel
471,278,7f1f3fd9-b63c-71e8-2fe8-ffbadff9d442,22,5,20251201,716,12,1,11,0,0,JP Morgan Chase,Personnel
472,116,f1b75f8e-414e-c4b5-00c8-d52ece9d8565,5,2,20260203,605,19,2,10,0,0,Convene 31,Visitor
473,25,0010b8ac-a7cb-c470-8833-500bc78a071c,1,1,20260128,577,14,1,9,0,0,The New York & Presbyterian,Personnel
474,233,dd6e2a2b-5d5c-71f6-6d2d-be243ed2401d,14,1,20260126,704,8,1,11,0,0,32 BJ Union,Personnel
475,212,22641690-d15c-01b2-9564-f5f9e3fc371e,11,4,20260113,525,7,1,8,0,0,RGN-New York XXXII LLC,Personnel
476,214,1d0e7475-63e6-11a9-1c8f-09f4c7dad914,12,3,20251217,582,3,2,9,0,0,Palantir & Current,Visitor
477,62,b316cf7c-4004-ea8c-6467-85619c2652de,2,1,20260114,524,1,1,8,0,0,Ralph Lauren Corporation,Personnel
478,156,340bcc82-297f-99c2-a472-8395aadd3f06,7,3,20260109,659,8,2,10,0,0,Mizuho Americas Services,Visitor
479,294,fd18849c-e2ba-23c6-4b3b-bc7efc31c684,27,5,20251203,634,5,1,10,0,0,Equus Workforce,Personnel
480,299,9c022499-7058-67a2-ed51-26f453880772,30,3,20260106,778,18,1,12,0,0,MHANY,Personnel
481,49,9bcf2ab9-9349-5f34-8929-f09089a4f0b0,2,1,20260203,810,4,1,13,0,1,Ralph Lauren Corporation,Personnel
482,36,fcc99495-138a-c336-7dea-1cdb18d9c42d,1,1,20251203,559,12,1,9,0,0,The New York & Presbyterian,Personnel
483,247,5bf977b9-12f1-0097-96ed-7909951f0e03,16,5,20260205,654,20,1,10,0,0,Guidehouse,Personnel
484,189,9542698a-0ae9-fb94-816f-b5e4e9b773d6,9,1,20260115,552,6,1,9,0,0,Warburg Pincus,Personnel
485,218,72155ecc-855c-c933-e439-202dd8bef13c,12,3,20260129,916,18,1,15,0,0,Palantir & Current,Personnel
486,181,ac4dc73d-cbad-8afc-bba6-e296288a1b0f,8,3,20251210,520,1,1,8,0,0,Amazon,Personnel
487,155,c15dc3c6-879b-4d76-efcb-fcb55d1e6214,7,3,20260202,702,5,2,11,0,0,Mizuho Americas Services,Visitor
488,152,95f5ed7d-c8fd-e221-d9e3-11c996511bed,7,3,20260109,551,6,1,9,0,0,Mizuho Americas Services,Personnel
489,265,ec09cf85-b854-2abc-779a-1605be0c0c22,19,2,20251218,782,7,1,13,1,1,Elite Model World,Personnel
490,166,659d225e-18f6-f111-07b0-49fa215b966f,8,3,20251126,667,8,1,11,0,0,Amazon,Personnel
491,90,0237f393-aae5-d173-a32c-020eeb16207d,3,2,20251113,574,3,1,9,0,0,FASHIONPHILE,Personnel
492,287,ea0ef881-5cbd-8807-49f1-d3101d4ed15e,24,2,20251208,918,6,2,15,0,0,Locality,Visitor
493,71,90b1141d-899f-c9b1-5caa-d5d3fa56aec6,3,2,20251215,421,5,1,7,0,0,FASHIONPHILE,Personnel
494,263,1f26e804-3bb8-d507-e912-344f9a45e539,19,2,20251103,489,2,1,8,0,0,Elite Model World,Personnel
495,151,f4437f79-b809-babf-867d-1cbfb38b65de,7,3,20251210,688,2,1,11,1,1,Mizuho Americas Services,Personnel
496,176,9d09c906-b028-0a68-3472-00433d506de3,8,3,20260115,806,2,1,13,0,0,Amazon,Personnel
497,231,8a01651e-3227-a1ff-b6ce-8605a146c5b6,14,1,20251114,886,3,1,14,0,0,32 BJ Union,Personnel
498,163,e32df4d1-7d9f-d2db-e826-f70d72e24d2c,7,3,20251211,743,19,1,12,0,0,Mizuho Americas Services,Personnel
499,195,f6b0a376-8cea-b94f-8bde-b94d8c738d12,9,1,20260120,554,11,1,9,0,0,Warburg Pincus,Personnel
500,257,14d78cd4-f5bf-c561-0ba5-773c85696511,18,1,20251223,500,12,1,8,1,1,RXR (75 Rock),Personnel
501,59,cc6b6a81-8e6b-00fd-b027-35ced08bbdf5,2,1,20251114,617,8,1,10,1,1,Ralph Lauren Corporation,Personnel
502,299,9c022499-7058-67a2-ed51-26f453880772,30,3,20251106,615,12,1,10,0,0,MHANY,Personnel
503,81,3c6607ec-3a46-f23c-8ee3-b95b9ab30286,3,2,20260210,854,8,1,14,1,1,FASHIONPHILE,Personnel
504,96,89504b4e-ae35-7bfd-750e-2aa682407952,4,2,20251203,920,12,1,15,0,0,Convene,Personnel
505,185,6df446b4-8d31-8187-f010-5c19b41c8cc9,9,1,20251211,878,3,1,14,0,0,Warburg Pincus,Personnel
506,155,c15dc3c6-879b-4d76-efcb-fcb55d1e6214,7,3,20251230,880,17,1,14,0,0,Mizuho Americas Services,Personnel
507,2,ce5ba133-1ae0-ef24-7369-f3921b5a442f,1,1,20260116,646,15,1,10,0,0,The New York & Presbyterian,Personnel
508,213,808fb319-d439-5940-5e72-845190d0d1a9,12,3,20260107,588,6,1,9,0,0,Palantir & Current,Personnel
509,299,9c022499-7058-67a2-ed51-26f453880772,30,3,20260114,711,9,2,11,0,0,MHANY,Visitor
510,243,7242d45d-bf03-fd18-59d9-cad607cd56fe,16,5,20260114,612,2,1,10,0,0,Guidehouse,Personnel
511,98,098e9e87-dc8e-cac5-61d0-7922263d5f20,4,2,20251110,622,20,1,10,0,0,Convene,Personnel
512,34,b46d8161-b151-5ccb-19f7-3ee9c247e006,1,1,20260128,680,14,1,11,0,0,The New York & Presbyterian,Personnel
513,162,7fff4cbd-c59b-bc4e-b7f8-4d6bbd0352ca,7,3,20260129,639,2,1,10,0,0,Mizuho Americas Services,Personnel
514,65,cc602dda-eea9-e82b-49e4-3a3583652287,2,1,20260209,577,14,1,9,1,1,Ralph Lauren Corporation,Personnel
515,111,8e548622-ae7d-5012-54e4-ea9ec9805bda,4,2,20251230,572,3,1,9,0,0,Convene,Personnel
516,26,44413f8f-6262-02ec-e01e-0217c87acef5,1,1,20260106,448,8,1,7,0,0,The New York & Presbyterian,Personnel
517,203,9ce2f2fe-36ca-6264-67a0-3d567fb7112d,10,4,20260105,584,1,1,9,0,0,Linhart Dentistry,Personnel
518,257,14d78cd4-f5bf-c561-0ba5-773c85696511,18,1,20251118,496,6,1,8,1,1,RXR (75 Rock),Personnel
519,81,3c6607ec-3a46-f23c-8ee3-b95b9ab30286,3,2,20251218,878,4,1,14,1,1,FASHIONPHILE,Personnel
520,97,35e27aef-5020-8f65-4227-5002498ec2ae,4,2,20260114,625,15,1,10,0,0,Convene,Personnel
521,72,cfbbe025-08e3-d4c2-bd14-8ec3e9f21f5f,3,2,20251215,851,17,1,14,0,0,FASHIONPHILE,Personnel
522,99,84a32dd2-48e7-8e1f-12f0-2797395da24c,4,2,20251113,654,13,1,10,0,0,Convene,Personnel
523,106,d16a67bf-092e-4624-a8ac-ea9ee22e6395,4,2,20260116,682,11,1,11,0,0,Convene,Personnel
524,172,02e8d818-a0ec-2701-0ff7-1221a482b10f,8,3,20251104,1016,9,1,16,0,1,Amazon,Personnel
525,112,59fe0e04-8bc5-8487-f8d8-cc36649d002a,5,2,20260202,588,11,1,9,0,0,Convene 31,Personnel
526,290,d0d05c5a-d126-2a11-8f39-c42e82fe97cd,25,3,20260107,700,2,1,11,1,1,Persistent Systems LLC,Personnel
527,242,31e4ed7f-6ad8-3e3d-e6cb-326ef7ee9a48,15,5,20260210,753,18,1,12,0,0,Canada,Personnel
528,131,827ed2f0-ac49-49cb-da81-cbd09c862eea,6,1,20260212,782,16,1,13,0,0,Jack Studios Inc,Personnel
529,234,91efdb7f-828d-bfab-30e1-95c5293e2e9d,14,1,20260130,592,11,2,9,0,0,32 BJ Union,Visitor
530,105,d54bd26b-0304-a2c3-b643-e2c5e7f1ae72,4,2,20260121,624,2,1,10,0,0,Convene,Personnel
531,244,7d46b8c4-ff9d-c479-a816-0a9a992e63f9,16,5,20260112,694,4,1,11,0,0,Guidehouse,Personnel
532,84,cc25526b-04dc-297d-5067-9e9dc03bb11a,3,2,20260105,899,19,1,14,0,0,FASHIONPHILE,Personnel
533,92,03eadd55-3ced-2f7e-5dd1-f62d068a2039,4,2,20260112,712,8,1,11,0,0,Convene,Personnel
534,289,01505081-ecee-56f3-fa61-e12120ca2911,25,3,20251230,1014,5,1,16,0,1,Persistent Systems LLC,Personnel
535,139,6a463b15-8a30-fb2e-3638-d3577130c933,6,1,20251222,501,5,1,8,0,0,Jack Studios Inc,Personnel
536,181,ac4dc73d-cbad-8afc-bba6-e296288a1b0f,8,3,20251111,592,1,1,9,0,1,Amazon,Personnel
537,300,edc35029-9868-9602-4551-462984ffb4a0,30,3,20251215,632,19,1,10,0,0,MHANY,Personnel
538,167,e6329b9f-76e1-5a1a-6284-e47ff6e3519e,8,3,20251226,473,9,2,7,0,1,Amazon,Visitor
539,222,22ee28a3-fcbf-eeaf-5ca2-d3f07c062749,13,2,20251117,750,18,1,12,0,0,Roku,Personnel
540,108,1573d3a7-87e6-42d9-c0c2-1d35267ccc1f,4,2,20251103,847,3,1,14,1,1,Convene,Personnel
541,74,301ab779-eb79-7bfc-e991-321f5a2cfbad,3,2,20251118,884,19,1,14,1,1,FASHIONPHILE,Personnel
542,163,e32df4d1-7d9f-d2db-e826-f70d72e24d2c,7,3,20251229,703,14,1,11,0,0,Mizuho Americas Services,Personnel
543,82,2a2686a4-90f3-4ff1-6782-c122b97c196c,3,2,20251118,551,18,1,9,0,0,FASHIONPHILE,Personnel
544,145,3f12fd9e-d31c-8d77-1592-74fca76e381d,6,1,20251112,560,2,1,9,0,0,Jack Studios Inc,Personnel
545,49,9bcf2ab9-9349-5f34-8929-f09089a4f0b0,2,1,20251113,587,2,1,9,0,0,Ralph Lauren Corporation,Personnel
546,256,9f8e1526-0370-9824-30f3-7e5abc851655,18,1,20251126,891,5,1,14,1,1,RXR (75 Rock),Personnel
547,111,8e548622-ae7d-5012-54e4-ea9ec9805bda,4,2,20260113,717,5,1,11,0,0,Convene,Personnel
548,281,5906391c-98ac-9145-f1b8-eeb8dc7d87e1,22,5,20251124,588,15,1,9,0,0,JP Morgan Chase,Personnel
549,120,92c5f84d-48e8-98a9-1d3b-a4a31764e199,5,2,20251106,640,2,1,10,0,0,Convene 31,Personnel
550,56,9a612bba-141b-0166-f3a7-bee44ca62d5e,2,1,20251211,785,14,1,13,0,0,Ralph Lauren Corporation,Personnel
551,250,88dea244-089b-b75c-436e-55fe69ea8c46,17,4,20251208,825,12,1,13,0,0,StoneX Group Inc,Personnel
552,100,d144b854-d786-59dd-1185-2ef56635747b,4,2,20251114,498,12,1,8,0,0,Convene,Personnel
553,98,098e9e87-dc8e-cac5-61d0-7922263d5f20,4,2,20260211,520,6,1,8,0,0,Convene,Personnel
554,99,84a32dd2-48e7-8e1f-12f0-2797395da24c,4,2,20251104,806,1,1,13,0,0,Convene,Personnel
555,60,99d7efa5-6b53-ab32-795f-54bf7cef5409,2,1,20260116,507,15,1,8,0,0,Ralph Lauren Corporation,Personnel
556,90,0237f393-aae5-d173-a32c-020eeb16207d,3,2,20251113,449,10,1,7,0,0,FASHIONPHILE,Personnel
557,228,1a2abf01-34ee-fdd9-5fab-ed59f55edec7,13,2,20251210,893,9,1,14,0,0,Roku,Personnel
558,121,a7b63698-60f9-5e52-e5af-046ebedfbc98,5,2,20251217,572,14,1,9,0,0,Convene 31,Personnel
559,238,0b9d0fab-31b8-5dc6-16d3-c9006f21c20c,15,5,20260107,740,13,2,12,0,0,Canada,Visitor
560,101,fde7ddd2-b63c-db47-391f-f55398bfe71b,4,2,20251217,566,20,1,9,0,0,Convene,Personnel
561,213,808fb319-d439-5940-5e72-845190d0d1a9,12,3,20260211,498,19,1,8,0,0,Palantir & Current,Personnel
562,41,5c320523-b390-cd82-d946-b12ed9b83174,1,1,20251119,739,9,1,12,0,0,The New York & Presbyterian,Personnel
563,104,41ed446f-8949-ce63-27de-5fa29551077d,4,2,20251125,670,9,2,11,0,0,Convene,Visitor
564,163,e32df4d1-7d9f-d2db-e826-f70d72e24d2c,7,3,20251231,641,11,1,10,0,1,Mizuho Americas Services,Personnel
565,252,9233d4c3-f3c0-1d56-f8b9-820ebc1f2d46,17,4,20251105,567,6,1,9,0,1,StoneX Group Inc,Personnel
566,292,8e96a1f0-ce5a-0b2f-1a36-99a2372b98c6,26,4,20260203,522,13,1,8,1,1,The Bliss Group,Personnel
567,116,f1b75f8e-414e-c4b5-00c8-d52ece9d8565,5,2,20251120,1073,5,1,17,0,0,Convene 31,Personnel
568,140,2383493d-e42f-25fb-ba12-41e93ea56985,6,1,20251202,570,19,1,9,0,0,Jack Studios Inc,Personnel
569,185,6df446b4-8d31-8187-f010-5c19b41c8cc9,9,1,20251229,497,15,1,8,0,0,Warburg Pincus,Personnel
570,208,978c5f6d-4a07-852f-ec1d-5e908538def6,11,4,20251231,773,4,1,12,0,0,RGN-New York XXXII LLC,Personnel
571,229,97a05e30-149a-42c8-bfff-6430a1061ef4,14,1,20251120,766,2,1,12,0,0,32 BJ Union,Personnel
572,180,4cd6b1a1-d78e-20cf-d347-f0dc907db867,8,3,20251111,1050,5,1,17,0,0,Amazon,Personnel
573,224,8e0d1fda-f3e3-cf88-416a-d5c8cb0f750c,13,2,20260112,690,4,1,11,0,0,Roku,Personnel
574,154,917e28a7-e138-938b-248b-8c1570825695,7,3,20251125,669,2,1,11,0,0,Mizuho Americas Services,Personnel
575,229,97a05e30-149a-42c8-bfff-6430a1061ef4,14,1,20251210,774,18,1,12,0,0,32 BJ Union,Personnel
576,67,999cf579-8379-0fd7-4173-fa6279681752,2,1,20251231,587,19,1,9,1,1,Ralph Lauren Corporation,Personnel
577,275,e2d768ed-b72f-c306-f2c4-eca1f76040fe,21,4,20251105,884,14,1,14,0,0,STRAUB COLLABORATIVE,Personnel
578,112,59fe0e04-8bc5-8487-f8d8-cc36649d002a,5,2,20251111,757,14,1,12,0,0,Convene 31,Personnel
579,188,9a1aedfe-e476-9fba-a6a1-8f8f6594b1a2,9,1,20260128,1023,13,2,17,0,0,Warburg Pincus,Visitor
580,134,45900178-3626-7b9e-00bf-5aa273678844,6,1,20251211,582,8,1,9,0,0,Jack Studios Inc,Personnel
581,29,93198907-a64b-c59e-cf45-e8f472a432a2,1,1,20260115,435,6,1,7,0,0,The New York & Presbyterian,Personnel
582,7,1d2a6e46-8de1-6bb4-5927-fe7483fc0f15,1,1,20251230,502,20,2,8,0,0,The New York & Presbyterian,Visitor
583,138,8f0d0049-0a58-d530-3f5b-8da2eae40ca1,6,1,20260108,524,12,1,8,0,0,Jack Studios Inc,Personnel
584,145,3f12fd9e-d31c-8d77-1592-74fca76e381d,6,1,20251208,629,11,1,10,0,0,Jack Studios Inc,Personnel
585,204,03a19036-8e1d-d5eb-126f-9ddd281332bd,10,4,20260113,887,8,1,14,0,0,Linhart Dentistry,Personnel
586,214,1d0e7475-63e6-11a9-1c8f-09f4c7dad914,12,3,20260121,667,20,1,11,0,0,Palantir & Current,Personnel
587,294,fd18849c-e2ba-23c6-4b3b-bc7efc31c684,27,5,20260116,773,9,1,12,1,1,Equus Workforce,Personnel
588,33,60b23c89-4e26-4556-62b4-fa6c336f3b03,1,1,20251117,764,12,1,12,0,0,The New York & Presbyterian,Personnel
589,132,377fca19-dc32-3c06-c830-33483372d5d8,6,1,20251113,622,2,2,10,0,0,Jack Studios Inc,Visitor
590,2,ce5ba133-1ae0-ef24-7369-f3921b5a442f,1,1,20251120,512,5,1,8,0,0,The New York & Presbyterian,Personnel
591,200,a47bdce5-1135-62a0-f7b4-eb586da5f0ae,10,4,20260202,541,9,1,9,0,0,Linhart Dentistry,Personnel
592,203,9ce2f2fe-36ca-6264-67a0-3d567fb7112d,10,4,20251117,873,18,1,14,0,0,Linhart Dentistry,Personnel
593,87,5c98abce-f087-ebcf-8e97-044df72d9ff9,3,2,20251230,804,18,1,13,0,0,FASHIONPHILE,Personnel
594,267,2ace2df6-eb35-0f29-8157-5366ab0eafb7,20,3,20251125,618,19,1,10,0,0,West Monroe,Personnel
595,97,35e27aef-5020-8f65-4227-5002498ec2ae,4,2,20251111,802,15,1,13,0,1,Convene,Personnel
596,151,f4437f79-b809-babf-867d-1cbfb38b65de,7,3,20251118,562,17,1,9,0,0,Mizuho Americas Services,Personnel
597,12,b3396a7c-95c4-accb-e049-1431903850c5,1,1,20251212,1163,2,1,19,0,0,The New York & Presbyterian,Personnel
598,248,7b7ec8a5-9ff2-75e0-6f53-0251394f0bbf,16,5,20251105,725,10,1,12,0,0,Guidehouse,Personnel
599,287,ea0ef881-5cbd-8807-49f1-d3101d4ed15e,24,2,20251211,510,6,1,8,0,0,Locality,Personnel
600,165,5b1b0279-4f83-823f-a667-5cbadc7b4dbf,7,3,20260128,672,17,1,11,0,0,Mizuho Americas Services,Personnel
601,61,58adfc00-194f-3207-37f2-3d1c5873df31,2,1,20260105,692,2,2,11,0,0,Ralph Lauren Corporation,Visitor
602,108,1573d3a7-87e6-42d9-c0c2-1d35267ccc1f,4,2,20251210,515,2,1,8,0,0,Convene,Personnel
603,277,08904c1c-fe2c-e0f5-1d46-d7d3f9f826ca,21,4,20251231,624,13,1,10,0,0,STRAUB COLLABORATIVE,Personnel
604,185,6df446b4-8d31-8187-f010-5c19b41c8cc9,9,1,20251210,938,7,1,15,0,0,Warburg Pincus,Personnel
605,251,cbc36bef-5a5f-9e73-0222-2ec1b285b0f7,17,4,20251112,976,11,1,16,0,0,StoneX Group Inc,Personnel
606,96,89504b4e-ae35-7bfd-750e-2aa682407952,4,2,20251208,760,15,1,12,0,0,Convene,Personnel
607,151,f4437f79-b809-babf-867d-1cbfb38b65de,7,3,20251202,577,17,1,9,0,0,Mizuho Americas Services,Personnel
608,2,ce5ba133-1ae0-ef24-7369-f3921b5a442f,1,1,20260102,581,12,2,9,0,0,The New York & Presbyterian,Visitor
609,13,aabf7434-d264-ad4f-1096-7561dd51e1d8,1,1,20260129,576,6,1,9,0,0,The New York & Presbyterian,Personnel
610,279,9d89f800-067c-b151-173b-19d5aab8fd58,22,5,20251117,930,7,1,15,0,0,JP Morgan Chase,Personnel
611,262,33bceaa6-7a1b-02c3-2dfa-cb17d36d9bc9,19,2,20260210,712,15,2,11,0,0,Elite Model World,Visitor
612,15,b2ada4a6-2d7c-24f6-21f3-67c7c4c4949f,1,1,20260129,647,7,2,10,0,0,The New York & Presbyterian,Visitor
613,6,7ca47c89-8972-22b9-acc5-726e7ea166fe,1,1,20251121,633,13,1,10,0,0,The New York & Presbyterian,Personnel
614,29,93198907-a64b-c59e-cf45-e8f472a432a2,1,1,20251215,785,7,1,13,0,0,The New York & Presbyterian,Personnel
615,40,04dc731f-2ef1-8704-e4de-276732484f66,1,1,20251210,575,13,1,9,0,0,The New York & Presbyterian,Personnel
616,182,d383042a-d4e9-89e0-e340-17d711d8ce32,9,1,20251106,1105,8,1,18,0,0,Warburg Pincus,Personnel
617,88,aee91261-a748-d316-eb27-3902442b1769,3,2,20260205,619,14,1,10,0,0,FASHIONPHILE,Personnel
618,293,337570f7-8581-9ce0-05e7-8bb66662dab8,27,5,20251208,825,17,1,13,1,1,Equus Workforce,Personnel
619,227,0d07eedf-aa28-8d27-15ab-2292b9377e9c,13,2,20251212,1066,13,1,17,0,0,Roku,Personnel
620,55,0800041e-8cb4-d76c-0ec1-399950cca67c,2,1,20260202,1192,1,2,19,0,0,Ralph Lauren Corporation,Visitor
621,283,d78d002f-d488-cc39-5712-dacc8d653be0,23,5,20251201,467,4,1,7,0,0,Cahill Gordon,Personnel
622,106,d16a67bf-092e-4624-a8ac-ea9ee22e6395,4,2,20260102,680,2,1,11,0,0,Convene,Personnel
623,292,8e96a1f0-ce5a-0b2f-1a36-99a2372b98c6,26,4,20260106,483,16,2,8,0,0,The Bliss Group,Visitor
624,210,8fb0f398-69f6-fccc-02fb-7ebd286fc307,11,4,20260206,671,8,2,11,0,0,RGN-New York XXXII LLC,Visitor
625,224,8e0d1fda-f3e3-cf88-416a-d5c8cb0f750c,13,2,20251219,1014,15,1,16,0,0,Roku,Personnel
626,52,ebe8428b-bcde-302a-b099-3790d38c4af3,2,1,20251110,557,7,1,9,1,1,Ralph Lauren Corporation,Personnel
627,199,91af50fc-e08a-fe5b-a49f-70c0057b19d8,10,4,20260108,533,18,1,8,0,0,Linhart Dentistry,Personnel
628,74,301ab779-eb79-7bfc-e991-321f5a2cfbad,3,2,20260122,595,2,2,9,0,0,FASHIONPHILE,Visitor
629,106,d16a67bf-092e-4624-a8ac-ea9ee22e6395,4,2,20260204,1196,10,1,19,0,0,Convene,Personnel
630,72,cfbbe025-08e3-d4c2-bd14-8ec3e9f21f5f,3,2,20251105,891,12,2,14,0,0,FASHIONPHILE,Visitor
631,230,0cb306f5-6af0-a4a4-ce4e-7234015e9032,14,1,20251112,697,7,1,11,0,0,32 BJ Union,Personnel
632,103,35b30d2f-1b6c-cfc5-0e89-270841512c15,4,2,20251112,1032,15,1,17,0,1,Convene,Personnel
633,233,dd6e2a2b-5d5c-71f6-6d2d-be243ed2401d,14,1,20260203,979,9,1,16,0,0,32 BJ Union,Personnel
634,165,5b1b0279-4f83-823f-a667-5cbadc7b4dbf,7,3,20260212,617,15,1,10,0,0,Mizuho Americas Services,Personnel
635,65,cc602dda-eea9-e82b-49e4-3a3583652287,2,1,20260116,553,14,1,9,0,0,Ralph Lauren Corporation,Personnel
636,173,7156224d-6ba0-834b-470e-0e48b3e13072,8,3,20251205,772,12,1,12,0,0,Amazon,Personnel
637,10,0277cfb8-1a69-f658-b217-40ab8c44af4a,1,1,20260108,659,16,1,10,0,0,The New York & Presbyterian,Personnel
638,225,063184eb-9f84-9834-0dfd-435c403cb9b5,13,2,20260203,782,17,1,13,0,0,Roku,Personnel
639,119,e6037a42-644e-0795-4680-a004d2c20519,5,2,20251217,569,12,1,9,0,0,Convene 31,Personnel
640,275,e2d768ed-b72f-c306-f2c4-eca1f76040fe,21,4,20251223,840,6,1,14,0,0,STRAUB COLLABORATIVE,Personnel
641,86,d4dac8df-d0a9-d3dc-b8cc-a497880cb866,3,2,20260211,613,10,1,10,0,0,FASHIONPHILE,Personnel
642,77,c9e6de25-6c6d-aa21-b5f1-e1b19cee9ef6,3,2,20251205,533,3,1,8,1,1,FASHIONPHILE,Personnel
643,267,2ace2df6-eb35-0f29-8157-5366ab0eafb7,20,3,20260114,647,1,1,10,0,0,West Monroe,Personnel
644,252,9233d4c3-f3c0-1d56-f8b9-820ebc1f2d46,17,4,20251125,491,11,1,8,0,0,StoneX Group Inc,Personnel
645,170,b9049117-bef6-b91f-fd9f-2b2a444e86d1,8,3,20251112,938,4,1,15,0,0,Amazon,Personnel
646,48,44448012-1132-7e36-978e-8e3a6ab9c301,2,1,20251103,599,10,1,9,0,0,Ralph Lauren Corporation,Personnel
647,222,22ee28a3-fcbf-eeaf-5ca2-d3f07c062749,13,2,20251107,1099,9,1,18,0,0,Roku,Personnel
648,27,986d139d-d9ee-64f2-a9c3-4ede20186288,1,1,20260116,923,8,1,15,0,0,The New York & Presbyterian,Personnel
649,121,a7b63698-60f9-5e52-e5af-046ebedfbc98,5,2,20251215,514,6,1,8,0,0,Convene 31,Personnel
650,246,90ed8305-1457-8457-1b71-fc951c8fab19,16,5,20260212,553,10,1,9,0,0,Guidehouse,Personnel
651,87,5c98abce-f087-ebcf-8e97-044df72d9ff9,3,2,20251217,610,13,1,10,0,0,FASHIONPHILE,Personnel
652,290,d0d05c5a-d126-2a11-8f39-c42e82fe97cd,25,3,20251112,702,6,1,11,0,0,Persistent Systems LLC,Personnel
653,214,1d0e7475-63e6-11a9-1c8f-09f4c7dad914,12,3,20251204,629,17,2,10,0,0,Palantir & Current,Visitor
654,32,1aeab4a0-da16-2190-a658-562d7c11544d,1,1,20260130,680,13,1,11,0,0,The New York & Presbyterian,Personnel
655,265,ec09cf85-b854-2abc-779a-1605be0c0c22,19,2,20251218,715,2,1,11,0,0,Elite Model World,Personnel
656,103,35b30d2f-1b6c-cfc5-0e89-270841512c15,4,2,20260206,727,13,1,12,0,0,Convene,Personnel
657,208,978c5f6d-4a07-852f-ec1d-5e908538def6,11,4,20251121,611,18,2,10,0,0,RGN-New York XXXII LLC,Visitor
658,297,6c78b4a3-6840-6be7-471b-67eb877b54ca,29,2,20251211,616,11,1,10,0,0,OXO International Inc,Personnel
659,202,9f502a29-f707-81f3-3376-d335be6c6225,10,4,20251117,648,10,1,10,0,1,Linhart Dentistry,Personnel
660,228,1a2abf01-34ee-fdd9-5fab-ed59f55edec7,13,2,20251125,564,13,1,9,0,0,Roku,Personnel
661,184,087a01f1-f785-3f7d-711f-907290f15664,9,1,20251223,921,4,1,15,0,0,Warburg Pincus,Personnel
662,140,2383493d-e42f-25fb-ba12-41e93ea56985,6,1,20251210,626,18,1,10,0,0,Jack Studios Inc,Personnel
663,173,7156224d-6ba0-834b-470e-0e48b3e13072,8,3,20251211,983,5,1,16,0,0,Amazon,Personnel
664,237,d6c4cde6-4b32-3805-b330-42c08d876ff8,15,5,20260210,863,9,1,14,0,0,Canada,Personnel
665,87,5c98abce-f087-ebcf-8e97-044df72d9ff9,3,2,20251224,689,20,1,11,0,0,FASHIONPHILE,Personnel
666,53,f98cd177-0707-41d3-cf3d-1bd1397b7b0e,2,1,20251217,828,19,1,13,0,0,Ralph Lauren Corporation,Personnel
667,170,b9049117-bef6-b91f-fd9f-2b2a444e86d1,8,3,20260120,704,7,1,11,0,0,Amazon,Personnel
668,193,855f28c6-1a3d-3f6a-b16a-357f814296fe,9,1,20251208,872,17,1,14,0,0,Warburg Pincus,Personnel
669,24,052d3456-bf63-939b-e6bb-264b60d69376,1,1,20251202,798,6,1,13,0,0,The New York & Presbyterian,Personnel
670,264,3ad3e6dc-3c16-70e7-c47c-d2bba5b7aa2d,19,2,20251222,580,7,1,9,1,1,Elite Model World,Personnel
671,41,5c320523-b390-cd82-d946-b12ed9b83174,1,1,20260120,599,9,1,9,0,0,The New York & Presbyterian,Personnel
672,170,b9049117-bef6-b91f-fd9f-2b2a444e86d1,8,3,20260209,463,3,1,7,0,0,Amazon,Personnel
673,17,d10ba14a-4540-8890-ec84-75ca06c8cf7f,1,1,20260108,700,9,1,11,0,0,The New York & Presbyterian,Personnel
674,82,2a2686a4-90f3-4ff1-6782-c122b97c196c,3,2,20260212,951,13,2,15,0,0,FASHIONPHILE,Visitor
675,159,01f4d736-6455-b812-d720-62f7b6eedc41,7,3,20251105,766,18,1,12,0,1,Mizuho Americas Services,Personnel
676,123,10e3b296-1542-653f-832b-fcb99f0f2dbb,5,2,20251211,850,10,1,14,0,0,Convene 31,Personnel
677,69,9b0b5824-3206-0961-db19-b5a6bf2ff3bf,2,1,20251125,845,13,1,14,0,0,Ralph Lauren Corporation,Personnel
678,299,9c022499-7058-67a2-ed51-26f453880772,30,3,20260205,508,18,2,8,0,0,MHANY,Visitor
679,187,90abddba-83e8-6f11-1e7e-cfb56a625411,9,1,20251229,1144,5,1,19,0,0,Warburg Pincus,Personnel
680,179,b194b98b-d086-3169-7240-344dba440fea,8,3,20251230,594,13,1,9,0,0,Amazon,Personnel
681,55,0800041e-8cb4-d76c-0ec1-399950cca67c,2,1,20260129,485,17,1,8,1,1,Ralph Lauren Corporation,Personnel
682,234,91efdb7f-828d-bfab-30e1-95c5293e2e9d,14,1,20251125,911,1,1,15,0,0,32 BJ Union,Personnel
683,95,42dfc728-7fda-d46f-e62f-a902faf6bf8a,4,2,20251202,577,9,1,9,0,0,Convene,Personnel
684,13,aabf7434-d264-ad4f-1096-7561dd51e1d8,1,1,20251203,566,16,2,9,0,0,The New York & Presbyterian,Visitor
685,125,cf4f3f3d-0434-f205-4e89-517868addc3c,5,2,20251110,772,18,1,12,0,0,Convene 31,Personnel
686,254,4de1e144-160d-c296-0169-7132a0e97998,17,4,20251112,566,6,2,9,0,0,StoneX Group Inc,Visitor
687,163,e32df4d1-7d9f-d2db-e826-f70d72e24d2c,7,3,20251124,621,5,1,10,1,1,Mizuho Americas Services,Personnel
688,17,d10ba14a-4540-8890-ec84-75ca06c8cf7f,1,1,20260121,816,4,1,13,0,0,The New York & Presbyterian,Personnel
689,31,a719622b-ab2e-9e5c-258f-431ee3cde163,1,1,20251106,778,17,2,12,0,0,The New York & Presbyterian,Visitor
690,10,0277cfb8-1a69-f658-b217-40ab8c44af4a,1,1,20260129,620,8,1,10,0,1,The New York & Presbyterian,Personnel
691,18,795939c2-112a-cedb-ff3e-d96d1e3a8376,1,1,20260126,691,7,2,11,0,0,The New York & Presbyterian,Visitor
692,168,5c4d32cf-bd72-0552-f52e-7ded072a6024,8,3,20260112,632,16,1,10,0,0,Amazon,Personnel
693,38,f361245f-e671-ec9c-9d65-5fb5b1c5589a,1,1,20260203,861,7,1,14,0,0,The New York & Presbyterian,Personnel
694,261,91a0e8b1-4f94-74a2-3569-abf1db9a9784,19,2,20251222,918,5,2,15,0,0,Elite Model World,Visitor
695,270,73bb9f6d-c3c0-6f1e-4665-ee85cb5dbfed,20,3,20260210,502,20,1,8,0,0,West Monroe,Personnel
696,265,ec09cf85-b854-2abc-779a-1605be0c0c22,19,2,20251126,586,4,1,9,0,0,Elite Model World,Personnel
697,166,659d225e-18f6-f111-07b0-49fa215b966f,8,3,20260121,744,10,2,12,0,0,Amazon,Visitor
698,57,08c9058c-e891-3cac-4f9e-74d35273bef6,2,1,20260112,692,9,2,11,0,0,Ralph Lauren Corporation,Visitor
699,2,ce5ba133-1ae0-ef24-7369-f3921b5a442f,1,1,20251201,672,9,1,11,0,0,The New York & Presbyterian,Personnel
700,217,a7d16a68-2ebb-fbb8-08df-7af4ea088bd8,12,3,20260126,631,8,1,10,0,1,Palantir & Current,Personnel
701,41,5c320523-b390-cd82-d946-b12ed9b83174,1,1,20251120,878,2,1,14,0,0,The New York & Presbyterian,Personnel
702,150,644c2222-975f-5cfb-1f85-163d2a8bfa75,7,3,20260105,637,8,1,10,0,0,Mizuho Americas Services,Personnel
703,67,999cf579-8379-0fd7-4173-fa6279681752,2,1,20260203,596,18,1,9,1,1,Ralph Lauren Corporation,Personnel
704,261,91a0e8b1-4f94-74a2-3569-abf1db9a9784,19,2,20251125,567,4,1,9,1,1,Elite Model World,Personnel
705,8,9152ed5d-2b72-552b-4f3c-19909e510790,1,1,20251118,693,15,1,11,0,0,The New York & Presbyterian,Personnel
706,238,0b9d0fab-31b8-5dc6-16d3-c9006f21c20c,15,5,20260126,635,16,2,10,0,0,Canada,Visitor
707,52,ebe8428b-bcde-302a-b099-3790d38c4af3,2,1,20260206,863,6,1,14,0,0,Ralph Lauren Corporation,Personnel
708,26,44413f8f-6262-02ec-e01e-0217c87acef5,1,1,20260120,577,7,1,9,0,1,The New York & Presbyterian,Personnel
709,167,e6329b9f-76e1-5a1a-6284-e47ff6e3519e,8,3,20251114,640,7,1,10,0,0,Amazon,Personnel
710,50,09967a11-1554-eaf4-ed96-4605c181cbdf,2,1,20251113,626,18,1,10,1,1,Ralph Lauren Corporation,Personnel
711,19,4d5f09e3-1c7d-aa87-f59d-42bb347b7eee,1,1,20251111,573,6,1,9,0,0,The New York & Presbyterian,Personnel
712,65,cc602dda-eea9-e82b-49e4-3a3583652287,2,1,20251209,690,12,1,11,0,0,Ralph Lauren Corporation,Personnel
713,252,9233d4c3-f3c0-1d56-f8b9-820ebc1f2d46,17,4,20251126,774,16,2,12,0,0,StoneX Group Inc,Visitor
714,47,e5bb0261-31de-5a9b-042f-3bb56524da0f,1,1,20251114,643,1,1,10,0,0,The New York & Presbyterian,Personnel
715,72,cfbbe025-08e3-d4c2-bd14-8ec3e9f21f5f,3,2,20251224,659,8,1,10,0,0,FASHIONPHILE,Personnel
716,2,ce5ba133-1ae0-ef24-7369-f3921b5a442f,1,1,20251219,654,16,1,10,0,1,The New York & Presbyterian,Personnel
717,17,d10ba14a-4540-8890-ec84-75ca06c8cf7f,1,1,20260115,646,19,1,10,0,1,The New York & Presbyterian,Personnel
718,137,3c9618b5-2a2c-d9fa-cc60-f2975e5b27e7,6,1,20260121,469,13,1,7,0,0,Jack Studios Inc,Personnel
719,8,9152ed5d-2b72-552b-4f3c-19909e510790,1,1,20260115,700,1,2,11,0,0,The New York & Presbyterian,Visitor
720,190,364e1246-38e5-a9ad-d16e-7b3269d8801f,9,1,20251112,492,10,1,8,0,0,Warburg Pincus,Personnel
721,51,f228fd16-3afd-dab9-0bfc-fb69a5a2f572,2,1,20260211,875,9,1,14,1,1,Ralph Lauren Corporation,Personnel
722,218,72155ecc-855c-c933-e439-202dd8bef13c,12,3,20251119,609,10,1,10,0,0,Palantir & Current,Personnel
723,40,04dc731f-2ef1-8704-e4de-276732484f66,1,1,20251231,868,6,1,14,0,0,The New York & Presbyterian,Personnel
724,177,4126361d-64f5-b5ab-3688-87d343197bdf,8,3,20251113,708,12,1,11,0,1,Amazon,Personnel
725,155,c15dc3c6-879b-4d76-efcb-fcb55d1e6214,7,3,20260130,550,19,1,9,0,0,Mizuho Americas Services,Personnel
726,169,d5b55ec3-6648-5994-6790-bc6ddef9ddff,8,3,20260114,844,15,1,14,0,0,Amazon,Personnel
727,174,1e5ddef2-7603-2fc1-ac6b-d384d6c48fb7,8,3,20251211,763,6,1,12,1,1,Amazon,Personnel
728,226,97bf0c03-ec79-b168-9c70-3bc506983b03,13,2,20251124,576,6,1,9,0,0,Roku,Personnel
729,216,3a5245a9-a481-40bc-32ef-30a0d7462100,12,3,20251211,564,11,2,9,0,0,Palantir & Current,Visitor
730,167,e6329b9f-76e1-5a1a-6284-e47ff6e3519e,8,3,20260113,560,11,1,9,0,0,Amazon,Personnel
731,44,2d4ef446-b0b1-9641-a3dd-96599f454fbf,1,1,20260127,830,13,1,13,0,0,The New York & Presbyterian,Personnel
732,76,88b66755-bc11-ed9b-d405-94058c0648dd,3,2,20251216,851,13,1,14,1,1,FASHIONPHILE,Personnel
733,295,a120e9ae-cd3d-2774-8b69-8b9cc078085f,28,1,20251215,685,12,1,11,0,1,BasePoint Capital,Personnel
734,67,999cf579-8379-0fd7-4173-fa6279681752,2,1,20251218,689,18,1,11,1,1,Ralph Lauren Corporation,Personnel
735,277,08904c1c-fe2c-e0f5-1d46-d7d3f9f826ca,21,4,20251119,545,11,1,9,0,0,STRAUB COLLABORATIVE,Personnel
736,236,75ad8198-7bc2-c2ba-117c-f51d99587e8f,15,5,20251106,595,12,1,9,0,0,Canada,Personnel
737,69,9b0b5824-3206-0961-db19-b5a6bf2ff3bf,2,1,20260206,500,18,1,8,1,1,Ralph Lauren Corporation,Personnel
738,175,fa3dd4f4-daed-1319-75e9-0d9772ac3c35,8,3,20260121,600,14,2,10,0,0,Amazon,Visitor
739,90,0237f393-aae5-d173-a32c-020eeb16207d,3,2,20260108,865,12,1,14,1,1,FASHIONPHILE,Personnel
740,3,bc0a8b13-9278-8b74-40b5-c505a31bc64a,1,1,20251113,521,11,1,8,0,0,The New York & Presbyterian,Personnel
741,9,aa635e25-eb44-0f77-7265-6f69a1ea0dec,1,1,20251203,545,3,1,9,0,0,The New York & Presbyterian,Personnel
742,289,01505081-ecee-56f3-fa61-e12120ca2911,25,3,20260203,716,4,1,11,1,1,Persistent Systems LLC,Personnel
743,211,7c81f492-0cca-fc8f-9f02-e80fe36f76a2,11,4,20260206,872,8,1,14,0,0,RGN-New York XXXII LLC,Personnel
744,43,919204f7-7dee-8acb-e7b3-3ef5d96ba78a,1,1,20251126,725,17,1,12,1,1,The New York & Presbyterian,Personnel
745,60,99d7efa5-6b53-ab32-795f-54bf7cef5409,2,1,20251106,374,9,1,6,0,0,Ralph Lauren Corporation,Personnel
746,209,590e0260-8fc2-da42-0091-28adacf8f045,11,4,20260115,618,10,1,10,0,0,RGN-New York XXXII LLC,Personnel
747,202,9f502a29-f707-81f3-3376-d335be6c6225,10,4,20251125,714,1,1,11,0,0,Linhart Dentistry,Personnel
748,231,8a01651e-3227-a1ff-b6ce-8605a146c5b6,14,1,20251114,958,3,1,15,0,0,32 BJ Union,Personnel
749,65,cc602dda-eea9-e82b-49e4-3a3583652287,2,1,20260204,710,1,1,11,1,1,Ralph Lauren Corporation,Personnel
750,205,d623c737-d3ef-e076-3595-0a824e9a48e3,11,4,20251222,624,10,1,10,0,0,RGN-New York XXXII LLC,Personnel
751,124,c751cc4a-36fc-f9ae-a6d8-ab1f25da3e8d,5,2,20260105,727,3,2,12,0,0,Convene 31,Visitor
752,189,9542698a-0ae9-fb94-816f-b5e4e9b773d6,9,1,20260122,587,5,1,9,0,0,Warburg Pincus,Personnel
753,278,7f1f3fd9-b63c-71e8-2fe8-ffbadff9d442,22,5,20251208,696,3,1,11,0,0,JP Morgan Chase,Personnel
754,112,59fe0e04-8bc5-8487-f8d8-cc36649d002a,5,2,20260129,556,2,1,9,0,0,Convene 31,Personnel
755,194,8fb5a23e-c950-ce69-f06a-d956a373c054,9,1,20251204,625,4,1,10,0,0,Warburg Pincus,Personnel
756,136,ab73affd-8024-03e9-753c-aa05046497be,6,1,20251216,514,2,1,8,0,0,Jack Studios Inc,Personnel
757,175,fa3dd4f4-daed-1319-75e9-0d9772ac3c35,8,3,20260129,592,16,1,9,0,0,Amazon,Personnel
758,100,d144b854-d786-59dd-1185-2ef56635747b,4,2,20260212,707,17,1,11,0,0,Convene,Personnel
759,157,205f2f81-1c15-659b-9c72-31ac33184cb7,7,3,20251230,557,2,1,9,0,0,Mizuho Americas Services,Personnel
760,217,a7d16a68-2ebb-fbb8-08df-7af4ea088bd8,12,3,20251201,881,3,1,14,0,0,Palantir & Current,Personnel
761,108,1573d3a7-87e6-42d9-c0c2-1d35267ccc1f,4,2,20260130,522,20,1,8,0,0,Convene,Personnel
762,161,42616865-95ea-2b04-a5ea-3da7787d6cea,7,3,20251226,407,10,1,6,0,0,Mizuho Americas Services,Personnel
763,251,cbc36bef-5a5f-9e73-0222-2ec1b285b0f7,17,4,20251222,606,19,1,10,0,0,StoneX Group Inc,Personnel
764,31,a719622b-ab2e-9e5c-258f-431ee3cde163,1,1,20251212,601,8,1,10,0,0,The New York & Presbyterian,Personnel
765,296,28fe66be-b334-41e0-2ebe-6cb3174df322,28,1,20251210,552,17,1,9,0,0,BasePoint Capital,Personnel
766,278,7f1f3fd9-b63c-71e8-2fe8-ffbadff9d442,22,5,20251211,577,4,1,9,0,0,JP Morgan Chase,Personnel
767,93,521488bc-f348-10d4-47b4-0548ba769264,4,2,20251126,589,2,1,9,1,1,Convene,Personnel
768,179,b194b98b-d086-3169-7240-344dba440fea,8,3,20251105,580,2,2,9,0,0,Amazon,Visitor
769,232,d3fdbe3e-4b6b-abd1-ccce-024807d4d95b,14,1,20251107,516,19,1,8,0,0,32 BJ Union,Personnel
770,260,55b685d7-cb6a-2792-18a6-efbc096bb8b5,18,1,20251209,823,13,1,13,0,0,RXR (75 Rock),Personnel
771,92,03eadd55-3ced-2f7e-5dd1-f62d068a2039,4,2,20260204,544,9,1,9,0,0,Convene,Personnel
772,67,999cf579-8379-0fd7-4173-fa6279681752,2,1,20260120,483,3,1,8,1,1,Ralph Lauren Corporation,Personnel
773,198,37fec987-e539-7968-dc35-a1d5b60213be,10,4,20260212,571,20,1,9,0,1,Linhart Dentistry,Personnel
774,134,45900178-3626-7b9e-00bf-5aa273678844,6,1,20251118,525,10,1,8,0,0,Jack Studios Inc,Personnel
775,12,b3396a7c-95c4-accb-e049-1431903850c5,1,1,20251121,543,20,1,9,0,0,The New York & Presbyterian,Personnel
776,78,c1f4fada-315b-5e69-40a6-c927127e4bc6,3,2,20260113,593,6,1,9,0,0,FASHIONPHILE,Personnel
777,153,ddeb3ac4-389b-27ba-5455-8f414064225e,7,3,20251201,601,7,1,10,0,1,Mizuho Americas Services,Personnel
778,134,45900178-3626-7b9e-00bf-5aa273678844,6,1,20251124,731,3,1,12,0,0,Jack Studios Inc,Personnel
779,124,c751cc4a-36fc-f9ae-a6d8-ab1f25da3e8d,5,2,20260102,738,5,1,12,0,0,Convene 31,Personnel
780,271,a2511fec-1f3a-7111-e606-33a9a975560b,20,3,20260205,491,19,1,8,0,0,West Monroe,Personnel
781,202,9f502a29-f707-81f3-3376-d335be6c6225,10,4,20260112,578,17,1,9,0,1,Linhart Dentistry,Personnel
782,237,d6c4cde6-4b32-3805-b330-42c08d876ff8,15,5,20251209,606,16,1,10,1,1,Canada,Personnel
783,105,d54bd26b-0304-a2c3-b643-e2c5e7f1ae72,4,2,20251103,893,18,1,14,0,0,Convene,Personnel
784,182,d383042a-d4e9-89e0-e340-17d711d8ce32,9,1,20260107,483,6,1,8,0,0,Warburg Pincus,Personnel
785,249,db81b5e0-ed39-264c-eec1-fbd4b229af8b,17,4,20260126,800,16,2,13,0,0,StoneX Group Inc,Visitor
786,106,d16a67bf-092e-4624-a8ac-ea9ee22e6395,4,2,20260203,656,15,1,10,0,0,Convene,Personnel
787,168,5c4d32cf-bd72-0552-f52e-7ded072a6024,8,3,20260126,914,7,1,15,0,0,Amazon,Personnel
788,181,ac4dc73d-cbad-8afc-bba6-e296288a1b0f,8,3,20251223,507,14,2,8,0,0,Amazon,Visitor
789,145,3f12fd9e-d31c-8d77-1592-74fca76e381d,6,1,20251120,807,16,1,13,1,1,Jack Studios Inc,Personnel
790,182,d383042a-d4e9-89e0-e340-17d711d8ce32,9,1,20260203,858,6,1,14,0,0,Warburg Pincus,Personnel
791,25,0010b8ac-a7cb-c470-8833-500bc78a071c,1,1,20251110,655,11,2,10,0,0,The New York & Presbyterian,Visitor
792,209,590e0260-8fc2-da42-0091-28adacf8f045,11,4,20260115,655,8,1,10,0,0,RGN-New York XXXII LLC,Personnel
793,31,a719622b-ab2e-9e5c-258f-431ee3cde163,1,1,20251203,665,14,1,11,1,1,The New York & Presbyterian,Personnel
794,82,2a2686a4-90f3-4ff1-6782-c122b97c196c,3,2,20251202,544,5,2,9,0,0,FASHIONPHILE,Visitor
795,7,1d2a6e46-8de1-6bb4-5927-fe7483fc0f15,1,1,20251103,654,16,1,10,0,0,The New York & Presbyterian,Personnel
796,160,8507ef0c-8c24-35fa-7e14-d52fc740aee7,7,3,20251112,550,15,1,9,0,0,Mizuho Americas Services,Personnel
797,111,8e548622-ae7d-5012-54e4-ea9ec9805bda,4,2,20260128,431,13,1,7,0,0,Convene,Personnel
798,26,44413f8f-6262-02ec-e01e-0217c87acef5,1,1,20260106,623,11,1,10,0,0,The New York & Presbyterian,Personnel
799,100,d144b854-d786-59dd-1185-2ef56635747b,4,2,20251113,601,13,2,10,0,0,Convene,Visitor
800,117,534560d2-c372-09a0-5f49-5f2ce09ac5c6,5,2,20251216,681,11,1,11,0,0,Convene 31,Personnel
801,238,0b9d0fab-31b8-5dc6-16d3-c9006f21c20c,15,5,20251113,700,12,1,11,0,0,Canada,Personnel
802,75,12fa863d-6565-5988-6d20-9567ff7957c9,3,2,20260108,738,13,1,12,1,1,FASHIONPHILE,Personnel
803,80,7177c969-6142-596d-d4e9-d67633d1e383,3,2,20251202,839,19,2,13,0,0,FASHIONPHILE,Visitor
804,158,38028e2e-fa7f-638f-0fce-56f79a5df419,7,3,20260108,653,19,2,10,0,0,Mizuho Americas Services,Visitor
805,13,aabf7434-d264-ad4f-1096-7561dd51e1d8,1,1,20260128,637,17,1,10,0,0,The New York & Presbyterian,Personnel
806,119,e6037a42-644e-0795-4680-a004d2c20519,5,2,20260116,577,10,2,9,0,0,Convene 31,Visitor
807,247,5bf977b9-12f1-0097-96ed-7909951f0e03,16,5,20251215,656,8,2,10,0,0,Guidehouse,Visitor
808,300,edc35029-9868-9602-4551-462984ffb4a0,30,3,20260105,748,1,2,12,0,0,MHANY,Visitor
809,107,eb36e847-ced1-f9a9-6ca2-16ddecbaddac,4,2,20260209,648,15,1,10,0,0,Convene,Personnel
810,183,d756cb75-bbb7-954e-9e8f-8a7f69895246,9,1,20260210,551,6,1,9,0,0,Warburg Pincus,Personnel
811,135,37883505-252d-253e-a07c-d141a580dd07,6,1,20251212,878,8,1,14,0,0,Jack Studios Inc,Personnel
812,76,88b66755-bc11-ed9b-d405-94058c0648dd,3,2,20251128,834,15,1,13,0,0,FASHIONPHILE,Personnel
813,88,aee91261-a748-d316-eb27-3902442b1769,3,2,20260106,790,12,1,13,0,0,FASHIONPHILE,Personnel
814,222,22ee28a3-fcbf-eeaf-5ca2-d3f07c062749,13,2,20260202,654,6,1,10,0,0,Roku,Personnel
815,103,35b30d2f-1b6c-cfc5-0e89-270841512c15,4,2,20260210,980,4,2,16,0,0,Convene,Visitor
816,24,052d3456-bf63-939b-e6bb-264b60d69376,1,1,20260105,513,11,2,8,0,0,The New York & Presbyterian,Visitor
817,85,2e7ec643-23c3-3688-05b9-5d7c60f10718,3,2,20251231,757,4,2,12,0,0,FASHIONPHILE,Visitor
818,163,e32df4d1-7d9f-d2db-e826-f70d72e24d2c,7,3,20251215,572,11,1,9,0,0,Mizuho Americas Services,Personnel
819,33,60b23c89-4e26-4556-62b4-fa6c336f3b03,1,1,20251224,709,4,2,11,0,0,The New York & Presbyterian,Visitor
820,89,7b562a30-364b-954d-541c-ab9e5f8fcb75,3,2,20260121,822,20,1,13,0,0,FASHIONPHILE,Personnel
821,93,521488bc-f348-10d4-47b4-0548ba769264,4,2,20251111,705,16,1,11,0,0,Convene,Personnel
822,289,01505081-ecee-56f3-fa61-e12120ca2911,25,3,20251211,1006,3,1,16,0,0,Persistent Systems LLC,Personnel
823,94,c666fcc8-ce0e-93fe-a94b-6c0f8384ed78,4,2,20251218,529,6,2,8,0,0,Convene,Visitor
824,163,e32df4d1-7d9f-d2db-e826-f70d72e24d2c,7,3,20251125,1114,2,1,18,0,0,Mizuho Americas Services,Personnel
825,9,aa635e25-eb44-0f77-7265-6f69a1ea0dec,1,1,20251128,780,11,1,13,0,0,The New York & Presbyterian,Personnel
826,30,4e1af473-f76e-fffe-a917-9337b77b9367,1,1,20260126,547,1,1,9,0,0,The New York & Presbyterian,Personnel
827,149,b7dfb126-b616-4b1c-2bee-30df88784719,6,1,20260115,832,7,1,13,0,0,Jack Studios Inc,Personnel
828,167,e6329b9f-76e1-5a1a-6284-e47ff6e3519e,8,3,20260209,1024,12,1,17,0,0,Amazon,Personnel
829,142,f93b1dfb-ac57-f315-d196-e38cfaa33b43,6,1,20251126,766,20,1,12,1,1,Jack Studios Inc,Personnel
830,72,cfbbe025-08e3-d4c2-bd14-8ec3e9f21f5f,3,2,20260123,947,8,1,15,0,0,FASHIONPHILE,Personnel
831,117,534560d2-c372-09a0-5f49-5f2ce09ac5c6,5,2,20260106,578,15,1,9,0,0,Convene 31,Personnel
832,22,eeb8e8ac-8fc3-f64e-6863-3501605d92e7,1,1,20260114,573,19,1,9,0,0,The New York & Presbyterian,Personnel
833,270,73bb9f6d-c3c0-6f1e-4665-ee85cb5dbfed,20,3,20260127,713,5,1,11,0,0,West Monroe,Personnel
834,300,edc35029-9868-9602-4551-462984ffb4a0,30,3,20251128,800,12,1,13,0,0,MHANY,Personnel
835,247,5bf977b9-12f1-0097-96ed-7909951f0e03,16,5,20251223,782,6,2,13,0,0,Guidehouse,Visitor
836,126,d80a8c59-718d-8c54-c7c2-57413d97f336,5,2,20251205,715,4,1,11,0,0,Convene 31,Personnel
837,196,8bf33d70-3ae6-fe04-9f43-827a2b067afe,10,4,20251104,661,14,1,11,0,0,Linhart Dentistry,Personnel
838,39,f88439d0-9fc6-8301-3ade-cda1008fd51c,1,1,20251113,690,2,1,11,0,0,The New York & Presbyterian,Personnel
839,155,c15dc3c6-879b-4d76-efcb-fcb55d1e6214,7,3,20251105,604,9,2,10,0,0,Mizuho Americas Services,Visitor
840,14,e3fc40c8-6c2f-e54c-7607-a0d3d529e8da,1,1,20251205,650,12,1,10,0,0,The New York & Presbyterian,Personnel
841,161,42616865-95ea-2b04-a5ea-3da7787d6cea,7,3,20251229,540,18,2,9,0,0,Mizuho Americas Services,Visitor
842,283,d78d002f-d488-cc39-5712-dacc8d653be0,23,5,20251205,712,18,1,11,0,1,Cahill Gordon,Personnel
843,69,9b0b5824-3206-0961-db19-b5a6bf2ff3bf,2,1,20251118,747,5,2,12,0,0,Ralph Lauren Corporation,Visitor
844,98,098e9e87-dc8e-cac5-61d0-7922263d5f20,4,2,20260204,683,5,2,11,0,1,Convene,Visitor
845,278,7f1f3fd9-b63c-71e8-2fe8-ffbadff9d442,22,5,20260121,653,19,1,10,0,0,JP Morgan Chase,Personnel
846,88,aee91261-a748-d316-eb27-3902442b1769,3,2,20260130,712,14,1,11,0,0,FASHIONPHILE,Personnel
847,12,b3396a7c-95c4-accb-e049-1431903850c5,1,1,20260114,897,7,1,14,0,0,The New York & Presbyterian,Personnel
848,16,826521ff-cb97-62e4-f0c7-e38139560ea2,1,1,20251229,558,5,1,9,0,0,The New York & Presbyterian,Personnel
849,96,89504b4e-ae35-7bfd-750e-2aa682407952,4,2,20251208,802,13,1,13,0,0,Convene,Personnel
850,58,d112b16f-b0e9-f3be-51db-58d0756e8327,2,1,20251106,834,9,1,13,0,0,Ralph Lauren Corporation,Personnel
851,42,5b1fdf76-e137-e6b8-b20a-542382de44ea,1,1,20260205,601,1,1,10,0,0,The New York & Presbyterian,Personnel
852,94,c666fcc8-ce0e-93fe-a94b-6c0f8384ed78,4,2,20251105,662,14,1,11,0,1,Convene,Personnel
853,173,7156224d-6ba0-834b-470e-0e48b3e13072,8,3,20251203,596,12,1,9,0,0,Amazon,Personnel
854,3,bc0a8b13-9278-8b74-40b5-c505a31bc64a,1,1,20251119,662,11,2,11,0,0,The New York & Presbyterian,Visitor
855,265,ec09cf85-b854-2abc-779a-1605be0c0c22,19,2,20260128,804,13,1,13,0,0,Elite Model World,Personnel
856,274,446d13ab-c32f-2891-362f-54a2fc21d6ad,21,4,20260113,940,2,2,15,0,0,STRAUB COLLABORATIVE,Visitor
857,182,d383042a-d4e9-89e0-e340-17d711d8ce32,9,1,20251219,702,19,1,11,0,0,Warburg Pincus,Personnel
858,164,5b0ff123-0d52-9813-8770-9f1fda62fd59,7,3,20251229,639,10,1,10,0,0,Mizuho Americas Services,Personnel
859,19,4d5f09e3-1c7d-aa87-f59d-42bb347b7eee,1,1,20251126,594,3,1,9,0,0,The New York & Presbyterian,Personnel
860,169,d5b55ec3-6648-5994-6790-bc6ddef9ddff,8,3,20251210,850,13,1,14,0,1,Amazon,Personnel
861,55,0800041e-8cb4-d76c-0ec1-399950cca67c,2,1,20251209,865,17,1,14,0,0,Ralph Lauren Corporation,Personnel
862,191,56bc0763-8481-d2f9-a9b6-47775ab88a12,9,1,20251217,574,3,1,9,0,0,Warburg Pincus,Personnel
863,292,8e96a1f0-ce5a-0b2f-1a36-99a2372b98c6,26,4,20251231,655,16,1,10,0,0,The Bliss Group,Personnel
864,144,4dd95de3-60bd-8f86-535b-7f7bcd1da8f4,6,1,20251103,527,20,1,8,0,0,Jack Studios Inc,Personnel
865,238,0b9d0fab-31b8-5dc6-16d3-c9006f21c20c,15,5,20251113,575,17,1,9,0,0,Canada,Personnel
866,111,8e548622-ae7d-5012-54e4-ea9ec9805bda,4,2,20251230,575,2,1,9,0,0,Convene,Personnel
867,78,c1f4fada-315b-5e69-40a6-c927127e4bc6,3,2,20251226,543,8,2,9,0,1,FASHIONPHILE,Visitor
868,199,91af50fc-e08a-fe5b-a49f-70c0057b19d8,10,4,20251203,1012,20,2,16,0,1,Linhart Dentistry,Visitor
869,125,cf4f3f3d-0434-f205-4e89-517868addc3c,5,2,20251128,575,20,1,9,0,0,Convene 31,Personnel
870,73,4fd57be5-20d0-23f0-d53b-7cf8abbae1a1,3,2,20251208,558,7,1,9,0,0,FASHIONPHILE,Personnel
871,198,37fec987-e539-7968-dc35-a1d5b60213be,10,4,20260109,609,4,1,10,0,0,Linhart Dentistry,Personnel
872,255,7ac90808-30b5-2af4-931f-6f843de8f4a1,18,1,20251231,1070,5,1,17,0,0,RXR (75 Rock),Personnel
873,33,60b23c89-4e26-4556-62b4-fa6c336f3b03,1,1,20251106,1038,3,1,17,0,0,The New York & Presbyterian,Personnel
874,214,1d0e7475-63e6-11a9-1c8f-09f4c7dad914,12,3,20251112,648,6,2,10,0,0,Palantir & Current,Visitor
875,221,7df9fd56-a0b2-43f1-4d80-ee205c8ae199,13,2,20251120,496,5,2,8,0,0,Roku,Visitor
876,57,08c9058c-e891-3cac-4f9e-74d35273bef6,2,1,20251211,508,3,1,8,1,1,Ralph Lauren Corporation,Personnel
877,204,03a19036-8e1d-d5eb-126f-9ddd281332bd,10,4,20251120,516,12,1,8,0,0,Linhart Dentistry,Personnel
878,11,16fe5474-486b-fd72-8c59-0387aa913cef,1,1,20251107,518,8,1,8,0,0,The New York & Presbyterian,Personnel
879,150,644c2222-975f-5cfb-1f85-163d2a8bfa75,7,3,20260206,556,8,1,9,0,0,Mizuho Americas Services,Personnel
880,145,3f12fd9e-d31c-8d77-1592-74fca76e381d,6,1,20260120,659,7,1,10,0,0,Jack Studios Inc,Personnel
881,83,31c5450d-bf71-704f-206f-931c01fc159a,3,2,20260204,651,16,1,10,0,0,FASHIONPHILE,Personnel
882,49,9bcf2ab9-9349-5f34-8929-f09089a4f0b0,2,1,20251125,884,9,1,14,0,0,Ralph Lauren Corporation,Personnel
883,72,cfbbe025-08e3-d4c2-bd14-8ec3e9f21f5f,3,2,20251222,496,1,1,8,1,1,FASHIONPHILE,Personnel
884,73,4fd57be5-20d0-23f0-d53b-7cf8abbae1a1,3,2,20260212,691,11,1,11,0,0,FASHIONPHILE,Personnel
885,297,6c78b4a3-6840-6be7-471b-67eb877b54ca,29,2,20251204,571,19,1,9,0,0,OXO International Inc,Personnel
886,274,446d13ab-c32f-2891-362f-54a2fc21d6ad,21,4,20260114,602,3,2,10,0,0,STRAUB COLLABORATIVE,Visitor
887,209,590e0260-8fc2-da42-0091-28adacf8f045,11,4,20251209,772,7,1,12,0,1,RGN-New York XXXII LLC,Personnel
888,88,aee91261-a748-d316-eb27-3902442b1769,3,2,20251105,504,9,1,8,0,0,FASHIONPHILE,Personnel
889,49,9bcf2ab9-9349-5f34-8929-f09089a4f0b0,2,1,20251103,609,19,2,10,0,0,Ralph Lauren Corporation,Visitor
890,105,d54bd26b-0304-a2c3-b643-e2c5e7f1ae72,4,2,20251224,566,20,1,9,0,0,Convene,Personnel
891,228,1a2abf01-34ee-fdd9-5fab-ed59f55edec7,13,2,20251215,580,20,1,9,0,0,Roku,Personnel
892,235,f06e7818-c806-e815-6f72-0adca9c98da0,14,1,20251231,585,20,1,9,0,0,32 BJ Union,Personnel
893,283,d78d002f-d488-cc39-5712-dacc8d653be0,23,5,20251219,648,12,1,10,0,0,Cahill Gordon,Personnel
894,118,7f69be5f-db4a-fafa-815f-f52841f1cddb,5,2,20251212,724,20,1,12,0,0,Convene 31,Personnel
895,156,340bcc82-297f-99c2-a472-8395aadd3f06,7,3,20260127,1085,9,1,18,0,0,Mizuho Americas Services,Personnel
896,37,0002703b-c8c5-cddf-f827-adfd55d36b06,1,1,20251215,596,9,1,9,0,0,The New York & Presbyterian,Personnel
897,289,01505081-ecee-56f3-fa61-e12120ca2911,25,3,20251125,555,15,1,9,0,1,Persistent Systems LLC,Personnel
898,283,d78d002f-d488-cc39-5712-dacc8d653be0,23,5,20260203,804,13,2,13,0,0,Cahill Gordon,Visitor
899,94,c666fcc8-ce0e-93fe-a94b-6c0f8384ed78,4,2,20260106,581,5,2,9,0,0,Convene,Visitor
900,159,01f4d736-6455-b812-d720-62f7b6eedc41,7,3,20260123,585,6,2,9,0,1,Mizuho Americas Services,Visitor
901,67,999cf579-8379-0fd7-4173-fa6279681752,2,1,20260105,769,10,1,12,1,1,Ralph Lauren Corporation,Personnel
902,284,c43eba0b-e813-b4fa-e8a4-8894f7f2564e,23,5,20260128,511,4,1,8,0,1,Cahill Gordon,Personnel
903,108,1573d3a7-87e6-42d9-c0c2-1d35267ccc1f,4,2,20251209,548,9,1,9,0,0,Convene,Personnel
904,257,14d78cd4-f5bf-c561-0ba5-773c85696511,18,1,20260204,607,6,1,10,0,0,RXR (75 Rock),Personnel
905,195,f6b0a376-8cea-b94f-8bde-b94d8c738d12,9,1,20251114,900,4,1,15,0,0,Warburg Pincus,Personnel
906,189,9542698a-0ae9-fb94-816f-b5e4e9b773d6,9,1,20251119,640,1,1,10,0,0,Warburg Pincus,Personnel
907,175,fa3dd4f4-daed-1319-75e9-0d9772ac3c35,8,3,20251230,739,7,1,12,0,0,Amazon,Personnel
908,171,e02a8ea8-6783-ee17-19e2-dad55cdaaa5e,8,3,20251202,551,17,1,9,0,0,Amazon,Personnel
909,273,0a599632-f038-589e-cfe0-546e2b53aafc,21,4,20260107,557,20,1,9,0,0,STRAUB COLLABORATIVE,Personnel
910,183,d756cb75-bbb7-954e-9e8f-8a7f69895246,9,1,20251211,707,2,1,11,0,0,Warburg Pincus,Personnel
911,201,f0a8b495-8758-b193-d7d5-504639cc60bc,10,4,20251215,641,13,1,10,0,0,Linhart Dentistry,Personnel
912,142,f93b1dfb-ac57-f315-d196-e38cfaa33b43,6,1,20260205,721,8,2,12,0,0,Jack Studios Inc,Visitor
913,280,1bfe9ae5-b9d6-6ee7-764a-1586870ca6a3,22,5,20251217,637,14,1,10,0,0,JP Morgan Chase,Personnel
914,89,7b562a30-364b-954d-541c-ab9e5f8fcb75,3,2,20251223,682,4,1,11,1,1,FASHIONPHILE,Personnel
915,174,1e5ddef2-7603-2fc1-ac6b-d384d6c48fb7,8,3,20251118,1126,20,1,18,0,0,Amazon,Personnel
916,256,9f8e1526-0370-9824-30f3-7e5abc851655,18,1,20251119,572,4,2,9,0,0,RXR (75 Rock),Visitor
917,25,0010b8ac-a7cb-c470-8833-500bc78a071c,1,1,20260114,504,2,1,8,0,0,The New York & Presbyterian,Personnel
918,37,0002703b-c8c5-cddf-f827-adfd55d36b06,1,1,20251106,500,4,1,8,0,0,The New York & Presbyterian,Personnel
919,91,2f3d9a2a-5cdc-266c-889f-bfc160332706,4,2,20260205,556,1,1,9,0,0,Convene,Personnel
920,99,84a32dd2-48e7-8e1f-12f0-2797395da24c,4,2,20251113,850,19,1,14,0,1,Convene,Personnel
921,229,97a05e30-149a-42c8-bfff-6430a1061ef4,14,1,20260102,625,3,1,10,0,0,32 BJ Union,Personnel
922,284,c43eba0b-e813-b4fa-e8a4-8894f7f2564e,23,5,20251209,963,12,1,16,0,0,Cahill Gordon,Personnel
923,82,2a2686a4-90f3-4ff1-6782-c122b97c196c,3,2,20251202,565,15,1,9,0,0,FASHIONPHILE,Personnel
924,34,b46d8161-b151-5ccb-19f7-3ee9c247e006,1,1,20260211,711,12,1,11,0,0,The New York & Presbyterian,Personnel
925,173,7156224d-6ba0-834b-470e-0e48b3e13072,8,3,20260108,589,17,1,9,0,0,Amazon,Personnel
926,238,0b9d0fab-31b8-5dc6-16d3-c9006f21c20c,15,5,20260123,836,19,1,13,0,0,Canada,Personnel
927,184,087a01f1-f785-3f7d-711f-907290f15664,9,1,20251124,829,16,1,13,0,0,Warburg Pincus,Personnel
928,160,8507ef0c-8c24-35fa-7e14-d52fc740aee7,7,3,20260211,825,4,1,13,0,0,Mizuho Americas Services,Personnel
929,53,f98cd177-0707-41d3-cf3d-1bd1397b7b0e,2,1,20260206,521,17,2,8,0,0,Ralph Lauren Corporation,Visitor
930,167,e6329b9f-76e1-5a1a-6284-e47ff6e3519e,8,3,20251120,831,18,1,13,0,0,Amazon,Personnel
931,272,ce8e4e06-9d22-ba68-1f2f-f3b5dc240587,20,3,20251217,723,18,1,12,0,0,West Monroe,Personnel
932,196,8bf33d70-3ae6-fe04-9f43-827a2b067afe,10,4,20251202,625,18,1,10,0,0,Linhart Dentistry,Personnel
933,35,716919e4-8bfe-3ef4-160a-34318ca8fdfc,1,1,20260126,553,12,1,9,0,0,The New York & Presbyterian,Personnel
934,240,8d633117-fe5b-8fd9-ca5c-aa6074d48c2c,15,5,20251223,618,6,1,10,0,0,Canada,Personnel
935,183,d756cb75-bbb7-954e-9e8f-8a7f69895246,9,1,20251105,889,14,1,14,0,0,Warburg Pincus,Personnel
936,40,04dc731f-2ef1-8704-e4de-276732484f66,1,1,20260108,637,10,1,10,0,0,The New York & Presbyterian,Personnel
937,112,59fe0e04-8bc5-8487-f8d8-cc36649d002a,5,2,20260123,581,8,1,9,0,0,Convene 31,Personnel
938,115,5c36f1c8-79da-fb49-82f6-19d3198b6f66,5,2,20251106,871,5,1,14,0,0,Convene 31,Personnel
939,90,0237f393-aae5-d173-a32c-020eeb16207d,3,2,20260129,684,8,1,11,0,0,FASHIONPHILE,Personnel
940,236,75ad8198-7bc2-c2ba-117c-f51d99587e8f,15,5,20260205,505,12,1,8,0,0,Canada,Personnel
941,178,0dcf15f5-f087-d43f-3abf-2990bda5c0eb,8,3,20260203,621,18,2,10,0,0,Amazon,Visitor
942,277,08904c1c-fe2c-e0f5-1d46-d7d3f9f826ca,21,4,20251223,750,17,2,12,0,0,STRAUB COLLABORATIVE,Visitor
943,264,3ad3e6dc-3c16-70e7-c47c-d2bba5b7aa2d,19,2,20251217,641,12,1,10,0,0,Elite Model World,Personnel
944,162,7fff4cbd-c59b-bc4e-b7f8-4d6bbd0352ca,7,3,20260127,657,17,1,10,0,0,Mizuho Americas Services,Personnel
945,140,2383493d-e42f-25fb-ba12-41e93ea56985,6,1,20251105,653,17,1,10,0,0,Jack Studios Inc,Personnel
946,12,b3396a7c-95c4-accb-e049-1431903850c5,1,1,20251231,728,18,2,12,0,0,The New York & Presbyterian,Visitor
947,280,1bfe9ae5-b9d6-6ee7-764a-1586870ca6a3,22,5,20251106,859,15,1,14,0,0,JP Morgan Chase,Personnel
948,20,00fe1ff0-9954-48bb-d160-90073892c2f0,1,1,20251204,615,20,1,10,0,0,The New York & Presbyterian,Personnel
949,59,cc6b6a81-8e6b-00fd-b027-35ced08bbdf5,2,1,20251119,635,19,1,10,1,1,Ralph Lauren Corporation,Personnel
950,160,8507ef0c-8c24-35fa-7e14-d52fc740aee7,7,3,20260122,788,1,1,13,0,0,Mizuho Americas Services,Personnel
951,52,ebe8428b-bcde-302a-b099-3790d38c4af3,2,1,20251210,703,4,1,11,1,1,Ralph Lauren Corporation,Personnel
952,266,e0e3b519-3187-0247-45e0-82d954c47c38,19,2,20260106,879,3,1,14,0,0,Elite Model World,Personnel
953,300,edc35029-9868-9602-4551-462984ffb4a0,30,3,20251218,781,19,1,13,0,0,MHANY,Personnel
954,264,3ad3e6dc-3c16-70e7-c47c-d2bba5b7aa2d,19,2,20251202,606,9,2,10,0,0,Elite Model World,Visitor
955,226,97bf0c03-ec79-b168-9c70-3bc506983b03,13,2,20251105,636,12,1,10,1,1,Roku,Personnel
956,157,205f2f81-1c15-659b-9c72-31ac33184cb7,7,3,20260211,484,19,1,8,0,0,Mizuho Americas Services,Personnel
957,69,9b0b5824-3206-0961-db19-b5a6bf2ff3bf,2,1,20251128,503,18,1,8,1,1,Ralph Lauren Corporation,Personnel
958,131,827ed2f0-ac49-49cb-da81-cbd09c862eea,6,1,20260113,879,13,2,14,0,0,Jack Studios Inc,Visitor
959,231,8a01651e-3227-a1ff-b6ce-8605a146c5b6,14,1,20251229,842,5,1,14,0,0,32 BJ Union,Personnel
960,227,0d07eedf-aa28-8d27-15ab-2292b9377e9c,13,2,20260127,693,2,2,11,0,0,Roku,Visitor
961,14,e3fc40c8-6c2f-e54c-7607-a0d3d529e8da,1,1,20251226,552,14,1,9,0,0,The New York & Presbyterian,Personnel
962,292,8e96a1f0-ce5a-0b2f-1a36-99a2372b98c6,26,4,20260114,649,10,1,10,1,1,The Bliss Group,Personnel
963,261,91a0e8b1-4f94-74a2-3569-abf1db9a9784,19,2,20251103,639,9,1,10,0,1,Elite Model World,Personnel
964,274,446d13ab-c32f-2891-362f-54a2fc21d6ad,21,4,20260121,839,15,1,13,1,1,STRAUB COLLABORATIVE,Personnel
965,169,d5b55ec3-6648-5994-6790-bc6ddef9ddff,8,3,20251215,702,17,1,11,0,0,Amazon,Personnel
966,174,1e5ddef2-7603-2fc1-ac6b-d384d6c48fb7,8,3,20260102,689,20,1,11,0,0,Amazon,Personnel
967,149,b7dfb126-b616-4b1c-2bee-30df88784719,6,1,20260122,881,3,1,14,0,0,Jack Studios Inc,Personnel
968,197,f574c172-0495-7752-55a9-a473e6a7e108,10,4,20260120,439,13,1,7,0,0,Linhart Dentistry,Personnel
969,297,6c78b4a3-6840-6be7-471b-67eb877b54ca,29,2,20260205,601,8,1,10,1,1,OXO International Inc,Personnel
970,277,08904c1c-fe2c-e0f5-1d46-d7d3f9f826ca,21,4,20260209,884,13,1,14,0,0,STRAUB COLLABORATIVE,Personnel
971,93,521488bc-f348-10d4-47b4-0548ba769264,4,2,20260106,620,3,1,10,0,0,Convene,Personnel
972,299,9c022499-7058-67a2-ed51-26f453880772,30,3,20260121,607,3,1,10,1,1,MHANY,Personnel
973,78,c1f4fada-315b-5e69-40a6-c927127e4bc6,3,2,20251105,671,1,1,11,0,0,FASHIONPHILE,Personnel
974,10,0277cfb8-1a69-f658-b217-40ab8c44af4a,1,1,20260105,712,11,1,11,0,0,The New York & Presbyterian,Personnel
975,82,2a2686a4-90f3-4ff1-6782-c122b97c196c,3,2,20260122,980,20,1,16,0,0,FASHIONPHILE,Personnel
976,119,e6037a42-644e-0795-4680-a004d2c20519,5,2,20260128,431,6,1,7,1,1,Convene 31,Personnel
977,150,644c2222-975f-5cfb-1f85-163d2a8bfa75,7,3,20260129,777,10,1,12,0,0,Mizuho Americas Services,Personnel
978,152,95f5ed7d-c8fd-e221-d9e3-11c996511bed,7,3,20251223,605,11,2,10,0,0,Mizuho Americas Services,Visitor
979,109,3b37bdc4-87df-7820-d73c-89df2b0beb7c,4,2,20260105,582,20,1,9,0,0,Convene,Personnel
980,169,d5b55ec3-6648-5994-6790-bc6ddef9ddff,8,3,20251104,724,14,1,12,0,0,Amazon,Personnel
981,282,23fc1600-174f-f26a-6237-3e54a3ca7074,23,5,20251118,726,6,1,12,0,0,Cahill Gordon,Personnel
982,151,f4437f79-b809-babf-867d-1cbfb38b65de,7,3,20251125,688,14,1,11,1,1,Mizuho Americas Services,Personnel
983,225,063184eb-9f84-9834-0dfd-435c403cb9b5,13,2,20260105,872,5,1,14,0,0,Roku,Personnel
984,242,31e4ed7f-6ad8-3e3d-e6cb-326ef7ee9a48,15,5,20260205,745,16,1,12,0,1,Canada,Personnel
985,78,c1f4fada-315b-5e69-40a6-c927127e4bc6,3,2,20251223,524,9,1,8,0,0,FASHIONPHILE,Personnel
986,18,795939c2-112a-cedb-ff3e-d96d1e3a8376,1,1,20260113,1093,2,1,18,0,0,The New York & Presbyterian,Personnel
987,263,1f26e804-3bb8-d507-e912-344f9a45e539,19,2,20251204,617,7,1,10,0,1,Elite Model World,Personnel
988,27,986d139d-d9ee-64f2-a9c3-4ede20186288,1,1,20251222,650,11,1,10,0,0,The New York & Presbyterian,Personnel
989,59,cc6b6a81-8e6b-00fd-b027-35ced08bbdf5,2,1,20260116,583,16,1,9,1,1,Ralph Lauren Corporation,Personnel
990,30,4e1af473-f76e-fffe-a917-9337b77b9367,1,1,20260123,609,15,1,10,0,0,The New York & Presbyterian,Personnel
991,147,c17b1348-3a36-0ba7-8391-9f8ebc4d92d6,6,1,20260115,788,15,1,13,0,0,Jack Studios Inc,Personnel
992,93,521488bc-f348-10d4-47b4-0548ba769264,4,2,20251126,606,12,1,10,0,0,Convene,Personnel
993,238,0b9d0fab-31b8-5dc6-16d3-c9006f21c20c,15,5,20260129,497,12,1,8,0,1,Canada,Personnel
994,146,5c434496-2e8c-3496-3e16-22e8e78e03f2,6,1,20251203,570,17,1,9,0,0,Jack Studios Inc,Personnel
995,15,b2ada4a6-2d7c-24f6-21f3-67c7c4c4949f,1,1,20251210,764,12,1,12,0,0,The New York & Presbyterian,Personnel
996,85,2e7ec643-23c3-3688-05b9-5d7c60f10718,3,2,20260210,536,14,1,8,0,0,FASHIONPHILE,Personnel
997,152,95f5ed7d-c8fd-e221-d9e3-11c996511bed,7,3,20251204,1059,5,1,17,0,0,Mizuho Americas Services,Personnel
998,206,09d32a2c-5d24-2352-a8d5-70000d983750,11,4,20260113,450,1,2,7,0,0,RGN-New York XXXII LLC,Visitor
999,133,78971143-2565-d391-6239-7d05b283d51b,6,1,20260129,565,11,1,9,0,0,Jack Studios Inc,Personnel
1000,206,09d32a2c-5d24-2352-a8d5-70000d983750,11,4,20260108,639,8,1,10,0,0,RGN-New York XXXII LLC,Personnel
1001,196,8bf33d70-3ae6-fe04-9f43-827a2b067afe,10,4,20260126,671,11,2,11,0,0,Linhart Dentistry,Visitor
1002,56,9a612bba-141b-0166-f3a7-bee44ca62d5e,2,1,20260128,801,3,2,13,0,0,Ralph Lauren Corporation,Visitor
1003,3,bc0a8b13-9278-8b74-40b5-c505a31bc64a,1,1,20260114,586,18,1,9,0,0,The New York & Presbyterian,Personnel
1004,245,84a684b8-9fb8-45e8-6452-2610914afae7,16,5,20260107,548,19,1,9,0,0,Guidehouse,Personnel
1005,170,b9049117-bef6-b91f-fd9f-2b2a444e86d1,8,3,20260112,592,16,1,9,0,0,Amazon,Personnel
1006,222,22ee28a3-fcbf-eeaf-5ca2-d3f07c062749,13,2,20251209,921,2,1,15,0,0,Roku,Personnel
1007,118,7f69be5f-db4a-fafa-815f-f52841f1cddb,5,2,20260106,510,18,1,8,0,0,Convene 31,Personnel
1008,235,f06e7818-c806-e815-6f72-0adca9c98da0,14,1,20251215,962,11,1,16,0,0,32 BJ Union,Personnel
1009,270,73bb9f6d-c3c0-6f1e-4665-ee85cb5dbfed,20,3,20260108,1062,2,1,17,0,1,West Monroe,Personnel
1010,47,e5bb0261-31de-5a9b-042f-3bb56524da0f,1,1,20260210,801,3,1,13,0,0,The New York & Presbyterian,Personnel
1011,193,855f28c6-1a3d-3f6a-b16a-357f814296fe,9,1,20260128,459,12,1,7,0,0,Warburg Pincus,Personnel
1012,205,d623c737-d3ef-e076-3595-0a824e9a48e3,11,4,20251222,474,11,1,7,0,0,RGN-New York XXXII LLC,Personnel
1013,62,b316cf7c-4004-ea8c-6467-85619c2652de,2,1,20251118,551,8,1,9,0,0,Ralph Lauren Corporation,Personnel
1014,91,2f3d9a2a-5cdc-266c-889f-bfc160332706,4,2,20260113,523,9,1,8,0,0,Convene,Personnel
1015,202,9f502a29-f707-81f3-3376-d335be6c6225,10,4,20260212,554,10,2,9,0,0,Linhart Dentistry,Visitor
1016,122,27b115fb-2055-2c0d-2411-0dd0f97236f7,5,2,20251209,483,15,1,8,0,0,Convene 31,Personnel
1017,129,ed3833c8-428b-cb03-9b7f-4bd255ecab7a,5,2,20260109,594,3,1,9,0,0,Convene 31,Personnel
1018,13,aabf7434-d264-ad4f-1096-7561dd51e1d8,1,1,20251201,772,5,1,12,0,0,The New York & Presbyterian,Personnel
1019,158,38028e2e-fa7f-638f-0fce-56f79a5df419,7,3,20260202,835,12,1,13,0,0,Mizuho Americas Services,Personnel
1020,231,8a01651e-3227-a1ff-b6ce-8605a146c5b6,14,1,20251124,748,2,1,12,0,1,32 BJ Union,Personnel
1021,22,eeb8e8ac-8fc3-f64e-6863-3501605d92e7,1,1,20251125,835,8,1,13,0,0,The New York & Presbyterian,Personnel
1022,146,5c434496-2e8c-3496-3e16-22e8e78e03f2,6,1,20251211,558,12,1,9,0,1,Jack Studios Inc,Personnel
1023,214,1d0e7475-63e6-11a9-1c8f-09f4c7dad914,12,3,20260106,371,9,1,6,0,0,Palantir & Current,Personnel
1024,174,1e5ddef2-7603-2fc1-ac6b-d384d6c48fb7,8,3,20251117,658,4,1,10,0,0,Amazon,Personnel
1025,114,2b0b6f7b-5406-8dd1-bd02-5ac3d62bfc1d,5,2,20251204,830,19,1,13,0,0,Convene 31,Personnel
1026,166,659d225e-18f6-f111-07b0-49fa215b966f,8,3,20251107,989,12,1,16,0,1,Amazon,Personnel
1027,44,2d4ef446-b0b1-9641-a3dd-96599f454fbf,1,1,20260107,630,6,1,10,0,0,The New York & Presbyterian,Personnel
1028,178,0dcf15f5-f087-d43f-3abf-2990bda5c0eb,8,3,20260126,540,19,1,9,0,0,Amazon,Personnel
1029,296,28fe66be-b334-41e0-2ebe-6cb3174df322,28,1,20251121,475,14,1,7,0,0,BasePoint Capital,Personnel
1030,150,644c2222-975f-5cfb-1f85-163d2a8bfa75,7,3,20251217,935,3,1,15,0,0,Mizuho Americas Services,Personnel
1031,247,5bf977b9-12f1-0097-96ed-7909951f0e03,16,5,20251126,550,10,1,9,0,0,Guidehouse,Personnel
1032,113,02d248e3-0a37-d1a7-4db0-e02909f69500,5,2,20260120,598,14,1,9,0,0,Convene 31,Personnel
1033,97,35e27aef-5020-8f65-4227-5002498ec2ae,4,2,20251203,491,18,1,8,0,0,Convene,Personnel
1034,157,205f2f81-1c15-659b-9c72-31ac33184cb7,7,3,20251114,505,6,1,8,0,0,Mizuho Americas Services,Personnel
1035,265,ec09cf85-b854-2abc-779a-1605be0c0c22,19,2,20251103,579,8,2,9,0,0,Elite Model World,Visitor
1036,178,0dcf15f5-f087-d43f-3abf-2990bda5c0eb,8,3,20251125,552,1,1,9,0,1,Amazon,Personnel
1037,215,df3e6e35-3f5a-2740-deb4-f942c4ba5a53,12,3,20260126,527,6,1,8,0,0,Palantir & Current,Personnel
1038,209,590e0260-8fc2-da42-0091-28adacf8f045,11,4,20260115,623,16,2,10,0,0,RGN-New York XXXII LLC,Visitor
1039,260,55b685d7-cb6a-2792-18a6-efbc096bb8b5,18,1,20251121,851,13,1,14,0,0,RXR (75 Rock),Personnel
1040,69,9b0b5824-3206-0961-db19-b5a6bf2ff3bf,2,1,20260129,543,4,2,9,0,0,Ralph Lauren Corporation,Visitor
1041,235,f06e7818-c806-e815-6f72-0adca9c98da0,14,1,20251104,595,19,1,9,0,0,32 BJ Union,Personnel
1042,107,eb36e847-ced1-f9a9-6ca2-16ddecbaddac,4,2,20251104,1008,16,1,16,0,0,Convene,Personnel
1043,83,31c5450d-bf71-704f-206f-931c01fc159a,3,2,20251218,590,14,1,9,0,0,FASHIONPHILE,Personnel
1044,120,92c5f84d-48e8-98a9-1d3b-a4a31764e199,5,2,20251212,802,18,1,13,0,0,Convene 31,Personnel
1045,150,644c2222-975f-5cfb-1f85-163d2a8bfa75,7,3,20260114,686,7,2,11,0,0,Mizuho Americas Services,Visitor
1046,214,1d0e7475-63e6-11a9-1c8f-09f4c7dad914,12,3,20251209,821,10,1,13,0,0,Palantir & Current,Personnel
1047,8,9152ed5d-2b72-552b-4f3c-19909e510790,1,1,20251226,810,12,1,13,0,0,The New York & Presbyterian,Personnel
1048,187,90abddba-83e8-6f11-1e7e-cfb56a625411,9,1,20251218,579,10,1,9,1,1,Warburg Pincus,Personnel
1049,161,42616865-95ea-2b04-a5ea-3da7787d6cea,7,3,20251107,481,16,1,8,0,0,Mizuho Americas Services,Personnel
1050,92,03eadd55-3ced-2f7e-5dd1-f62d068a2039,4,2,20260112,557,4,1,9,0,0,Convene,Personnel
1051,134,45900178-3626-7b9e-00bf-5aa273678844,6,1,20251215,694,12,1,11,0,0,Jack Studios Inc,Personnel
1052,78,c1f4fada-315b-5e69-40a6-c927127e4bc6,3,2,20251118,664,4,1,11,1,1,FASHIONPHILE,Personnel
1053,7,1d2a6e46-8de1-6bb4-5927-fe7483fc0f15,1,1,20251217,778,15,1,12,0,0,The New York & Presbyterian,Personnel
1054,222,22ee28a3-fcbf-eeaf-5ca2-d3f07c062749,13,2,20251103,685,20,1,11,0,0,Roku,Personnel
1055,291,82319bfe-4e81-3d03-1b81-2a288c5db69c,26,4,20260205,644,15,1,10,0,0,The Bliss Group,Personnel
1056,47,e5bb0261-31de-5a9b-042f-3bb56524da0f,1,1,20260108,705,16,1,11,0,1,The New York & Presbyterian,Personnel
1057,288,24635db7-6572-c8a5-3f10-ac700daf4bc2,24,2,20260114,600,10,2,10,0,0,Locality,Visitor
1058,73,4fd57be5-20d0-23f0-d53b-7cf8abbae1a1,3,2,20251202,627,7,1,10,0,0,FASHIONPHILE,Personnel
1059,288,24635db7-6572-c8a5-3f10-ac700daf4bc2,24,2,20251118,608,2,1,10,0,0,Locality,Personnel
1060,48,44448012-1132-7e36-978e-8e3a6ab9c301,2,1,20260122,533,11,1,8,0,0,Ralph Lauren Corporation,Personnel
1061,168,5c4d32cf-bd72-0552-f52e-7ded072a6024,8,3,20251107,971,3,1,16,0,0,Amazon,Personnel
1062,148,ac9d79f5-4234-91d0-11be-eb43ceb357d4,6,1,20251106,720,18,1,12,0,0,Jack Studios Inc,Personnel
1063,280,1bfe9ae5-b9d6-6ee7-764a-1586870ca6a3,22,5,20260206,628,5,2,10,0,1,JP Morgan Chase,Visitor
1064,244,7d46b8c4-ff9d-c479-a816-0a9a992e63f9,16,5,20260129,926,4,1,15,0,0,Guidehouse,Personnel
1065,3,bc0a8b13-9278-8b74-40b5-c505a31bc64a,1,1,20260202,691,9,1,11,0,0,The New York & Presbyterian,Personnel
1066,108,1573d3a7-87e6-42d9-c0c2-1d35267ccc1f,4,2,20260210,712,14,1,11,0,1,Convene,Personnel
1067,271,a2511fec-1f3a-7111-e606-33a9a975560b,20,3,20251224,687,8,1,11,1,1,West Monroe,Personnel
1068,246,90ed8305-1457-8457-1b71-fc951c8fab19,16,5,20251203,719,13,2,11,0,0,Guidehouse,Visitor
1069,265,ec09cf85-b854-2abc-779a-1605be0c0c22,19,2,20260106,802,11,1,13,1,1,Elite Model World,Personnel
1070,121,a7b63698-60f9-5e52-e5af-046ebedfbc98,5,2,20260212,499,6,1,8,0,0,Convene 31,Personnel
1071,222,22ee28a3-fcbf-eeaf-5ca2-d3f07c062749,13,2,20251217,834,7,1,13,0,1,Roku,Personnel
1072,204,03a19036-8e1d-d5eb-126f-9ddd281332bd,10,4,20260122,876,3,2,14,0,0,Linhart Dentistry,Visitor
1073,61,58adfc00-194f-3207-37f2-3d1c5873df31,2,1,20251104,683,11,1,11,0,0,Ralph Lauren Corporation,Personnel
1074,131,827ed2f0-ac49-49cb-da81-cbd09c862eea,6,1,20251218,624,1,1,10,0,0,Jack Studios Inc,Personnel
1075,184,087a01f1-f785-3f7d-711f-907290f15664,9,1,20251210,679,5,1,11,0,0,Warburg Pincus,Personnel
1076,83,31c5450d-bf71-704f-206f-931c01fc159a,3,2,20251110,896,10,2,14,0,0,FASHIONPHILE,Visitor
1077,71,90b1141d-899f-c9b1-5caa-d5d3fa56aec6,3,2,20260203,688,12,1,11,1,1,FASHIONPHILE,Personnel
1078,151,f4437f79-b809-babf-867d-1cbfb38b65de,7,3,20260115,603,1,1,10,0,0,Mizuho Americas Services,Personnel
1079,136,ab73affd-8024-03e9-753c-aa05046497be,6,1,20251219,627,14,1,10,0,0,Jack Studios Inc,Personnel
1080,141,585ccf26-4246-9083-979b-3e11ed5c96a5,6,1,20260211,565,13,1,9,0,0,Jack Studios Inc,Personnel
1081,239,a9766ed5-372c-23b0-e73d-249fe0a9fb20,15,5,20251223,505,13,1,8,0,0,Canada,Personnel
1082,213,808fb319-d439-5940-5e72-845190d0d1a9,12,3,20260212,771,17,1,12,0,0,Palantir & Current,Personnel
1083,207,e170b083-bb13-89b2-dc89-7299691177d8,11,4,20251211,621,11,1,10,0,0,RGN-New York XXXII LLC,Personnel
1084,258,e81e9a0c-ff15-f54a-0c0b-84b7b67152d6,18,1,20251125,645,11,1,10,0,0,RXR (75 Rock),Personnel
1085,78,c1f4fada-315b-5e69-40a6-c927127e4bc6,3,2,20251201,1090,16,2,18,0,0,FASHIONPHILE,Visitor
1086,124,c751cc4a-36fc-f9ae-a6d8-ab1f25da3e8d,5,2,20251118,664,14,1,11,0,0,Convene 31,Personnel
1087,102,87d756d6-6ccb-890e-7763-c3cfdc28593c,4,2,20251125,590,17,1,9,0,0,Convene,Personnel
1088,154,917e28a7-e138-938b-248b-8c1570825695,7,3,20251112,838,10,1,13,0,0,Mizuho Americas Services,Personnel
1089,275,e2d768ed-b72f-c306-f2c4-eca1f76040fe,21,4,20251117,898,9,1,14,0,0,STRAUB COLLABORATIVE,Personnel
1090,276,ad7ba83b-3253-f924-5b5b-3ebe8014cef9,21,4,20260114,818,3,1,13,0,0,STRAUB COLLABORATIVE,Personnel
1091,88,aee91261-a748-d316-eb27-3902442b1769,3,2,20251222,714,16,1,11,0,0,FASHIONPHILE,Personnel
1092,104,41ed446f-8949-ce63-27de-5fa29551077d,4,2,20251230,573,5,1,9,0,0,Convene,Personnel
1093,297,6c78b4a3-6840-6be7-471b-67eb877b54ca,29,2,20260115,657,10,1,10,0,0,OXO International Inc,Personnel
1094,3,bc0a8b13-9278-8b74-40b5-c505a31bc64a,1,1,20251204,526,13,2,8,0,0,The New York & Presbyterian,Visitor
1095,81,3c6607ec-3a46-f23c-8ee3-b95b9ab30286,3,2,20260105,852,4,1,14,0,0,FASHIONPHILE,Personnel
1096,43,919204f7-7dee-8acb-e7b3-3ef5d96ba78a,1,1,20260211,651,15,1,10,0,1,The New York & Presbyterian,Personnel
1097,121,a7b63698-60f9-5e52-e5af-046ebedfbc98,5,2,20260210,715,11,2,11,0,0,Convene 31,Visitor
1098,163,e32df4d1-7d9f-d2db-e826-f70d72e24d2c,7,3,20251112,629,5,2,10,0,0,Mizuho Americas Services,Visitor
1099,70,dc721279-ece4-8963-1b9a-75808b9c7959,3,2,20251212,744,9,1,12,1,1,FASHIONPHILE,Personnel
1100,221,7df9fd56-a0b2-43f1-4d80-ee205c8ae199,13,2,20251205,620,18,2,10,0,0,Roku,Visitor
1101,235,f06e7818-c806-e815-6f72-0adca9c98da0,14,1,20251218,659,19,1,10,0,0,32 BJ Union,Personnel
1102,179,b194b98b-d086-3169-7240-344dba440fea,8,3,20251112,374,20,1,6,0,0,Amazon,Personnel
1103,109,3b37bdc4-87df-7820-d73c-89df2b0beb7c,4,2,20260211,577,16,1,9,0,0,Convene,Personnel
1104,172,02e8d818-a0ec-2701-0ff7-1221a482b10f,8,3,20260130,553,2,1,9,1,1,Amazon,Personnel
1105,45,b469204b-1fee-9686-e3b9-358773052115,1,1,20251224,543,5,1,9,0,0,The New York & Presbyterian,Personnel
1106,292,8e96a1f0-ce5a-0b2f-1a36-99a2372b98c6,26,4,20251216,633,15,1,10,0,0,The Bliss Group,Personnel
1107,163,e32df4d1-7d9f-d2db-e826-f70d72e24d2c,7,3,20251118,644,2,1,10,0,0,Mizuho Americas Services,Personnel
1108,205,d623c737-d3ef-e076-3595-0a824e9a48e3,11,4,20251103,667,3,1,11,0,0,RGN-New York XXXII LLC,Personnel
1109,99,84a32dd2-48e7-8e1f-12f0-2797395da24c,4,2,20251119,942,9,2,15,0,0,Convene,Visitor
1110,212,22641690-d15c-01b2-9564-f5f9e3fc371e,11,4,20251120,667,20,1,11,0,0,RGN-New York XXXII LLC,Personnel
1111,161,42616865-95ea-2b04-a5ea-3da7787d6cea,7,3,20251128,883,7,1,14,0,0,Mizuho Americas Services,Personnel
1112,189,9542698a-0ae9-fb94-816f-b5e4e9b773d6,9,1,20251112,604,4,1,10,0,1,Warburg Pincus,Personnel
1113,96,89504b4e-ae35-7bfd-750e-2aa682407952,4,2,20260203,1033,11,1,17,1,1,Convene,Personnel
1114,90,0237f393-aae5-d173-a32c-020eeb16207d,3,2,20260108,566,5,1,9,0,0,FASHIONPHILE,Personnel
1115,240,8d633117-fe5b-8fd9-ca5c-aa6074d48c2c,15,5,20251224,977,9,2,16,0,1,Canada,Visitor
1116,241,d6c97267-2383-8b3e-c3af-678cb50c254f,15,5,20260211,678,4,2,11,0,0,Canada,Visitor
1117,38,f361245f-e671-ec9c-9d65-5fb5b1c5589a,1,1,20260121,553,10,1,9,0,0,The New York & Presbyterian,Personnel
1118,77,c9e6de25-6c6d-aa21-b5f1-e1b19cee9ef6,3,2,20251204,595,5,1,9,0,0,FASHIONPHILE,Personnel
1119,244,7d46b8c4-ff9d-c479-a816-0a9a992e63f9,16,5,20251211,1025,19,1,17,0,0,Guidehouse,Personnel
1120,201,f0a8b495-8758-b193-d7d5-504639cc60bc,10,4,20251204,592,5,1,9,0,0,Linhart Dentistry,Personnel
1121,218,72155ecc-855c-c933-e439-202dd8bef13c,12,3,20260112,631,4,1,10,0,0,Palantir & Current,Personnel
1122,61,58adfc00-194f-3207-37f2-3d1c5873df31,2,1,20251216,723,8,1,12,0,0,Ralph Lauren Corporation,Personnel
1123,273,0a599632-f038-589e-cfe0-546e2b53aafc,21,4,20251104,607,3,1,10,0,0,STRAUB COLLABORATIVE,Personnel
1124,212,22641690-d15c-01b2-9564-f5f9e3fc371e,11,4,20260120,966,2,1,16,0,0,RGN-New York XXXII LLC,Personnel
1125,290,d0d05c5a-d126-2a11-8f39-c42e82fe97cd,25,3,20260126,858,6,1,14,1,1,Persistent Systems LLC,Personnel
1126,189,9542698a-0ae9-fb94-816f-b5e4e9b773d6,9,1,20251218,824,18,1,13,0,0,Warburg Pincus,Personnel
1127,73,4fd57be5-20d0-23f0-d53b-7cf8abbae1a1,3,2,20251104,585,7,1,9,0,0,FASHIONPHILE,Personnel
1128,56,9a612bba-141b-0166-f3a7-bee44ca62d5e,2,1,20260112,615,12,2,10,0,0,Ralph Lauren Corporation,Visitor
1129,84,cc25526b-04dc-297d-5067-9e9dc03bb11a,3,2,20260102,1037,12,1,17,0,0,FASHIONPHILE,Personnel
1130,213,808fb319-d439-5940-5e72-845190d0d1a9,12,3,20251222,970,19,1,16,0,1,Palantir & Current,Personnel
1131,291,82319bfe-4e81-3d03-1b81-2a288c5db69c,26,4,20251219,572,9,2,9,0,1,The Bliss Group,Visitor
1132,96,89504b4e-ae35-7bfd-750e-2aa682407952,4,2,20251208,868,2,2,14,0,0,Convene,Visitor
1133,126,d80a8c59-718d-8c54-c7c2-57413d97f336,5,2,20260203,591,9,1,9,0,0,Convene 31,Personnel
1134,249,db81b5e0-ed39-264c-eec1-fbd4b229af8b,17,4,20260102,548,16,1,9,0,0,StoneX Group Inc,Personnel
1135,74,301ab779-eb79-7bfc-e991-321f5a2cfbad,3,2,20251107,864,8,1,14,0,0,FASHIONPHILE,Personnel
1136,12,b3396a7c-95c4-accb-e049-1431903850c5,1,1,20251229,604,2,2,10,0,0,The New York & Presbyterian,Visitor
1137,237,d6c4cde6-4b32-3805-b330-42c08d876ff8,15,5,20251128,619,19,1,10,0,0,Canada,Personnel
1138,57,08c9058c-e891-3cac-4f9e-74d35273bef6,2,1,20251126,838,14,2,13,0,0,Ralph Lauren Corporation,Visitor
1139,31,a719622b-ab2e-9e5c-258f-431ee3cde163,1,1,20251219,775,20,1,12,0,0,The New York & Presbyterian,Personnel
1140,186,8fa03b98-bd90-97ed-f498-8cdf20460f56,9,1,20251112,812,18,1,13,0,0,Warburg Pincus,Personnel
1141,10,0277cfb8-1a69-f658-b217-40ab8c44af4a,1,1,20251210,873,9,1,14,0,0,The New York & Presbyterian,Personnel
1142,231,8a01651e-3227-a1ff-b6ce-8605a146c5b6,14,1,20251203,620,16,1,10,0,0,32 BJ Union,Personnel
1143,223,64591253-d8a1-c945-7861-f0fb97b6b787,13,2,20260128,1071,2,1,17,1,1,Roku,Personnel
1144,116,f1b75f8e-414e-c4b5-00c8-d52ece9d8565,5,2,20260128,439,17,1,7,0,0,Convene 31,Personnel
1145,180,4cd6b1a1-d78e-20cf-d347-f0dc907db867,8,3,20251105,1015,13,2,16,0,0,Amazon,Visitor
1146,185,6df446b4-8d31-8187-f010-5c19b41c8cc9,9,1,20251118,518,20,1,8,0,0,Warburg Pincus,Personnel
1147,137,3c9618b5-2a2c-d9fa-cc60-f2975e5b27e7,6,1,20251223,876,2,1,14,0,0,Jack Studios Inc,Personnel
1148,101,fde7ddd2-b63c-db47-391f-f55398bfe71b,4,2,20260109,507,6,1,8,0,0,Convene,Personnel
1149,96,89504b4e-ae35-7bfd-750e-2aa682407952,4,2,20251205,950,6,1,15,0,0,Convene,Personnel
1150,44,2d4ef446-b0b1-9641-a3dd-96599f454fbf,1,1,20260212,811,7,1,13,0,0,The New York & Presbyterian,Personnel
1151,96,89504b4e-ae35-7bfd-750e-2aa682407952,4,2,20260107,611,8,2,10,0,0,Convene,Visitor
1152,218,72155ecc-855c-c933-e439-202dd8bef13c,12,3,20251217,1020,12,1,17,0,0,Palantir & Current,Personnel
1153,56,9a612bba-141b-0166-f3a7-bee44ca62d5e,2,1,20260106,616,19,1,10,1,1,Ralph Lauren Corporation,Personnel
1154,223,64591253-d8a1-c945-7861-f0fb97b6b787,13,2,20251230,892,17,1,14,0,0,Roku,Personnel
1155,127,15ff71cd-a81e-e88e-b09e-337bdc581e13,5,2,20251229,526,5,1,8,0,0,Convene 31,Personnel
1156,283,d78d002f-d488-cc39-5712-dacc8d653be0,23,5,20260206,583,6,2,9,0,0,Cahill Gordon,Visitor
1157,29,93198907-a64b-c59e-cf45-e8f472a432a2,1,1,20260107,487,15,1,8,0,0,The New York & Presbyterian,Personnel
1158,297,6c78b4a3-6840-6be7-471b-67eb877b54ca,29,2,20251224,492,5,2,8,0,0,OXO International Inc,Visitor
1159,34,b46d8161-b151-5ccb-19f7-3ee9c247e006,1,1,20251103,641,1,1,10,0,0,The New York & Presbyterian,Personnel
1160,202,9f502a29-f707-81f3-3376-d335be6c6225,10,4,20260212,709,19,1,11,0,0,Linhart Dentistry,Personnel
1161,1,a2d996fc-9e97-16e4-3c98-80a889ae7c23,1,1,20251117,540,20,1,9,0,0,The New York & Presbyterian,Personnel
1162,258,e81e9a0c-ff15-f54a-0c0b-84b7b67152d6,18,1,20251203,654,10,1,10,1,1,RXR (75 Rock),Personnel
1163,29,93198907-a64b-c59e-cf45-e8f472a432a2,1,1,20260205,566,2,2,9,0,1,The New York & Presbyterian,Visitor
1164,242,31e4ed7f-6ad8-3e3d-e6cb-326ef7ee9a48,15,5,20251126,978,15,2,16,0,0,Canada,Visitor
1165,249,db81b5e0-ed39-264c-eec1-fbd4b229af8b,17,4,20251218,803,15,1,13,0,0,StoneX Group Inc,Personnel
1166,298,dc2ac6f8-d3f4-d9c7-c274-aa7010fedaf8,29,2,20260204,472,8,1,7,0,0,OXO International Inc,Personnel
1167,68,d85cabd3-2f4e-6197-136d-8226a2ad4942,2,1,20260106,588,17,2,9,0,1,Ralph Lauren Corporation,Visitor
1168,207,e170b083-bb13-89b2-dc89-7299691177d8,11,4,20251103,586,19,2,9,0,0,RGN-New York XXXII LLC,Visitor
1169,167,e6329b9f-76e1-5a1a-6284-e47ff6e3519e,8,3,20251126,588,9,1,9,0,0,Amazon,Personnel
1170,31,a719622b-ab2e-9e5c-258f-431ee3cde163,1,1,20260122,556,18,2,9,0,0,The New York & Presbyterian,Visitor
1171,232,d3fdbe3e-4b6b-abd1-ccce-024807d4d95b,14,1,20260204,572,5,1,9,0,0,32 BJ Union,Personnel
1172,263,1f26e804-3bb8-d507-e912-344f9a45e539,19,2,20251211,550,9,1,9,0,0,Elite Model World,Personnel
1173,236,75ad8198-7bc2-c2ba-117c-f51d99587e8f,15,5,20251119,924,20,1,15,0,0,Canada,Personnel
1174,89,7b562a30-364b-954d-541c-ab9e5f8fcb75,3,2,20251205,663,2,1,11,1,1,FASHIONPHILE,Personnel
1175,207,e170b083-bb13-89b2-dc89-7299691177d8,11,4,20251104,528,14,1,8,0,0,RGN-New York XXXII LLC,Personnel
1176,116,f1b75f8e-414e-c4b5-00c8-d52ece9d8565,5,2,20260120,694,18,1,11,0,0,Convene 31,Personnel
1177,47,e5bb0261-31de-5a9b-042f-3bb56524da0f,1,1,20251128,818,18,1,13,0,0,The New York & Presbyterian,Personnel
1178,207,e170b083-bb13-89b2-dc89-7299691177d8,11,4,20251223,852,19,1,14,0,0,RGN-New York XXXII LLC,Personnel
1179,223,64591253-d8a1-c945-7861-f0fb97b6b787,13,2,20260123,730,2,1,12,0,0,Roku,Personnel
1180,13,aabf7434-d264-ad4f-1096-7561dd51e1d8,1,1,20251210,909,7,1,15,0,1,The New York & Presbyterian,Personnel
1181,233,dd6e2a2b-5d5c-71f6-6d2d-be243ed2401d,14,1,20251120,585,11,1,9,1,1,32 BJ Union,Personnel
1182,163,e32df4d1-7d9f-d2db-e826-f70d72e24d2c,7,3,20260113,608,4,1,10,0,0,Mizuho Americas Services,Personnel
1183,199,91af50fc-e08a-fe5b-a49f-70c0057b19d8,10,4,20260115,722,6,1,12,0,0,Linhart Dentistry,Personnel
1184,85,2e7ec643-23c3-3688-05b9-5d7c60f10718,3,2,20251202,597,16,1,9,0,0,FASHIONPHILE,Personnel
1185,109,3b37bdc4-87df-7820-d73c-89df2b0beb7c,4,2,20260128,609,20,1,10,0,0,Convene,Personnel
1186,57,08c9058c-e891-3cac-4f9e-74d35273bef6,2,1,20260126,691,12,1,11,1,1,Ralph Lauren Corporation,Personnel
1187,267,2ace2df6-eb35-0f29-8157-5366ab0eafb7,20,3,20260114,822,13,1,13,0,0,West Monroe,Personnel
1188,107,eb36e847-ced1-f9a9-6ca2-16ddecbaddac,4,2,20260126,627,1,1,10,0,0,Convene,Personnel
1189,179,b194b98b-d086-3169-7240-344dba440fea,8,3,20260115,700,14,2,11,0,0,Amazon,Visitor
1190,246,90ed8305-1457-8457-1b71-fc951c8fab19,16,5,20251126,603,15,2,10,0,0,Guidehouse,Visitor
1191,182,d383042a-d4e9-89e0-e340-17d711d8ce32,9,1,20260108,694,15,1,11,0,1,Warburg Pincus,Personnel
1192,249,db81b5e0-ed39-264c-eec1-fbd4b229af8b,17,4,20251217,618,18,1,10,0,0,StoneX Group Inc,Personnel
1193,241,d6c97267-2383-8b3e-c3af-678cb50c254f,15,5,20251218,613,13,1,10,0,1,Canada,Personnel
1194,246,90ed8305-1457-8457-1b71-fc951c8fab19,16,5,20251113,588,3,1,9,0,0,Guidehouse,Personnel
1195,236,75ad8198-7bc2-c2ba-117c-f51d99587e8f,15,5,20251121,574,4,1,9,0,0,Canada,Personnel
1196,266,e0e3b519-3187-0247-45e0-82d954c47c38,19,2,20260205,576,18,2,9,0,0,Elite Model World,Visitor
1197,40,04dc731f-2ef1-8704-e4de-276732484f66,1,1,20260206,625,19,1,10,0,0,The New York & Presbyterian,Personnel
1198,169,d5b55ec3-6648-5994-6790-bc6ddef9ddff,8,3,20260130,598,9,1,9,0,0,Amazon,Personnel
1199,259,7632e70d-a55a-de63-d58c-42dbc930b1ca,18,1,20251119,861,12,2,14,0,0,RXR (75 Rock),Visitor
1200,161,42616865-95ea-2b04-a5ea-3da7787d6cea,7,3,20251202,579,9,1,9,0,0,Mizuho Americas Services,Personnel
1201,254,4de1e144-160d-c296-0169-7132a0e97998,17,4,20260210,566,16,1,9,0,0,StoneX Group Inc,Personnel
1202,11,16fe5474-486b-fd72-8c59-0387aa913cef,1,1,20260114,648,6,1,10,0,0,The New York & Presbyterian,Personnel
1203,84,cc25526b-04dc-297d-5067-9e9dc03bb11a,3,2,20251106,656,2,2,10,0,0,FASHIONPHILE,Visitor
1204,30,4e1af473-f76e-fffe-a917-9337b77b9367,1,1,20251111,579,13,1,9,0,0,The New York & Presbyterian,Personnel
1205,181,ac4dc73d-cbad-8afc-bba6-e296288a1b0f,8,3,20251118,547,18,1,9,0,0,Amazon,Personnel
1206,173,7156224d-6ba0-834b-470e-0e48b3e13072,8,3,20251202,567,16,1,9,0,0,Amazon,Personnel
1207,97,35e27aef-5020-8f65-4227-5002498ec2ae,4,2,20251110,814,17,1,13,0,0,Convene,Personnel
1208,237,d6c4cde6-4b32-3805-b330-42c08d876ff8,15,5,20260115,624,3,1,10,0,0,Canada,Personnel
1209,21,646e7270-9d3f-9b83-6bd5-8a2a9a3991a8,1,1,20251219,539,5,1,8,0,0,The New York & Presbyterian,Personnel
1210,34,b46d8161-b151-5ccb-19f7-3ee9c247e006,1,1,20251111,644,6,2,10,0,0,The New York & Presbyterian,Visitor
1211,132,377fca19-dc32-3c06-c830-33483372d5d8,6,1,20260205,593,16,1,9,0,0,Jack Studios Inc,Personnel
1212,124,c751cc4a-36fc-f9ae-a6d8-ab1f25da3e8d,5,2,20251119,541,1,1,9,0,1,Convene 31,Personnel
1213,25,0010b8ac-a7cb-c470-8833-500bc78a071c,1,1,20251118,573,4,1,9,0,0,The New York & Presbyterian,Personnel
1214,125,cf4f3f3d-0434-f205-4e89-517868addc3c,5,2,20251210,831,2,1,13,0,0,Convene 31,Personnel
1215,132,377fca19-dc32-3c06-c830-33483372d5d8,6,1,20251111,665,4,1,11,0,0,Jack Studios Inc,Personnel
1216,65,cc602dda-eea9-e82b-49e4-3a3583652287,2,1,20260209,554,10,1,9,0,1,Ralph Lauren Corporation,Personnel
1217,281,5906391c-98ac-9145-f1b8-eeb8dc7d87e1,22,5,20251125,702,4,1,11,0,0,JP Morgan Chase,Personnel
1218,282,23fc1600-174f-f26a-6237-3e54a3ca7074,23,5,20260211,736,11,1,12,0,0,Cahill Gordon,Personnel
1219,86,d4dac8df-d0a9-d3dc-b8cc-a497880cb866,3,2,20260105,828,7,1,13,1,1,FASHIONPHILE,Personnel
1220,79,699ef2e0-c233-e3a5-fa80-0ca876b89722,3,2,20260121,597,1,1,9,1,1,FASHIONPHILE,Personnel
1221,1,a2d996fc-9e97-16e4-3c98-80a889ae7c23,1,1,20251112,999,18,1,16,0,0,The New York & Presbyterian,Personnel
1222,141,585ccf26-4246-9083-979b-3e11ed5c96a5,6,1,20260116,1149,18,1,19,0,0,Jack Studios Inc,Personnel
1223,229,97a05e30-149a-42c8-bfff-6430a1061ef4,14,1,20251202,944,18,2,15,0,0,32 BJ Union,Visitor
1224,243,7242d45d-bf03-fd18-59d9-cad607cd56fe,16,5,20260106,562,3,1,9,0,0,Guidehouse,Personnel
1225,124,c751cc4a-36fc-f9ae-a6d8-ab1f25da3e8d,5,2,20251222,952,7,1,15,0,1,Convene 31,Personnel
1226,191,56bc0763-8481-d2f9-a9b6-47775ab88a12,9,1,20251202,623,5,1,10,0,0,Warburg Pincus,Personnel
1227,195,f6b0a376-8cea-b94f-8bde-b94d8c738d12,9,1,20251105,950,7,1,15,0,0,Warburg Pincus,Personnel
1228,223,64591253-d8a1-c945-7861-f0fb97b6b787,13,2,20260202,813,12,1,13,0,0,Roku,Personnel
1229,83,31c5450d-bf71-704f-206f-931c01fc159a,3,2,20251126,686,7,1,11,0,0,FASHIONPHILE,Personnel
1230,103,35b30d2f-1b6c-cfc5-0e89-270841512c15,4,2,20251110,521,11,1,8,0,0,Convene,Personnel
1231,46,0fce78af-e00b-e668-ea8d-7ebb667a90be,1,1,20251216,556,1,1,9,0,1,The New York & Presbyterian,Personnel
1232,257,14d78cd4-f5bf-c561-0ba5-773c85696511,18,1,20260112,758,5,1,12,1,1,RXR (75 Rock),Personnel
1233,4,ee89629c-b43b-eeb9-00fb-ef14f8b9553c,1,1,20251118,713,17,1,11,0,0,The New York & Presbyterian,Personnel
1234,177,4126361d-64f5-b5ab-3688-87d343197bdf,8,3,20251114,792,19,2,13,0,0,Amazon,Visitor
1235,222,22ee28a3-fcbf-eeaf-5ca2-d3f07c062749,13,2,20251216,586,16,1,9,0,0,Roku,Personnel
1236,4,ee89629c-b43b-eeb9-00fb-ef14f8b9553c,1,1,20251119,429,20,1,7,0,0,The New York & Presbyterian,Personnel
1237,263,1f26e804-3bb8-d507-e912-344f9a45e539,19,2,20260113,654,10,1,10,0,0,Elite Model World,Personnel
1238,66,02d325d2-5735-cb56-a419-10c3d5e8b901,2,1,20260126,502,2,2,8,0,0,Ralph Lauren Corporation,Visitor
1239,59,cc6b6a81-8e6b-00fd-b027-35ced08bbdf5,2,1,20251217,702,20,1,11,1,1,Ralph Lauren Corporation,Personnel
1240,251,cbc36bef-5a5f-9e73-0222-2ec1b285b0f7,17,4,20260121,538,8,1,8,0,0,StoneX Group Inc,Personnel
1241,198,37fec987-e539-7968-dc35-a1d5b60213be,10,4,20251128,1061,6,1,17,0,0,Linhart Dentistry,Personnel
1242,209,590e0260-8fc2-da42-0091-28adacf8f045,11,4,20260123,593,17,1,9,0,0,RGN-New York XXXII LLC,Personnel
1243,81,3c6607ec-3a46-f23c-8ee3-b95b9ab30286,3,2,20251208,690,6,1,11,1,1,FASHIONPHILE,Personnel
1244,56,9a612bba-141b-0166-f3a7-bee44ca62d5e,2,1,20251110,835,9,2,13,0,0,Ralph Lauren Corporation,Visitor
1245,198,37fec987-e539-7968-dc35-a1d5b60213be,10,4,20251107,505,9,2,8,0,0,Linhart Dentistry,Visitor
1246,227,0d07eedf-aa28-8d27-15ab-2292b9377e9c,13,2,20251126,642,7,1,10,0,1,Roku,Personnel
1247,237,d6c4cde6-4b32-3805-b330-42c08d876ff8,15,5,20251201,828,12,1,13,1,1,Canada,Personnel
1248,67,999cf579-8379-0fd7-4173-fa6279681752,2,1,20251119,825,9,1,13,1,1,Ralph Lauren Corporation,Personnel
1249,128,ed81938b-93f2-450a-0a47-5d2814e66a0b,5,2,20260212,1143,9,2,19,0,0,Convene 31,Visitor
1250,259,7632e70d-a55a-de63-d58c-42dbc930b1ca,18,1,20251103,568,12,1,9,1,1,RXR (75 Rock),Personnel
1251,241,d6c97267-2383-8b3e-c3af-678cb50c254f,15,5,20251126,559,17,1,9,0,0,Canada,Personnel
1252,257,14d78cd4-f5bf-c561-0ba5-773c85696511,18,1,20260203,1067,20,1,17,0,0,RXR (75 Rock),Personnel
1253,196,8bf33d70-3ae6-fe04-9f43-827a2b067afe,10,4,20251110,697,17,1,11,1,1,Linhart Dentistry,Personnel
1254,21,646e7270-9d3f-9b83-6bd5-8a2a9a3991a8,1,1,20251110,961,10,1,16,0,0,The New York & Presbyterian,Personnel
1255,144,4dd95de3-60bd-8f86-535b-7f7bcd1da8f4,6,1,20260205,652,18,1,10,0,1,Jack Studios Inc,Personnel
1256,115,5c36f1c8-79da-fb49-82f6-19d3198b6f66,5,2,20251217,584,2,1,9,0,1,Convene 31,Personnel
1257,209,590e0260-8fc2-da42-0091-28adacf8f045,11,4,20260114,497,11,2,8,0,0,RGN-New York XXXII LLC,Visitor
1258,148,ac9d79f5-4234-91d0-11be-eb43ceb357d4,6,1,20251126,1071,14,1,17,0,0,Jack Studios Inc,Personnel
1259,249,db81b5e0-ed39-264c-eec1-fbd4b229af8b,17,4,20251217,610,5,1,10,0,0,StoneX Group Inc,Personnel
1260,109,3b37bdc4-87df-7820-d73c-89df2b0beb7c,4,2,20251118,690,14,1,11,0,0,Convene,Personnel
1261,293,337570f7-8581-9ce0-05e7-8bb66662dab8,27,5,20260129,653,4,2,10,0,0,Equus Workforce,Visitor
1262,176,9d09c906-b028-0a68-3472-00433d506de3,8,3,20260203,649,14,1,10,0,0,Amazon,Personnel
1263,204,03a19036-8e1d-d5eb-126f-9ddd281332bd,10,4,20251230,797,4,1,13,0,0,Linhart Dentistry,Personnel
1264,46,0fce78af-e00b-e668-ea8d-7ebb667a90be,1,1,20251229,486,13,1,8,0,0,The New York & Presbyterian,Personnel
1265,132,377fca19-dc32-3c06-c830-33483372d5d8,6,1,20251107,580,1,1,9,0,0,Jack Studios Inc,Personnel
1266,48,44448012-1132-7e36-978e-8e3a6ab9c301,2,1,20260127,697,20,1,11,1,1,Ralph Lauren Corporation,Personnel
1267,228,1a2abf01-34ee-fdd9-5fab-ed59f55edec7,13,2,20251211,560,6,1,9,0,0,Roku,Personnel
1268,223,64591253-d8a1-c945-7861-f0fb97b6b787,13,2,20251208,842,11,1,14,1,1,Roku,Personnel
1269,118,7f69be5f-db4a-fafa-815f-f52841f1cddb,5,2,20260129,522,15,1,8,0,0,Convene 31,Personnel
1270,291,82319bfe-4e81-3d03-1b81-2a288c5db69c,26,4,20251112,831,16,2,13,0,0,The Bliss Group,Visitor
1271,160,8507ef0c-8c24-35fa-7e14-d52fc740aee7,7,3,20251120,606,9,1,10,0,0,Mizuho Americas Services,Personnel
1272,221,7df9fd56-a0b2-43f1-4d80-ee205c8ae199,13,2,20251223,778,3,1,12,0,0,Roku,Personnel
1273,5,dcce1615-aa77-98c1-4049-ce588cabbcf2,1,1,20251112,583,7,1,9,0,1,The New York & Presbyterian,Personnel
1274,34,b46d8161-b151-5ccb-19f7-3ee9c247e006,1,1,20251223,708,3,1,11,0,0,The New York & Presbyterian,Personnel
1275,198,37fec987-e539-7968-dc35-a1d5b60213be,10,4,20260205,1060,19,1,17,0,0,Linhart Dentistry,Personnel
1276,132,377fca19-dc32-3c06-c830-33483372d5d8,6,1,20260112,573,18,1,9,0,0,Jack Studios Inc,Personnel
1277,74,301ab779-eb79-7bfc-e991-321f5a2cfbad,3,2,20260113,491,20,1,8,0,0,FASHIONPHILE,Personnel
1278,92,03eadd55-3ced-2f7e-5dd1-f62d068a2039,4,2,20251208,474,12,1,7,0,0,Convene,Personnel
1279,251,cbc36bef-5a5f-9e73-0222-2ec1b285b0f7,17,4,20251125,804,3,1,13,0,0,StoneX Group Inc,Personnel
1280,93,521488bc-f348-10d4-47b4-0548ba769264,4,2,20251110,542,10,1,9,0,0,Convene,Personnel
1281,125,cf4f3f3d-0434-f205-4e89-517868addc3c,5,2,20260115,622,6,2,10,0,0,Convene 31,Visitor
1282,50,09967a11-1554-eaf4-ed96-4605c181cbdf,2,1,20260113,1006,12,1,16,1,1,Ralph Lauren Corporation,Personnel
1283,140,2383493d-e42f-25fb-ba12-41e93ea56985,6,1,20260120,660,7,1,11,0,1,Jack Studios Inc,Personnel
1284,211,7c81f492-0cca-fc8f-9f02-e80fe36f76a2,11,4,20251112,601,14,2,10,0,0,RGN-New York XXXII LLC,Visitor
1285,6,7ca47c89-8972-22b9-acc5-726e7ea166fe,1,1,20251224,552,2,1,9,0,0,The New York & Presbyterian,Personnel
1286,181,ac4dc73d-cbad-8afc-bba6-e296288a1b0f,8,3,20251126,648,10,2,10,0,0,Amazon,Visitor
1287,85,2e7ec643-23c3-3688-05b9-5d7c60f10718,3,2,20251224,568,6,2,9,0,0,FASHIONPHILE,Visitor
1288,24,052d3456-bf63-939b-e6bb-264b60d69376,1,1,20251118,1103,6,1,18,0,0,The New York & Presbyterian,Personnel
1289,17,d10ba14a-4540-8890-ec84-75ca06c8cf7f,1,1,20251110,628,20,1,10,0,0,The New York & Presbyterian,Personnel
1290,3,bc0a8b13-9278-8b74-40b5-c505a31bc64a,1,1,20260108,806,17,1,13,0,0,The New York & Presbyterian,Personnel
1291,174,1e5ddef2-7603-2fc1-ac6b-d384d6c48fb7,8,3,20251201,661,19,1,11,0,0,Amazon,Personnel
1292,138,8f0d0049-0a58-d530-3f5b-8da2eae40ca1,6,1,20251107,584,6,1,9,0,0,Jack Studios Inc,Personnel
1293,286,07294c28-54d0-b560-0fc5-62f8a87f070a,24,2,20251111,787,12,1,13,0,0,Locality,Personnel
1294,283,d78d002f-d488-cc39-5712-dacc8d653be0,23,5,20251107,652,16,1,10,0,0,Cahill Gordon,Personnel
1295,241,d6c97267-2383-8b3e-c3af-678cb50c254f,15,5,20260107,624,14,1,10,0,1,Canada,Personnel
1296,236,75ad8198-7bc2-c2ba-117c-f51d99587e8f,15,5,20260107,658,14,1,10,0,0,Canada,Personnel
1297,80,7177c969-6142-596d-d4e9-d67633d1e383,3,2,20260120,551,5,1,9,1,1,FASHIONPHILE,Personnel
1298,40,04dc731f-2ef1-8704-e4de-276732484f66,1,1,20251217,516,10,1,8,0,0,The New York & Presbyterian,Personnel
1299,249,db81b5e0-ed39-264c-eec1-fbd4b229af8b,17,4,20260106,568,20,1,9,0,0,StoneX Group Inc,Personnel
1300,1,a2d996fc-9e97-16e4-3c98-80a889ae7c23,1,1,20260128,565,2,1,9,0,0,The New York & Presbyterian,Personnel
1301,157,205f2f81-1c15-659b-9c72-31ac33184cb7,7,3,20251112,553,18,1,9,0,0,Mizuho Americas Services,Personnel
1302,290,d0d05c5a-d126-2a11-8f39-c42e82fe97cd,25,3,20251230,657,19,2,10,0,1,Persistent Systems LLC,Visitor
1303,33,60b23c89-4e26-4556-62b4-fa6c336f3b03,1,1,20251105,654,8,2,10,0,1,The New York & Presbyterian,Visitor
1304,183,d756cb75-bbb7-954e-9e8f-8a7f69895246,9,1,20251119,583,8,1,9,0,0,Warburg Pincus,Personnel
1305,36,fcc99495-138a-c336-7dea-1cdb18d9c42d,1,1,20251117,989,5,1,16,1,1,The New York & Presbyterian,Personnel
1306,246,90ed8305-1457-8457-1b71-fc951c8fab19,16,5,20251201,706,12,1,11,0,0,Guidehouse,Personnel
1307,104,41ed446f-8949-ce63-27de-5fa29551077d,4,2,20251113,950,8,1,15,0,0,Convene,Personnel
1308,262,33bceaa6-7a1b-02c3-2dfa-cb17d36d9bc9,19,2,20251120,552,18,1,9,0,0,Elite Model World,Personnel
1309,220,497d40bf-37e1-9b96-fd63-df0c25ff2662,12,3,20251111,820,3,1,13,0,0,Palantir & Current,Personnel
1310,204,03a19036-8e1d-d5eb-126f-9ddd281332bd,10,4,20251209,693,14,1,11,0,0,Linhart Dentistry,Personnel
1311,161,42616865-95ea-2b04-a5ea-3da7787d6cea,7,3,20260127,600,11,1,10,0,0,Mizuho Americas Services,Personnel
1312,199,91af50fc-e08a-fe5b-a49f-70c0057b19d8,10,4,20251216,699,13,2,11,0,0,Linhart Dentistry,Visitor
1313,175,fa3dd4f4-daed-1319-75e9-0d9772ac3c35,8,3,20260206,830,7,1,13,0,0,Amazon,Personnel
1314,196,8bf33d70-3ae6-fe04-9f43-827a2b067afe,10,4,20251126,600,19,1,10,0,0,Linhart Dentistry,Personnel
1315,59,cc6b6a81-8e6b-00fd-b027-35ced08bbdf5,2,1,20260108,550,11,1,9,0,0,Ralph Lauren Corporation,Personnel
1316,281,5906391c-98ac-9145-f1b8-eeb8dc7d87e1,22,5,20251124,501,15,2,8,0,0,JP Morgan Chase,Visitor
1317,291,82319bfe-4e81-3d03-1b81-2a288c5db69c,26,4,20260203,473,9,1,7,0,0,The Bliss Group,Personnel
1318,260,55b685d7-cb6a-2792-18a6-efbc096bb8b5,18,1,20251111,558,6,1,9,0,1,RXR (75 Rock),Personnel
1319,268,a90ebc3f-39db-7d6c-5d1c-27e1c8522485,20,3,20251211,866,12,1,14,0,0,West Monroe,Personnel
1320,125,cf4f3f3d-0434-f205-4e89-517868addc3c,5,2,20251215,565,15,1,9,0,0,Convene 31,Personnel
1321,159,01f4d736-6455-b812-d720-62f7b6eedc41,7,3,20260112,572,12,1,9,0,0,Mizuho Americas Services,Personnel
1322,69,9b0b5824-3206-0961-db19-b5a6bf2ff3bf,2,1,20260126,698,19,1,11,1,1,Ralph Lauren Corporation,Personnel
1323,232,d3fdbe3e-4b6b-abd1-ccce-024807d4d95b,14,1,20251114,599,6,1,9,0,0,32 BJ Union,Personnel
1324,75,12fa863d-6565-5988-6d20-9567ff7957c9,3,2,20251211,749,10,1,12,0,0,FASHIONPHILE,Personnel
1325,42,5b1fdf76-e137-e6b8-b20a-542382de44ea,1,1,20251224,710,15,1,11,0,0,The New York & Presbyterian,Personnel
1326,71,90b1141d-899f-c9b1-5caa-d5d3fa56aec6,3,2,20251112,974,6,1,16,0,1,FASHIONPHILE,Personnel
1327,55,0800041e-8cb4-d76c-0ec1-399950cca67c,2,1,20251118,829,8,2,13,0,0,Ralph Lauren Corporation,Visitor
1328,116,f1b75f8e-414e-c4b5-00c8-d52ece9d8565,5,2,20260130,588,15,1,9,0,0,Convene 31,Personnel
1329,169,d5b55ec3-6648-5994-6790-bc6ddef9ddff,8,3,20260128,645,12,1,10,0,0,Amazon,Personnel
1330,128,ed81938b-93f2-450a-0a47-5d2814e66a0b,5,2,20251120,811,5,1,13,0,0,Convene 31,Personnel
1331,264,3ad3e6dc-3c16-70e7-c47c-d2bba5b7aa2d,19,2,20251118,685,11,1,11,0,0,Elite Model World,Personnel
1332,6,7ca47c89-8972-22b9-acc5-726e7ea166fe,1,1,20260112,719,11,1,11,0,0,The New York & Presbyterian,Personnel
1333,259,7632e70d-a55a-de63-d58c-42dbc930b1ca,18,1,20251224,640,14,1,10,1,1,RXR (75 Rock),Personnel
1334,261,91a0e8b1-4f94-74a2-3569-abf1db9a9784,19,2,20251208,878,5,1,14,1,1,Elite Model World,Personnel
1335,98,098e9e87-dc8e-cac5-61d0-7922263d5f20,4,2,20251224,978,19,1,16,0,0,Convene,Personnel
1336,71,90b1141d-899f-c9b1-5caa-d5d3fa56aec6,3,2,20251104,1011,10,1,16,0,0,FASHIONPHILE,Personnel
1337,9,aa635e25-eb44-0f77-7265-6f69a1ea0dec,1,1,20260108,758,2,1,12,0,1,The New York & Presbyterian,Personnel
1338,16,826521ff-cb97-62e4-f0c7-e38139560ea2,1,1,20251118,886,2,1,14,0,0,The New York & Presbyterian,Personnel
1339,219,cecd1073-da2a-5a10-5f46-85b996d993b2,12,3,20251204,634,13,1,10,0,0,Palantir & Current,Personnel
1340,278,7f1f3fd9-b63c-71e8-2fe8-ffbadff9d442,22,5,20251201,600,8,1,10,0,1,JP Morgan Chase,Personnel
1341,34,b46d8161-b151-5ccb-19f7-3ee9c247e006,1,1,20251217,546,18,1,9,0,1,The New York & Presbyterian,Personnel
1342,121,a7b63698-60f9-5e52-e5af-046ebedfbc98,5,2,20251231,584,12,1,9,0,0,Convene 31,Personnel
1343,52,ebe8428b-bcde-302a-b099-3790d38c4af3,2,1,20251104,704,4,2,11,0,0,Ralph Lauren Corporation,Visitor
1344,276,ad7ba83b-3253-f924-5b5b-3ebe8014cef9,21,4,20251126,840,10,1,14,0,0,STRAUB COLLABORATIVE,Personnel
1345,182,d383042a-d4e9-89e0-e340-17d711d8ce32,9,1,20251120,830,2,1,13,0,0,Warburg Pincus,Personnel
1346,138,8f0d0049-0a58-d530-3f5b-8da2eae40ca1,6,1,20260120,1053,17,1,17,0,0,Jack Studios Inc,Personnel
1347,182,d383042a-d4e9-89e0-e340-17d711d8ce32,9,1,20260122,823,14,1,13,0,0,Warburg Pincus,Personnel
1348,73,4fd57be5-20d0-23f0-d53b-7cf8abbae1a1,3,2,20251217,777,3,1,12,0,0,FASHIONPHILE,Personnel
1349,32,1aeab4a0-da16-2190-a658-562d7c11544d,1,1,20260112,501,6,1,8,0,0,The New York & Presbyterian,Personnel
1350,286,07294c28-54d0-b560-0fc5-62f8a87f070a,24,2,20251205,667,11,1,11,0,0,Locality,Personnel
1351,39,f88439d0-9fc6-8301-3ade-cda1008fd51c,1,1,20260209,564,11,1,9,0,0,The New York & Presbyterian,Personnel
1352,244,7d46b8c4-ff9d-c479-a816-0a9a992e63f9,16,5,20251126,820,11,1,13,0,0,Guidehouse,Personnel
1353,229,97a05e30-149a-42c8-bfff-6430a1061ef4,14,1,20260128,663,5,1,11,0,0,32 BJ Union,Personnel
1354,124,c751cc4a-36fc-f9ae-a6d8-ab1f25da3e8d,5,2,20260120,626,14,1,10,0,0,Convene 31,Personnel
1355,176,9d09c906-b028-0a68-3472-00433d506de3,8,3,20251210,571,7,1,9,0,0,Amazon,Personnel
1356,183,d756cb75-bbb7-954e-9e8f-8a7f69895246,9,1,20251113,1066,20,1,17,0,0,Warburg Pincus,Personnel
1357,23,983c7332-68d5-3a6e-7700-2fea0f9f88a4,1,1,20260126,762,19,1,12,0,0,The New York & Presbyterian,Personnel
1358,248,7b7ec8a5-9ff2-75e0-6f53-0251394f0bbf,16,5,20251215,624,12,1,10,0,0,Guidehouse,Personnel
1359,106,d16a67bf-092e-4624-a8ac-ea9ee22e6395,4,2,20260120,767,20,1,12,0,0,Convene,Personnel
1360,245,84a684b8-9fb8-45e8-6452-2610914afae7,16,5,20260205,523,17,1,8,0,0,Guidehouse,Personnel
1361,168,5c4d32cf-bd72-0552-f52e-7ded072a6024,8,3,20251105,730,13,1,12,0,0,Amazon,Personnel
1362,258,e81e9a0c-ff15-f54a-0c0b-84b7b67152d6,18,1,20251217,1180,7,1,19,1,1,RXR (75 Rock),Personnel
1363,285,eae4723b-011f-2bd7-dade-baa4b6cbd10c,23,5,20251125,627,7,1,10,0,1,Cahill Gordon,Personnel
1364,43,919204f7-7dee-8acb-e7b3-3ef5d96ba78a,1,1,20260102,583,10,1,9,0,0,The New York & Presbyterian,Personnel
1365,241,d6c97267-2383-8b3e-c3af-678cb50c254f,15,5,20260203,596,2,1,9,0,0,Canada,Personnel
1366,115,5c36f1c8-79da-fb49-82f6-19d3198b6f66,5,2,20251106,877,10,2,14,0,0,Convene 31,Visitor
1367,3,bc0a8b13-9278-8b74-40b5-c505a31bc64a,1,1,20260112,657,14,1,10,0,0,The New York & Presbyterian,Personnel
1368,182,d383042a-d4e9-89e0-e340-17d711d8ce32,9,1,20251104,814,3,1,13,0,0,Warburg Pincus,Personnel
1369,51,f228fd16-3afd-dab9-0bfc-fb69a5a2f572,2,1,20260205,876,13,1,14,0,1,Ralph Lauren Corporation,Personnel
1370,23,983c7332-68d5-3a6e-7700-2fea0f9f88a4,1,1,20260105,644,1,1,10,0,0,The New York & Presbyterian,Personnel
1371,253,2a84fae7-ad6e-ceb2-50a5-ea605b912601,17,4,20251231,695,6,2,11,0,0,StoneX Group Inc,Visitor
1372,163,e32df4d1-7d9f-d2db-e826-f70d72e24d2c,7,3,20260129,654,17,1,10,0,0,Mizuho Americas Services,Personnel
1373,179,b194b98b-d086-3169-7240-344dba440fea,8,3,20260113,752,10,1,12,0,0,Amazon,Personnel
1374,37,0002703b-c8c5-cddf-f827-adfd55d36b06,1,1,20251121,1022,3,1,17,0,0,The New York & Presbyterian,Personnel
1375,60,99d7efa5-6b53-ab32-795f-54bf7cef5409,2,1,20251110,902,9,1,15,0,0,Ralph Lauren Corporation,Personnel
1376,48,44448012-1132-7e36-978e-8e3a6ab9c301,2,1,20251209,735,2,1,12,0,0,Ralph Lauren Corporation,Personnel
1377,256,9f8e1526-0370-9824-30f3-7e5abc851655,18,1,20251216,784,2,2,13,0,0,RXR (75 Rock),Visitor
1378,228,1a2abf01-34ee-fdd9-5fab-ed59f55edec7,13,2,20260129,550,11,1,9,0,0,Roku,Personnel
1379,13,aabf7434-d264-ad4f-1096-7561dd51e1d8,1,1,20260102,650,17,1,10,0,0,The New York & Presbyterian,Personnel
1380,100,d144b854-d786-59dd-1185-2ef56635747b,4,2,20260211,659,4,1,10,0,0,Convene,Personnel
1381,235,f06e7818-c806-e815-6f72-0adca9c98da0,14,1,20260210,745,18,1,12,0,0,32 BJ Union,Personnel
1382,94,c666fcc8-ce0e-93fe-a94b-6c0f8384ed78,4,2,20260120,895,18,1,14,0,0,Convene,Personnel
1383,300,edc35029-9868-9602-4551-462984ffb4a0,30,3,20251216,542,3,1,9,0,0,MHANY,Personnel
1384,63,3892c748-1b8a-ebb3-27d5-b38e42c730a4,2,1,20251205,578,5,1,9,0,0,Ralph Lauren Corporation,Personnel
1385,162,7fff4cbd-c59b-bc4e-b7f8-4d6bbd0352ca,7,3,20260128,820,14,1,13,0,1,Mizuho Americas Services,Personnel
1386,134,45900178-3626-7b9e-00bf-5aa273678844,6,1,20260115,589,16,1,9,0,0,Jack Studios Inc,Personnel
1387,106,d16a67bf-092e-4624-a8ac-ea9ee22e6395,4,2,20251210,706,1,1,11,0,0,Convene,Personnel
1388,291,82319bfe-4e81-3d03-1b81-2a288c5db69c,26,4,20251128,618,13,2,10,0,0,The Bliss Group,Visitor
1389,148,ac9d79f5-4234-91d0-11be-eb43ceb357d4,6,1,20260113,592,4,2,9,0,0,Jack Studios Inc,Visitor
1390,187,90abddba-83e8-6f11-1e7e-cfb56a625411,9,1,20251218,565,17,1,9,0,1,Warburg Pincus,Personnel
1391,191,56bc0763-8481-d2f9-a9b6-47775ab88a12,9,1,20260127,665,14,1,11,0,0,Warburg Pincus,Personnel
1392,120,92c5f84d-48e8-98a9-1d3b-a4a31764e199,5,2,20251121,519,17,2,8,0,0,Convene 31,Visitor
1393,229,97a05e30-149a-42c8-bfff-6430a1061ef4,14,1,20251204,708,12,1,11,0,0,32 BJ Union,Personnel
1394,158,38028e2e-fa7f-638f-0fce-56f79a5df419,7,3,20251107,644,20,1,10,0,0,Mizuho Americas Services,Personnel
1395,69,9b0b5824-3206-0961-db19-b5a6bf2ff3bf,2,1,20260203,834,20,1,13,0,0,Ralph Lauren Corporation,Personnel
1396,89,7b562a30-364b-954d-541c-ab9e5f8fcb75,3,2,20251230,699,12,1,11,0,0,FASHIONPHILE,Personnel
1397,196,8bf33d70-3ae6-fe04-9f43-827a2b067afe,10,4,20260112,802,20,1,13,0,0,Linhart Dentistry,Personnel
1398,36,fcc99495-138a-c336-7dea-1cdb18d9c42d,1,1,20251209,1076,13,1,17,0,0,The New York & Presbyterian,Personnel
1399,207,e170b083-bb13-89b2-dc89-7299691177d8,11,4,20251211,776,17,1,12,0,0,RGN-New York XXXII LLC,Personnel
1400,70,dc721279-ece4-8963-1b9a-75808b9c7959,3,2,20260106,607,1,1,10,1,1,FASHIONPHILE,Personnel
1401,173,7156224d-6ba0-834b-470e-0e48b3e13072,8,3,20251219,474,19,1,7,0,0,Amazon,Personnel
1402,40,04dc731f-2ef1-8704-e4de-276732484f66,1,1,20260212,691,4,2,11,0,0,The New York & Presbyterian,Visitor
1403,211,7c81f492-0cca-fc8f-9f02-e80fe36f76a2,11,4,20251112,758,16,2,12,0,0,RGN-New York XXXII LLC,Visitor
1404,188,9a1aedfe-e476-9fba-a6a1-8f8f6594b1a2,9,1,20260211,688,20,1,11,0,0,Warburg Pincus,Personnel
1405,105,d54bd26b-0304-a2c3-b643-e2c5e7f1ae72,4,2,20251119,627,8,1,10,0,0,Convene,Personnel
1406,122,27b115fb-2055-2c0d-2411-0dd0f97236f7,5,2,20251107,754,10,2,12,0,0,Convene 31,Visitor
1407,77,c9e6de25-6c6d-aa21-b5f1-e1b19cee9ef6,3,2,20260112,546,12,1,9,0,0,FASHIONPHILE,Personnel
1408,247,5bf977b9-12f1-0097-96ed-7909951f0e03,16,5,20260126,667,6,2,11,0,0,Guidehouse,Visitor
1409,232,d3fdbe3e-4b6b-abd1-ccce-024807d4d95b,14,1,20251216,800,3,2,13,0,0,32 BJ Union,Visitor
1410,44,2d4ef446-b0b1-9641-a3dd-96599f454fbf,1,1,20260108,641,3,1,10,0,0,The New York & Presbyterian,Personnel
1411,66,02d325d2-5735-cb56-a419-10c3d5e8b901,2,1,20260122,943,14,1,15,0,0,Ralph Lauren Corporation,Personnel
1412,144,4dd95de3-60bd-8f86-535b-7f7bcd1da8f4,6,1,20251104,1042,15,1,17,0,0,Jack Studios Inc,Personnel
1413,137,3c9618b5-2a2c-d9fa-cc60-f2975e5b27e7,6,1,20260210,864,8,1,14,0,0,Jack Studios Inc,Personnel
1414,145,3f12fd9e-d31c-8d77-1592-74fca76e381d,6,1,20251229,822,11,1,13,0,0,Jack Studios Inc,Personnel
1415,125,cf4f3f3d-0434-f205-4e89-517868addc3c,5,2,20251126,833,2,1,13,0,0,Convene 31,Personnel
1416,268,a90ebc3f-39db-7d6c-5d1c-27e1c8522485,20,3,20251230,629,7,1,10,0,0,West Monroe,Personnel
1417,92,03eadd55-3ced-2f7e-5dd1-f62d068a2039,4,2,20251126,578,20,1,9,0,0,Convene,Personnel
1418,223,64591253-d8a1-c945-7861-f0fb97b6b787,13,2,20260120,920,13,1,15,0,0,Roku,Personnel
1419,47,e5bb0261-31de-5a9b-042f-3bb56524da0f,1,1,20260202,755,9,1,12,0,0,The New York & Presbyterian,Personnel
1420,115,5c36f1c8-79da-fb49-82f6-19d3198b6f66,5,2,20260211,856,11,1,14,0,1,Convene 31,Personnel
1421,280,1bfe9ae5-b9d6-6ee7-764a-1586870ca6a3,22,5,20260128,700,15,1,11,0,0,JP Morgan Chase,Personnel
1422,265,ec09cf85-b854-2abc-779a-1605be0c0c22,19,2,20251218,519,5,1,8,0,0,Elite Model World,Personnel
1423,290,d0d05c5a-d126-2a11-8f39-c42e82fe97cd,25,3,20251112,1008,7,1,16,0,0,Persistent Systems LLC,Personnel
1424,130,189cfb80-115b-eb17-a31a-880583466263,5,2,20251211,857,9,1,14,0,0,Convene 31,Personnel
1425,248,7b7ec8a5-9ff2-75e0-6f53-0251394f0bbf,16,5,20260129,762,6,1,12,0,0,Guidehouse,Personnel
1426,130,189cfb80-115b-eb17-a31a-880583466263,5,2,20251106,686,3,1,11,0,0,Convene 31,Personnel
1427,215,df3e6e35-3f5a-2740-deb4-f942c4ba5a53,12,3,20251215,678,18,1,11,0,0,Palantir & Current,Personnel
1428,43,919204f7-7dee-8acb-e7b3-3ef5d96ba78a,1,1,20260205,596,20,1,9,0,0,The New York & Presbyterian,Personnel
1429,114,2b0b6f7b-5406-8dd1-bd02-5ac3d62bfc1d,5,2,20260129,498,2,1,8,0,0,Convene 31,Personnel
1430,290,d0d05c5a-d126-2a11-8f39-c42e82fe97cd,25,3,20260203,778,15,1,12,0,0,Persistent Systems LLC,Personnel
1431,151,f4437f79-b809-babf-867d-1cbfb38b65de,7,3,20251110,555,16,1,9,0,0,Mizuho Americas Services,Personnel
1432,283,d78d002f-d488-cc39-5712-dacc8d653be0,23,5,20260129,718,3,2,11,0,0,Cahill Gordon,Visitor
1433,203,9ce2f2fe-36ca-6264-67a0-3d567fb7112d,10,4,20260211,864,3,1,14,0,0,Linhart Dentistry,Personnel
1434,258,e81e9a0c-ff15-f54a-0c0b-84b7b67152d6,18,1,20251212,649,14,1,10,0,0,RXR (75 Rock),Personnel
1435,21,646e7270-9d3f-9b83-6bd5-8a2a9a3991a8,1,1,20260128,896,9,1,14,0,0,The New York & Presbyterian,Personnel
1436,157,205f2f81-1c15-659b-9c72-31ac33184cb7,7,3,20251112,684,9,2,11,0,0,Mizuho Americas Services,Visitor
1437,247,5bf977b9-12f1-0097-96ed-7909951f0e03,16,5,20260120,1079,20,2,17,0,0,Guidehouse,Visitor
1438,158,38028e2e-fa7f-638f-0fce-56f79a5df419,7,3,20251217,705,6,1,11,0,0,Mizuho Americas Services,Personnel
1439,40,04dc731f-2ef1-8704-e4de-276732484f66,1,1,20251216,925,18,1,15,0,0,The New York & Presbyterian,Personnel
1440,15,b2ada4a6-2d7c-24f6-21f3-67c7c4c4949f,1,1,20251203,651,8,1,10,0,0,The New York & Presbyterian,Personnel
1441,209,590e0260-8fc2-da42-0091-28adacf8f045,11,4,20251224,844,11,1,14,0,0,RGN-New York XXXII LLC,Personnel
1442,260,55b685d7-cb6a-2792-18a6-efbc096bb8b5,18,1,20260211,491,1,1,8,0,0,RXR (75 Rock),Personnel
1443,196,8bf33d70-3ae6-fe04-9f43-827a2b067afe,10,4,20251219,711,2,2,11,0,0,Linhart Dentistry,Visitor
1444,194,8fb5a23e-c950-ce69-f06a-d956a373c054,9,1,20251222,578,19,1,9,0,0,Warburg Pincus,Personnel
1445,24,052d3456-bf63-939b-e6bb-264b60d69376,1,1,20260211,648,12,1,10,0,0,The New York & Presbyterian,Personnel
1446,78,c1f4fada-315b-5e69-40a6-c927127e4bc6,3,2,20251223,695,4,1,11,0,0,FASHIONPHILE,Personnel
1447,191,56bc0763-8481-d2f9-a9b6-47775ab88a12,9,1,20260114,544,16,1,9,0,1,Warburg Pincus,Personnel
1448,47,e5bb0261-31de-5a9b-042f-3bb56524da0f,1,1,20260128,730,17,1,12,0,1,The New York & Presbyterian,Personnel
1449,271,a2511fec-1f3a-7111-e606-33a9a975560b,20,3,20251222,1060,19,1,17,0,0,West Monroe,Personnel
1450,252,9233d4c3-f3c0-1d56-f8b9-820ebc1f2d46,17,4,20260106,684,2,2,11,0,0,StoneX Group Inc,Visitor
1451,48,44448012-1132-7e36-978e-8e3a6ab9c301,2,1,20251120,543,2,1,9,0,0,Ralph Lauren Corporation,Personnel
1452,153,ddeb3ac4-389b-27ba-5455-8f414064225e,7,3,20260120,817,8,1,13,0,0,Mizuho Americas Services,Personnel
1453,113,02d248e3-0a37-d1a7-4db0-e02909f69500,5,2,20251216,775,9,1,12,0,0,Convene 31,Personnel
1454,78,c1f4fada-315b-5e69-40a6-c927127e4bc6,3,2,20251231,715,13,2,11,0,0,FASHIONPHILE,Visitor
1455,192,9fe06dd1-66c9-decf-2075-a2b9694ed7e8,9,1,20251121,885,12,1,14,0,0,Warburg Pincus,Personnel
1456,136,ab73affd-8024-03e9-753c-aa05046497be,6,1,20251203,864,9,1,14,0,0,Jack Studios Inc,Personnel
1457,164,5b0ff123-0d52-9813-8770-9f1fda62fd59,7,3,20260113,634,10,2,10,0,1,Mizuho Americas Services,Visitor
1458,246,90ed8305-1457-8457-1b71-fc951c8fab19,16,5,20260203,892,2,1,14,0,0,Guidehouse,Personnel
1459,109,3b37bdc4-87df-7820-d73c-89df2b0beb7c,4,2,20251209,545,9,2,9,0,0,Convene,Visitor
1460,83,31c5450d-bf71-704f-206f-931c01fc159a,3,2,20260116,618,12,2,10,0,0,FASHIONPHILE,Visitor
1461,198,37fec987-e539-7968-dc35-a1d5b60213be,10,4,20260105,958,13,1,15,0,0,Linhart Dentistry,Personnel
1462,149,b7dfb126-b616-4b1c-2bee-30df88784719,6,1,20260205,582,16,1,9,0,0,Jack Studios Inc,Personnel
1463,205,d623c737-d3ef-e076-3595-0a824e9a48e3,11,4,20251104,757,11,1,12,0,0,RGN-New York XXXII LLC,Personnel
1464,6,7ca47c89-8972-22b9-acc5-726e7ea166fe,1,1,20251105,699,10,1,11,0,0,The New York & Presbyterian,Personnel
1465,205,d623c737-d3ef-e076-3595-0a824e9a48e3,11,4,20260115,772,5,1,12,0,0,RGN-New York XXXII LLC,Personnel
1466,180,4cd6b1a1-d78e-20cf-d347-f0dc907db867,8,3,20251216,450,13,1,7,0,0,Amazon,Personnel
1467,73,4fd57be5-20d0-23f0-d53b-7cf8abbae1a1,3,2,20251224,659,18,1,10,0,0,FASHIONPHILE,Personnel
1468,78,c1f4fada-315b-5e69-40a6-c927127e4bc6,3,2,20251117,587,10,1,9,1,1,FASHIONPHILE,Personnel
1469,193,855f28c6-1a3d-3f6a-b16a-357f814296fe,9,1,20260122,601,19,1,10,0,1,Warburg Pincus,Personnel
1470,262,33bceaa6-7a1b-02c3-2dfa-cb17d36d9bc9,19,2,20260127,549,12,1,9,0,0,Elite Model World,Personnel
1471,259,7632e70d-a55a-de63-d58c-42dbc930b1ca,18,1,20251222,644,1,1,10,0,0,RXR (75 Rock),Personnel
1472,273,0a599632-f038-589e-cfe0-546e2b53aafc,21,4,20260211,1065,10,1,17,0,0,STRAUB COLLABORATIVE,Personnel
1473,70,dc721279-ece4-8963-1b9a-75808b9c7959,3,2,20260204,596,9,1,9,0,0,FASHIONPHILE,Personnel
1474,202,9f502a29-f707-81f3-3376-d335be6c6225,10,4,20251229,695,18,1,11,0,0,Linhart Dentistry,Personnel
1475,284,c43eba0b-e813-b4fa-e8a4-8894f7f2564e,23,5,20251106,1078,13,2,17,0,0,Cahill Gordon,Visitor
1476,289,01505081-ecee-56f3-fa61-e12120ca2911,25,3,20251201,843,1,1,14,0,0,Persistent Systems LLC,Personnel
1477,15,b2ada4a6-2d7c-24f6-21f3-67c7c4c4949f,1,1,20251208,1164,4,1,19,0,0,The New York & Presbyterian,Personnel
1478,22,eeb8e8ac-8fc3-f64e-6863-3501605d92e7,1,1,20251226,824,2,1,13,0,0,The New York & Presbyterian,Personnel
1479,118,7f69be5f-db4a-fafa-815f-f52841f1cddb,5,2,20251124,661,3,1,11,0,0,Convene 31,Personnel
1480,194,8fb5a23e-c950-ce69-f06a-d956a373c054,9,1,20260128,767,12,2,12,0,0,Warburg Pincus,Visitor
1481,255,7ac90808-30b5-2af4-931f-6f843de8f4a1,18,1,20251119,563,17,1,9,1,1,RXR (75 Rock),Personnel
1482,67,999cf579-8379-0fd7-4173-fa6279681752,2,1,20251201,542,9,2,9,0,1,Ralph Lauren Corporation,Visitor
1483,51,f228fd16-3afd-dab9-0bfc-fb69a5a2f572,2,1,20251104,578,14,1,9,1,1,Ralph Lauren Corporation,Personnel
1484,155,c15dc3c6-879b-4d76-efcb-fcb55d1e6214,7,3,20251128,594,15,1,9,0,0,Mizuho Americas Services,Personnel
1485,266,e0e3b519-3187-0247-45e0-82d954c47c38,19,2,20251105,747,20,1,12,0,0,Elite Model World,Personnel
1486,249,db81b5e0-ed39-264c-eec1-fbd4b229af8b,17,4,20260130,600,12,1,10,0,0,StoneX Group Inc,Personnel
1487,261,91a0e8b1-4f94-74a2-3569-abf1db9a9784,19,2,20260109,920,3,1,15,0,0,Elite Model World,Personnel
1488,151,f4437f79-b809-babf-867d-1cbfb38b65de,7,3,20260203,905,6,1,15,0,0,Mizuho Americas Services,Personnel
1489,223,64591253-d8a1-c945-7861-f0fb97b6b787,13,2,20260102,648,17,1,10,0,0,Roku,Personnel
1490,21,646e7270-9d3f-9b83-6bd5-8a2a9a3991a8,1,1,20251118,809,8,2,13,0,0,The New York & Presbyterian,Visitor
1491,17,d10ba14a-4540-8890-ec84-75ca06c8cf7f,1,1,20260122,544,15,1,9,0,0,The New York & Presbyterian,Personnel
1492,253,2a84fae7-ad6e-ceb2-50a5-ea605b912601,17,4,20251216,901,7,1,15,0,0,StoneX Group Inc,Personnel
1493,43,919204f7-7dee-8acb-e7b3-3ef5d96ba78a,1,1,20251201,733,11,1,12,0,0,The New York & Presbyterian,Personnel
1494,192,9fe06dd1-66c9-decf-2075-a2b9694ed7e8,9,1,20251230,509,14,1,8,0,0,Warburg Pincus,Personnel
1495,202,9f502a29-f707-81f3-3376-d335be6c6225,10,4,20260210,529,15,1,8,0,0,Linhart Dentistry,Personnel
1496,164,5b0ff123-0d52-9813-8770-9f1fda62fd59,7,3,20251215,880,9,1,14,1,1,Mizuho Americas Services,Personnel
1497,237,d6c4cde6-4b32-3805-b330-42c08d876ff8,15,5,20260123,583,7,1,9,0,0,Canada,Personnel
1498,204,03a19036-8e1d-d5eb-126f-9ddd281332bd,10,4,20251126,749,12,1,12,0,1,Linhart Dentistry,Personnel
1499,71,90b1141d-899f-c9b1-5caa-d5d3fa56aec6,3,2,20251231,757,4,1,12,0,0,FASHIONPHILE,Personnel
1500,15,b2ada4a6-2d7c-24f6-21f3-67c7c4c4949f,1,1,20251209,480,18,1,8,0,0,The New York & Presbyterian,Personnel
1501,271,a2511fec-1f3a-7111-e606-33a9a975560b,20,3,20251203,608,16,1,10,0,0,West Monroe,Personnel
1502,93,521488bc-f348-10d4-47b4-0548ba769264,4,2,20260116,360,8,2,6,0,0,Convene,Visitor
1503,71,90b1141d-899f-c9b1-5caa-d5d3fa56aec6,3,2,20251209,604,18,1,10,1,1,FASHIONPHILE,Personnel
1504,176,9d09c906-b028-0a68-3472-00433d506de3,8,3,20260107,584,10,1,9,0,1,Amazon,Personnel
1505,278,7f1f3fd9-b63c-71e8-2fe8-ffbadff9d442,22,5,20260204,820,4,1,13,0,0,JP Morgan Chase,Personnel
1506,177,4126361d-64f5-b5ab-3688-87d343197bdf,8,3,20251210,683,18,1,11,0,0,Amazon,Personnel
1507,98,098e9e87-dc8e-cac5-61d0-7922263d5f20,4,2,20251222,556,7,1,9,0,0,Convene,Personnel
1508,219,cecd1073-da2a-5a10-5f46-85b996d993b2,12,3,20260107,803,18,1,13,1,1,Palantir & Current,Personnel
1509,242,31e4ed7f-6ad8-3e3d-e6cb-326ef7ee9a48,15,5,20251222,953,13,1,15,0,0,Canada,Personnel
1510,95,42dfc728-7fda-d46f-e62f-a902faf6bf8a,4,2,20260211,672,19,2,11,0,0,Convene,Visitor
1511,212,22641690-d15c-01b2-9564-f5f9e3fc371e,11,4,20260210,660,6,1,11,0,0,RGN-New York XXXII LLC,Personnel
1512,274,446d13ab-c32f-2891-362f-54a2fc21d6ad,21,4,20251126,621,6,1,10,0,0,STRAUB COLLABORATIVE,Personnel
1513,234,91efdb7f-828d-bfab-30e1-95c5293e2e9d,14,1,20251208,867,17,1,14,0,0,32 BJ Union,Personnel
1514,181,ac4dc73d-cbad-8afc-bba6-e296288a1b0f,8,3,20251208,813,9,1,13,0,1,Amazon,Personnel
1515,58,d112b16f-b0e9-f3be-51db-58d0756e8327,2,1,20251223,866,2,1,14,0,0,Ralph Lauren Corporation,Personnel
1516,227,0d07eedf-aa28-8d27-15ab-2292b9377e9c,13,2,20251210,482,20,1,8,0,0,Roku,Personnel
1517,240,8d633117-fe5b-8fd9-ca5c-aa6074d48c2c,15,5,20251211,549,12,2,9,0,0,Canada,Visitor
1518,145,3f12fd9e-d31c-8d77-1592-74fca76e381d,6,1,20251104,510,6,2,8,0,0,Jack Studios Inc,Visitor
1519,228,1a2abf01-34ee-fdd9-5fab-ed59f55edec7,13,2,20251118,615,17,2,10,0,0,Roku,Visitor
1520,280,1bfe9ae5-b9d6-6ee7-764a-1586870ca6a3,22,5,20251209,510,10,1,8,0,0,JP Morgan Chase,Personnel
1521,15,b2ada4a6-2d7c-24f6-21f3-67c7c4c4949f,1,1,20260106,769,18,1,12,0,0,The New York & Presbyterian,Personnel
1522,274,446d13ab-c32f-2891-362f-54a2fc21d6ad,21,4,20251125,657,17,1,10,0,0,STRAUB COLLABORATIVE,Personnel
1523,196,8bf33d70-3ae6-fe04-9f43-827a2b067afe,10,4,20260212,626,1,1,10,0,0,Linhart Dentistry,Personnel
1524,257,14d78cd4-f5bf-c561-0ba5-773c85696511,18,1,20260211,588,18,1,9,1,1,RXR (75 Rock),Personnel
1525,101,fde7ddd2-b63c-db47-391f-f55398bfe71b,4,2,20251119,626,1,1,10,0,0,Convene,Personnel
1526,86,d4dac8df-d0a9-d3dc-b8cc-a497880cb866,3,2,20260108,691,12,1,11,1,1,FASHIONPHILE,Personnel
1527,241,d6c97267-2383-8b3e-c3af-678cb50c254f,15,5,20260203,798,20,1,13,0,0,Canada,Personnel
1528,57,08c9058c-e891-3cac-4f9e-74d35273bef6,2,1,20260106,763,1,1,12,1,1,Ralph Lauren Corporation,Personnel
1529,9,aa635e25-eb44-0f77-7265-6f69a1ea0dec,1,1,20251229,682,3,1,11,0,0,The New York & Presbyterian,Personnel
1530,151,f4437f79-b809-babf-867d-1cbfb38b65de,7,3,20251223,462,15,1,7,0,1,Mizuho Americas Services,Personnel
1531,14,e3fc40c8-6c2f-e54c-7607-a0d3d529e8da,1,1,20260113,693,20,1,11,0,1,The New York & Presbyterian,Personnel
1532,104,41ed446f-8949-ce63-27de-5fa29551077d,4,2,20260105,496,15,1,8,0,0,Convene,Personnel
1533,60,99d7efa5-6b53-ab32-795f-54bf7cef5409,2,1,20251222,531,19,1,8,1,1,Ralph Lauren Corporation,Personnel
1534,158,38028e2e-fa7f-638f-0fce-56f79a5df419,7,3,20260129,792,15,2,13,0,0,Mizuho Americas Services,Visitor
1535,251,cbc36bef-5a5f-9e73-0222-2ec1b285b0f7,17,4,20251230,861,8,1,14,0,0,StoneX Group Inc,Personnel
1536,261,91a0e8b1-4f94-74a2-3569-abf1db9a9784,19,2,20260109,831,14,2,13,0,0,Elite Model World,Visitor
1537,9,aa635e25-eb44-0f77-7265-6f69a1ea0dec,1,1,20260109,582,15,1,9,0,0,The New York & Presbyterian,Personnel
1538,166,659d225e-18f6-f111-07b0-49fa215b966f,8,3,20251210,954,14,1,15,0,0,Amazon,Personnel
1539,270,73bb9f6d-c3c0-6f1e-4665-ee85cb5dbfed,20,3,20251216,892,3,2,14,0,0,West Monroe,Visitor
1540,123,10e3b296-1542-653f-832b-fcb99f0f2dbb,5,2,20260129,638,20,1,10,0,0,Convene 31,Personnel
1541,176,9d09c906-b028-0a68-3472-00433d506de3,8,3,20260209,542,4,2,9,0,0,Amazon,Visitor
1542,39,f88439d0-9fc6-8301-3ade-cda1008fd51c,1,1,20260130,522,13,1,8,0,0,The New York & Presbyterian,Personnel
1543,242,31e4ed7f-6ad8-3e3d-e6cb-326ef7ee9a48,15,5,20260205,974,17,2,16,0,0,Canada,Visitor
1544,123,10e3b296-1542-653f-832b-fcb99f0f2dbb,5,2,20251126,1043,9,1,17,0,1,Convene 31,Personnel
1545,215,df3e6e35-3f5a-2740-deb4-f942c4ba5a53,12,3,20260209,633,1,2,10,0,0,Palantir & Current,Visitor
1546,266,e0e3b519-3187-0247-45e0-82d954c47c38,19,2,20251111,782,2,1,13,0,0,Elite Model World,Personnel
1547,129,ed3833c8-428b-cb03-9b7f-4bd255ecab7a,5,2,20260129,655,10,1,10,0,0,Convene 31,Personnel
1548,124,c751cc4a-36fc-f9ae-a6d8-ab1f25da3e8d,5,2,20251201,841,10,1,14,0,0,Convene 31,Personnel
1549,212,22641690-d15c-01b2-9564-f5f9e3fc371e,11,4,20260122,703,6,1,11,0,0,RGN-New York XXXII LLC,Personnel
1550,106,d16a67bf-092e-4624-a8ac-ea9ee22e6395,4,2,20260113,577,13,1,9,0,0,Convene,Personnel
1551,39,f88439d0-9fc6-8301-3ade-cda1008fd51c,1,1,20260113,821,15,1,13,0,0,The New York & Presbyterian,Personnel
1552,94,c666fcc8-ce0e-93fe-a94b-6c0f8384ed78,4,2,20251103,841,18,1,14,0,0,Convene,Personnel
1553,264,3ad3e6dc-3c16-70e7-c47c-d2bba5b7aa2d,19,2,20251118,723,8,2,12,0,0,Elite Model World,Visitor
1554,220,497d40bf-37e1-9b96-fd63-df0c25ff2662,12,3,20251203,557,16,1,9,0,0,Palantir & Current,Personnel
1555,17,d10ba14a-4540-8890-ec84-75ca06c8cf7f,1,1,20260116,639,3,1,10,0,0,The New York & Presbyterian,Personnel
1556,199,91af50fc-e08a-fe5b-a49f-70c0057b19d8,10,4,20251223,792,14,1,13,0,0,Linhart Dentistry,Personnel
1557,197,f574c172-0495-7752-55a9-a473e6a7e108,10,4,20260123,613,15,1,10,0,0,Linhart Dentistry,Personnel
1558,284,c43eba0b-e813-b4fa-e8a4-8894f7f2564e,23,5,20260205,804,4,1,13,0,0,Cahill Gordon,Personnel
1559,120,92c5f84d-48e8-98a9-1d3b-a4a31764e199,5,2,20260130,820,13,1,13,0,0,Convene 31,Personnel
1560,115,5c36f1c8-79da-fb49-82f6-19d3198b6f66,5,2,20251208,549,16,2,9,0,0,Convene 31,Visitor
1561,7,1d2a6e46-8de1-6bb4-5927-fe7483fc0f15,1,1,20251124,713,18,1,11,0,1,The New York & Presbyterian,Personnel
1562,7,1d2a6e46-8de1-6bb4-5927-fe7483fc0f15,1,1,20260113,560,16,1,9,0,0,The New York & Presbyterian,Personnel
1563,112,59fe0e04-8bc5-8487-f8d8-cc36649d002a,5,2,20251218,984,4,1,16,0,0,Convene 31,Personnel
1564,138,8f0d0049-0a58-d530-3f5b-8da2eae40ca1,6,1,20251204,856,8,1,14,0,0,Jack Studios Inc,Personnel
1565,139,6a463b15-8a30-fb2e-3638-d3577130c933,6,1,20251217,679,8,1,11,0,0,Jack Studios Inc,Personnel
1566,87,5c98abce-f087-ebcf-8e97-044df72d9ff9,3,2,20260126,500,15,2,8,0,0,FASHIONPHILE,Visitor
1567,291,82319bfe-4e81-3d03-1b81-2a288c5db69c,26,4,20260209,1062,11,1,17,0,0,The Bliss Group,Personnel
1568,102,87d756d6-6ccb-890e-7763-c3cfdc28593c,4,2,20260114,648,18,1,10,0,0,Convene,Personnel
1569,295,a120e9ae-cd3d-2774-8b69-8b9cc078085f,28,1,20251217,773,18,1,12,1,1,BasePoint Capital,Personnel
1570,38,f361245f-e671-ec9c-9d65-5fb5b1c5589a,1,1,20251110,590,2,2,9,0,0,The New York & Presbyterian,Visitor
1571,274,446d13ab-c32f-2891-362f-54a2fc21d6ad,21,4,20251201,734,10,2,12,0,0,STRAUB COLLABORATIVE,Visitor
1572,178,0dcf15f5-f087-d43f-3abf-2990bda5c0eb,8,3,20260107,509,11,1,8,0,1,Amazon,Personnel
1573,98,098e9e87-dc8e-cac5-61d0-7922263d5f20,4,2,20251128,593,19,1,9,0,0,Convene,Personnel
1574,252,9233d4c3-f3c0-1d56-f8b9-820ebc1f2d46,17,4,20251223,824,12,1,13,0,0,StoneX Group Inc,Personnel
1575,295,a120e9ae-cd3d-2774-8b69-8b9cc078085f,28,1,20251124,640,17,1,10,0,0,BasePoint Capital,Personnel
1576,33,60b23c89-4e26-4556-62b4-fa6c336f3b03,1,1,20251217,724,4,2,12,0,0,The New York & Presbyterian,Visitor
1577,220,497d40bf-37e1-9b96-fd63-df0c25ff2662,12,3,20260120,544,6,1,9,0,0,Palantir & Current,Personnel
1578,30,4e1af473-f76e-fffe-a917-9337b77b9367,1,1,20260127,712,11,1,11,0,0,The New York & Presbyterian,Personnel
1579,285,eae4723b-011f-2bd7-dade-baa4b6cbd10c,23,5,20260203,487,7,1,8,0,1,Cahill Gordon,Personnel
1580,57,08c9058c-e891-3cac-4f9e-74d35273bef6,2,1,20251125,577,2,1,9,1,1,Ralph Lauren Corporation,Personnel
1581,84,cc25526b-04dc-297d-5067-9e9dc03bb11a,3,2,20260210,539,16,1,8,0,1,FASHIONPHILE,Personnel
1582,281,5906391c-98ac-9145-f1b8-eeb8dc7d87e1,22,5,20260114,635,2,1,10,0,0,JP Morgan Chase,Personnel
1583,290,d0d05c5a-d126-2a11-8f39-c42e82fe97cd,25,3,20251229,722,13,2,12,0,0,Persistent Systems LLC,Visitor
1584,96,89504b4e-ae35-7bfd-750e-2aa682407952,4,2,20260108,702,2,1,11,0,0,Convene,Personnel
1585,126,d80a8c59-718d-8c54-c7c2-57413d97f336,5,2,20260115,796,14,2,13,0,0,Convene 31,Visitor
1586,242,31e4ed7f-6ad8-3e3d-e6cb-326ef7ee9a48,15,5,20251104,655,6,1,10,0,0,Canada,Personnel
1587,189,9542698a-0ae9-fb94-816f-b5e4e9b773d6,9,1,20260107,567,3,1,9,0,0,Warburg Pincus,Personnel
1588,145,3f12fd9e-d31c-8d77-1592-74fca76e381d,6,1,20260210,541,17,1,9,0,0,Jack Studios Inc,Personnel
1589,269,c33a4658-a168-19f8-0fdf-c70240a735b2,20,3,20260204,810,19,1,13,0,0,West Monroe,Personnel
1590,106,d16a67bf-092e-4624-a8ac-ea9ee22e6395,4,2,20260123,690,2,1,11,0,0,Convene,Personnel
1591,107,eb36e847-ced1-f9a9-6ca2-16ddecbaddac,4,2,20251231,891,15,1,14,0,0,Convene,Personnel
1592,128,ed81938b-93f2-450a-0a47-5d2814e66a0b,5,2,20260211,942,15,1,15,0,0,Convene 31,Personnel
1593,69,9b0b5824-3206-0961-db19-b5a6bf2ff3bf,2,1,20260108,705,1,1,11,1,1,Ralph Lauren Corporation,Personnel
1594,253,2a84fae7-ad6e-ceb2-50a5-ea605b912601,17,4,20260116,704,17,1,11,0,0,StoneX Group Inc,Personnel
1595,32,1aeab4a0-da16-2190-a658-562d7c11544d,1,1,20251204,885,12,1,14,0,0,The New York & Presbyterian,Personnel
1596,218,72155ecc-855c-c933-e439-202dd8bef13c,12,3,20251120,619,1,1,10,0,0,Palantir & Current,Personnel
1597,231,8a01651e-3227-a1ff-b6ce-8605a146c5b6,14,1,20260114,573,5,1,9,0,0,32 BJ Union,Personnel
1598,239,a9766ed5-372c-23b0-e73d-249fe0a9fb20,15,5,20260122,784,9,2,13,0,0,Canada,Visitor
1599,250,88dea244-089b-b75c-436e-55fe69ea8c46,17,4,20251125,980,9,1,16,0,0,StoneX Group Inc,Personnel
1600,19,4d5f09e3-1c7d-aa87-f59d-42bb347b7eee,1,1,20251125,645,18,2,10,0,0,The New York & Presbyterian,Visitor
1601,198,37fec987-e539-7968-dc35-a1d5b60213be,10,4,20251217,1080,19,1,18,0,0,Linhart Dentistry,Personnel
1602,104,41ed446f-8949-ce63-27de-5fa29551077d,4,2,20260114,526,6,1,8,0,0,Convene,Personnel
1603,36,fcc99495-138a-c336-7dea-1cdb18d9c42d,1,1,20251203,584,1,1,9,0,0,The New York & Presbyterian,Personnel
1604,68,d85cabd3-2f4e-6197-136d-8226a2ad4942,2,1,20251205,811,10,1,13,0,0,Ralph Lauren Corporation,Personnel
1605,115,5c36f1c8-79da-fb49-82f6-19d3198b6f66,5,2,20251119,736,2,1,12,0,1,Convene 31,Personnel
1606,242,31e4ed7f-6ad8-3e3d-e6cb-326ef7ee9a48,15,5,20260127,612,2,1,10,0,0,Canada,Personnel
1607,219,cecd1073-da2a-5a10-5f46-85b996d993b2,12,3,20251125,678,13,1,11,0,1,Palantir & Current,Personnel
1608,176,9d09c906-b028-0a68-3472-00433d506de3,8,3,20251219,638,1,1,10,0,0,Amazon,Personnel
1609,49,9bcf2ab9-9349-5f34-8929-f09089a4f0b0,2,1,20260121,550,9,1,9,0,0,Ralph Lauren Corporation,Personnel
1610,204,03a19036-8e1d-d5eb-126f-9ddd281332bd,10,4,20251103,863,14,1,14,0,1,Linhart Dentistry,Personnel
1611,94,c666fcc8-ce0e-93fe-a94b-6c0f8384ed78,4,2,20260128,691,20,1,11,0,0,Convene,Personnel
1612,266,e0e3b519-3187-0247-45e0-82d954c47c38,19,2,20260127,489,6,1,8,0,0,Elite Model World,Personnel
1613,119,e6037a42-644e-0795-4680-a004d2c20519,5,2,20251112,490,17,2,8,0,0,Convene 31,Visitor
1614,107,eb36e847-ced1-f9a9-6ca2-16ddecbaddac,4,2,20260121,615,9,1,10,0,0,Convene,Personnel
1615,63,3892c748-1b8a-ebb3-27d5-b38e42c730a4,2,1,20251128,565,19,1,9,0,0,Ralph Lauren Corporation,Personnel
1616,229,97a05e30-149a-42c8-bfff-6430a1061ef4,14,1,20251224,577,9,1,9,0,0,32 BJ Union,Personnel
1617,80,7177c969-6142-596d-d4e9-d67633d1e383,3,2,20251226,591,14,1,9,0,0,FASHIONPHILE,Personnel
1618,267,2ace2df6-eb35-0f29-8157-5366ab0eafb7,20,3,20251217,499,5,2,8,0,0,West Monroe,Visitor
1619,58,d112b16f-b0e9-f3be-51db-58d0756e8327,2,1,20251120,537,1,2,8,0,0,Ralph Lauren Corporation,Visitor
1620,261,91a0e8b1-4f94-74a2-3569-abf1db9a9784,19,2,20260212,607,13,1,10,0,0,Elite Model World,Personnel
1621,172,02e8d818-a0ec-2701-0ff7-1221a482b10f,8,3,20251231,587,12,1,9,0,0,Amazon,Personnel
1622,258,e81e9a0c-ff15-f54a-0c0b-84b7b67152d6,18,1,20260113,716,9,1,11,1,1,RXR (75 Rock),Personnel
1623,3,bc0a8b13-9278-8b74-40b5-c505a31bc64a,1,1,20260210,602,15,2,10,0,0,The New York & Presbyterian,Visitor
1624,245,84a684b8-9fb8-45e8-6452-2610914afae7,16,5,20251215,606,10,1,10,0,0,Guidehouse,Personnel
1625,226,97bf0c03-ec79-b168-9c70-3bc506983b03,13,2,20251124,719,3,1,11,0,0,Roku,Personnel
1626,185,6df446b4-8d31-8187-f010-5c19b41c8cc9,9,1,20260106,883,19,1,14,0,0,Warburg Pincus,Personnel
1627,122,27b115fb-2055-2c0d-2411-0dd0f97236f7,5,2,20251222,1069,1,1,17,0,0,Convene 31,Personnel
1628,244,7d46b8c4-ff9d-c479-a816-0a9a992e63f9,16,5,20260123,546,1,1,9,0,0,Guidehouse,Personnel
1629,249,db81b5e0-ed39-264c-eec1-fbd4b229af8b,17,4,20251113,713,17,1,11,0,0,StoneX Group Inc,Personnel
1630,292,8e96a1f0-ce5a-0b2f-1a36-99a2372b98c6,26,4,20260212,893,1,1,14,0,0,The Bliss Group,Personnel
1631,1,a2d996fc-9e97-16e4-3c98-80a889ae7c23,1,1,20260112,548,3,1,9,0,1,The New York & Presbyterian,Personnel
1632,235,f06e7818-c806-e815-6f72-0adca9c98da0,14,1,20260120,880,11,1,14,0,0,32 BJ Union,Personnel
1633,103,35b30d2f-1b6c-cfc5-0e89-270841512c15,4,2,20251231,734,15,1,12,0,0,Convene,Personnel
1634,177,4126361d-64f5-b5ab-3688-87d343197bdf,8,3,20251120,718,14,1,11,0,0,Amazon,Personnel
1635,225,063184eb-9f84-9834-0dfd-435c403cb9b5,13,2,20251103,887,19,1,14,1,1,Roku,Personnel
1636,170,b9049117-bef6-b91f-fd9f-2b2a444e86d1,8,3,20260128,853,3,1,14,0,0,Amazon,Personnel
1637,227,0d07eedf-aa28-8d27-15ab-2292b9377e9c,13,2,20251222,699,4,1,11,0,0,Roku,Personnel
1638,24,052d3456-bf63-939b-e6bb-264b60d69376,1,1,20251217,657,13,1,10,0,0,The New York & Presbyterian,Personnel
1639,35,716919e4-8bfe-3ef4-160a-34318ca8fdfc,1,1,20260106,621,2,1,10,0,0,The New York & Presbyterian,Personnel
1640,10,0277cfb8-1a69-f658-b217-40ab8c44af4a,1,1,20251205,502,20,1,8,0,1,The New York & Presbyterian,Personnel
1641,235,f06e7818-c806-e815-6f72-0adca9c98da0,14,1,20260120,728,8,2,12,0,0,32 BJ Union,Visitor
1642,264,3ad3e6dc-3c16-70e7-c47c-d2bba5b7aa2d,19,2,20251203,624,3,1,10,0,0,Elite Model World,Personnel
1643,237,d6c4cde6-4b32-3805-b330-42c08d876ff8,15,5,20260121,812,9,1,13,0,0,Canada,Personnel
1644,28,3919f338-f22c-dcca-a980-b6d5b90849fd,1,1,20251209,567,15,1,9,0,0,The New York & Presbyterian,Personnel
1645,3,bc0a8b13-9278-8b74-40b5-c505a31bc64a,1,1,20260206,645,14,2,10,0,0,The New York & Presbyterian,Visitor
1646,24,052d3456-bf63-939b-e6bb-264b60d69376,1,1,20251121,770,10,1,12,0,0,The New York & Presbyterian,Personnel
1647,222,22ee28a3-fcbf-eeaf-5ca2-d3f07c062749,13,2,20251208,511,20,1,8,0,0,Roku,Personnel
1648,230,0cb306f5-6af0-a4a4-ce4e-7234015e9032,14,1,20251229,826,6,1,13,0,0,32 BJ Union,Personnel
1649,68,d85cabd3-2f4e-6197-136d-8226a2ad4942,2,1,20251119,554,18,2,9,0,0,Ralph Lauren Corporation,Visitor
1650,250,88dea244-089b-b75c-436e-55fe69ea8c46,17,4,20251212,622,14,1,10,0,0,StoneX Group Inc,Personnel
1651,69,9b0b5824-3206-0961-db19-b5a6bf2ff3bf,2,1,20251202,551,17,1,9,0,0,Ralph Lauren Corporation,Personnel
1652,90,0237f393-aae5-d173-a32c-020eeb16207d,3,2,20251208,778,10,1,12,0,0,FASHIONPHILE,Personnel
1653,140,2383493d-e42f-25fb-ba12-41e93ea56985,6,1,20251114,551,6,1,9,0,0,Jack Studios Inc,Personnel
1654,217,a7d16a68-2ebb-fbb8-08df-7af4ea088bd8,12,3,20251231,897,8,1,14,0,0,Palantir & Current,Personnel
1655,272,ce8e4e06-9d22-ba68-1f2f-f3b5dc240587,20,3,20251119,821,15,1,13,0,0,West Monroe,Personnel
1656,7,1d2a6e46-8de1-6bb4-5927-fe7483fc0f15,1,1,20260105,626,7,1,10,0,0,The New York & Presbyterian,Personnel
1657,287,ea0ef881-5cbd-8807-49f1-d3101d4ed15e,24,2,20260108,909,4,1,15,1,1,Locality,Personnel
1658,165,5b1b0279-4f83-823f-a667-5cbadc7b4dbf,7,3,20251231,436,8,1,7,1,1,Mizuho Americas Services,Personnel
1659,115,5c36f1c8-79da-fb49-82f6-19d3198b6f66,5,2,20260102,488,4,2,8,0,0,Convene 31,Visitor
1660,10,0277cfb8-1a69-f658-b217-40ab8c44af4a,1,1,20260122,689,11,2,11,0,1,The New York & Presbyterian,Visitor
1661,126,d80a8c59-718d-8c54-c7c2-57413d97f336,5,2,20260108,669,17,1,11,0,0,Convene 31,Personnel
1662,274,446d13ab-c32f-2891-362f-54a2fc21d6ad,21,4,20251103,576,16,1,9,0,0,STRAUB COLLABORATIVE,Personnel
1663,237,d6c4cde6-4b32-3805-b330-42c08d876ff8,15,5,20251117,636,11,2,10,0,0,Canada,Visitor
1664,45,b469204b-1fee-9686-e3b9-358773052115,1,1,20251106,659,18,1,10,0,0,The New York & Presbyterian,Personnel
1665,294,fd18849c-e2ba-23c6-4b3b-bc7efc31c684,27,5,20260211,627,12,2,10,0,0,Equus Workforce,Visitor
1666,281,5906391c-98ac-9145-f1b8-eeb8dc7d87e1,22,5,20251210,607,20,1,10,0,0,JP Morgan Chase,Personnel
1667,181,ac4dc73d-cbad-8afc-bba6-e296288a1b0f,8,3,20260112,913,17,1,15,0,0,Amazon,Personnel
1668,85,2e7ec643-23c3-3688-05b9-5d7c60f10718,3,2,20251222,746,20,1,12,0,0,FASHIONPHILE,Personnel
1669,192,9fe06dd1-66c9-decf-2075-a2b9694ed7e8,9,1,20260107,635,17,1,10,0,0,Warburg Pincus,Personnel
1670,163,e32df4d1-7d9f-d2db-e826-f70d72e24d2c,7,3,20251121,557,11,1,9,0,0,Mizuho Americas Services,Personnel
1671,155,c15dc3c6-879b-4d76-efcb-fcb55d1e6214,7,3,20260126,606,10,2,10,0,0,Mizuho Americas Services,Visitor
1672,262,33bceaa6-7a1b-02c3-2dfa-cb17d36d9bc9,19,2,20251103,595,13,1,9,0,0,Elite Model World,Personnel
1673,183,d756cb75-bbb7-954e-9e8f-8a7f69895246,9,1,20251231,539,20,1,8,0,0,Warburg Pincus,Personnel
1674,205,d623c737-d3ef-e076-3595-0a824e9a48e3,11,4,20260121,805,11,1,13,0,0,RGN-New York XXXII LLC,Personnel
1675,118,7f69be5f-db4a-fafa-815f-f52841f1cddb,5,2,20260108,594,9,1,9,0,0,Convene 31,Personnel
1676,57,08c9058c-e891-3cac-4f9e-74d35273bef6,2,1,20251117,746,17,1,12,0,0,Ralph Lauren Corporation,Personnel
1677,72,cfbbe025-08e3-d4c2-bd14-8ec3e9f21f5f,3,2,20251104,741,16,1,12,0,0,FASHIONPHILE,Personnel
1678,74,301ab779-eb79-7bfc-e991-321f5a2cfbad,3,2,20251201,540,5,1,9,1,1,FASHIONPHILE,Personnel
1679,59,cc6b6a81-8e6b-00fd-b027-35ced08bbdf5,2,1,20251120,605,6,1,10,0,0,Ralph Lauren Corporation,Personnel
1680,284,c43eba0b-e813-b4fa-e8a4-8894f7f2564e,23,5,20251113,855,3,2,14,0,0,Cahill Gordon,Visitor
1681,65,cc602dda-eea9-e82b-49e4-3a3583652287,2,1,20251229,712,12,1,11,1,1,Ralph Lauren Corporation,Personnel
1682,13,aabf7434-d264-ad4f-1096-7561dd51e1d8,1,1,20260113,774,12,1,12,0,0,The New York & Presbyterian,Personnel
1683,126,d80a8c59-718d-8c54-c7c2-57413d97f336,5,2,20251113,915,5,2,15,0,0,Convene 31,Visitor
1684,214,1d0e7475-63e6-11a9-1c8f-09f4c7dad914,12,3,20251211,570,3,1,9,0,0,Palantir & Current,Personnel
1685,13,aabf7434-d264-ad4f-1096-7561dd51e1d8,1,1,20251126,700,2,1,11,0,1,The New York & Presbyterian,Personnel
1686,124,c751cc4a-36fc-f9ae-a6d8-ab1f25da3e8d,5,2,20251110,1091,4,1,18,0,0,Convene 31,Personnel
1687,260,55b685d7-cb6a-2792-18a6-efbc096bb8b5,18,1,20260106,499,1,1,8,1,1,RXR (75 Rock),Personnel
1688,198,37fec987-e539-7968-dc35-a1d5b60213be,10,4,20251117,667,16,1,11,0,0,Linhart Dentistry,Personnel
1689,222,22ee28a3-fcbf-eeaf-5ca2-d3f07c062749,13,2,20251104,857,20,2,14,0,1,Roku,Visitor
1690,248,7b7ec8a5-9ff2-75e0-6f53-0251394f0bbf,16,5,20251111,564,4,1,9,0,0,Guidehouse,Personnel
1691,197,f574c172-0495-7752-55a9-a473e6a7e108,10,4,20251201,725,4,1,12,0,0,Linhart Dentistry,Personnel
1692,107,eb36e847-ced1-f9a9-6ca2-16ddecbaddac,4,2,20251106,625,14,1,10,0,0,Convene,Personnel
1693,228,1a2abf01-34ee-fdd9-5fab-ed59f55edec7,13,2,20260126,793,9,1,13,0,0,Roku,Personnel
1694,11,16fe5474-486b-fd72-8c59-0387aa913cef,1,1,20260102,675,1,2,11,0,0,The New York & Presbyterian,Visitor
1695,253,2a84fae7-ad6e-ceb2-50a5-ea605b912601,17,4,20260108,635,1,1,10,0,0,StoneX Group Inc,Personnel
1696,136,ab73affd-8024-03e9-753c-aa05046497be,6,1,20260212,594,16,1,9,0,0,Jack Studios Inc,Personnel
1697,296,28fe66be-b334-41e0-2ebe-6cb3174df322,28,1,20260105,685,18,1,11,0,1,BasePoint Capital,Personnel
1698,99,84a32dd2-48e7-8e1f-12f0-2797395da24c,4,2,20251114,681,15,1,11,0,0,Convene,Personnel
1699,131,827ed2f0-ac49-49cb-da81-cbd09c862eea,6,1,20251210,674,15,1,11,0,1,Jack Studios Inc,Personnel
1700,226,97bf0c03-ec79-b168-9c70-3bc506983b03,13,2,20260203,647,10,1,10,0,0,Roku,Personnel
1701,85,2e7ec643-23c3-3688-05b9-5d7c60f10718,3,2,20251204,526,14,1,8,1,1,FASHIONPHILE,Personnel
1702,75,12fa863d-6565-5988-6d20-9567ff7957c9,3,2,20260112,674,14,1,11,0,0,FASHIONPHILE,Personnel
1703,213,808fb319-d439-5940-5e72-845190d0d1a9,12,3,20251114,491,9,1,8,0,0,Palantir & Current,Personnel
1704,58,d112b16f-b0e9-f3be-51db-58d0756e8327,2,1,20260129,786,10,1,13,0,0,Ralph Lauren Corporation,Personnel
1705,237,d6c4cde6-4b32-3805-b330-42c08d876ff8,15,5,20260105,657,17,1,10,0,0,Canada,Personnel
1706,120,92c5f84d-48e8-98a9-1d3b-a4a31764e199,5,2,20260205,990,16,1,16,0,0,Convene 31,Personnel
1707,37,0002703b-c8c5-cddf-f827-adfd55d36b06,1,1,20251110,752,19,1,12,0,0,The New York & Presbyterian,Personnel
1708,94,c666fcc8-ce0e-93fe-a94b-6c0f8384ed78,4,2,20251125,692,11,2,11,0,0,Convene,Visitor
1709,247,5bf977b9-12f1-0097-96ed-7909951f0e03,16,5,20251216,634,6,1,10,0,0,Guidehouse,Personnel
1710,251,cbc36bef-5a5f-9e73-0222-2ec1b285b0f7,17,4,20251224,640,14,1,10,0,0,StoneX Group Inc,Personnel
1711,141,585ccf26-4246-9083-979b-3e11ed5c96a5,6,1,20251211,558,19,1,9,0,0,Jack Studios Inc,Personnel
1712,103,35b30d2f-1b6c-cfc5-0e89-270841512c15,4,2,20260202,766,6,1,12,0,0,Convene,Personnel
1713,54,149f31a3-a77c-57a3-75cd-148a2cda2a15,2,1,20260106,729,6,1,12,0,0,Ralph Lauren Corporation,Personnel
1714,140,2383493d-e42f-25fb-ba12-41e93ea56985,6,1,20260212,599,19,1,9,0,0,Jack Studios Inc,Personnel
1715,8,9152ed5d-2b72-552b-4f3c-19909e510790,1,1,20251118,546,19,1,9,0,0,The New York & Presbyterian,Personnel
1716,33,60b23c89-4e26-4556-62b4-fa6c336f3b03,1,1,20251231,657,13,1,10,0,0,The New York & Presbyterian,Personnel
1717,84,cc25526b-04dc-297d-5067-9e9dc03bb11a,3,2,20251117,766,1,1,12,0,0,FASHIONPHILE,Personnel
1718,110,4a6dd748-301f-dd4d-c854-9018a937a9f3,4,2,20251208,656,5,2,10,0,0,Convene,Visitor
1719,94,c666fcc8-ce0e-93fe-a94b-6c0f8384ed78,4,2,20260203,742,15,1,12,0,0,Convene,Personnel
1720,100,d144b854-d786-59dd-1185-2ef56635747b,4,2,20251106,843,3,1,14,0,0,Convene,Personnel
1721,215,df3e6e35-3f5a-2740-deb4-f942c4ba5a53,12,3,20260108,770,8,1,12,0,0,Palantir & Current,Personnel
1722,256,9f8e1526-0370-9824-30f3-7e5abc851655,18,1,20251111,546,6,1,9,1,1,RXR (75 Rock),Personnel
1723,197,f574c172-0495-7752-55a9-a473e6a7e108,10,4,20251106,939,3,1,15,1,1,Linhart Dentistry,Personnel
1724,127,15ff71cd-a81e-e88e-b09e-337bdc581e13,5,2,20260102,620,9,2,10,0,0,Convene 31,Visitor
1725,175,fa3dd4f4-daed-1319-75e9-0d9772ac3c35,8,3,20260109,597,20,1,9,0,0,Amazon,Personnel
1726,145,3f12fd9e-d31c-8d77-1592-74fca76e381d,6,1,20260114,574,17,1,9,0,0,Jack Studios Inc,Personnel
1727,39,f88439d0-9fc6-8301-3ade-cda1008fd51c,1,1,20260129,691,13,2,11,0,0,The New York & Presbyterian,Visitor
1728,277,08904c1c-fe2c-e0f5-1d46-d7d3f9f826ca,21,4,20251118,777,9,1,12,0,0,STRAUB COLLABORATIVE,Personnel
1729,137,3c9618b5-2a2c-d9fa-cc60-f2975e5b27e7,6,1,20251211,582,9,1,9,0,1,Jack Studios Inc,Personnel
1730,16,826521ff-cb97-62e4-f0c7-e38139560ea2,1,1,20251114,806,19,1,13,0,1,The New York & Presbyterian,Personnel
1731,136,ab73affd-8024-03e9-753c-aa05046497be,6,1,20260127,1147,13,1,19,0,0,Jack Studios Inc,Personnel
1732,278,7f1f3fd9-b63c-71e8-2fe8-ffbadff9d442,22,5,20260128,491,18,1,8,0,0,JP Morgan Chase,Personnel
1733,133,78971143-2565-d391-6239-7d05b283d51b,6,1,20251217,810,2,1,13,0,1,Jack Studios Inc,Personnel
1734,224,8e0d1fda-f3e3-cf88-416a-d5c8cb0f750c,13,2,20251128,586,10,1,9,0,0,Roku,Personnel
1735,224,8e0d1fda-f3e3-cf88-416a-d5c8cb0f750c,13,2,20251205,539,14,1,8,0,0,Roku,Personnel
1736,234,91efdb7f-828d-bfab-30e1-95c5293e2e9d,14,1,20251120,683,6,1,11,0,0,32 BJ Union,Personnel
1737,180,4cd6b1a1-d78e-20cf-d347-f0dc907db867,8,3,20251204,628,15,1,10,0,0,Amazon,Personnel
1738,242,31e4ed7f-6ad8-3e3d-e6cb-326ef7ee9a48,15,5,20260112,754,13,1,12,0,0,Canada,Personnel
1739,298,dc2ac6f8-d3f4-d9c7-c274-aa7010fedaf8,29,2,20260204,565,12,1,9,0,0,OXO International Inc,Personnel
1740,195,f6b0a376-8cea-b94f-8bde-b94d8c738d12,9,1,20251104,590,11,1,9,0,0,Warburg Pincus,Personnel
1741,252,9233d4c3-f3c0-1d56-f8b9-820ebc1f2d46,17,4,20251103,564,15,1,9,0,0,StoneX Group Inc,Personnel
1742,74,301ab779-eb79-7bfc-e991-321f5a2cfbad,3,2,20260105,626,15,1,10,1,1,FASHIONPHILE,Personnel
1743,246,90ed8305-1457-8457-1b71-fc951c8fab19,16,5,20251217,835,7,1,13,0,0,Guidehouse,Personnel
1744,91,2f3d9a2a-5cdc-266c-889f-bfc160332706,4,2,20251230,1009,18,1,16,0,0,Convene,Personnel
1745,6,7ca47c89-8972-22b9-acc5-726e7ea166fe,1,1,20251106,584,5,1,9,0,0,The New York & Presbyterian,Personnel
1746,230,0cb306f5-6af0-a4a4-ce4e-7234015e9032,14,1,20260109,541,14,2,9,0,1,32 BJ Union,Visitor
1747,203,9ce2f2fe-36ca-6264-67a0-3d567fb7112d,10,4,20260116,1031,7,1,17,0,0,Linhart Dentistry,Personnel
1748,181,ac4dc73d-cbad-8afc-bba6-e296288a1b0f,8,3,20251104,515,18,1,8,0,0,Amazon,Personnel
1749,252,9233d4c3-f3c0-1d56-f8b9-820ebc1f2d46,17,4,20251106,789,4,2,13,0,0,StoneX Group Inc,Visitor
1750,20,00fe1ff0-9954-48bb-d160-90073892c2f0,1,1,20251110,588,11,1,9,0,0,The New York & Presbyterian,Personnel
1751,2,ce5ba133-1ae0-ef24-7369-f3921b5a442f,1,1,20260107,561,10,1,9,0,0,The New York & Presbyterian,Personnel
1752,74,301ab779-eb79-7bfc-e991-321f5a2cfbad,3,2,20260107,445,5,1,7,0,0,FASHIONPHILE,Personnel
1753,145,3f12fd9e-d31c-8d77-1592-74fca76e381d,6,1,20251216,795,20,1,13,0,0,Jack Studios Inc,Personnel
1754,12,b3396a7c-95c4-accb-e049-1431903850c5,1,1,20260205,875,3,2,14,0,0,The New York & Presbyterian,Visitor
1755,14,e3fc40c8-6c2f-e54c-7607-a0d3d529e8da,1,1,20251223,745,1,1,12,0,0,The New York & Presbyterian,Personnel
1756,294,fd18849c-e2ba-23c6-4b3b-bc7efc31c684,27,5,20251104,720,15,1,12,1,1,Equus Workforce,Personnel
1757,272,ce8e4e06-9d22-ba68-1f2f-f3b5dc240587,20,3,20260105,705,20,1,11,0,0,West Monroe,Personnel
1758,262,33bceaa6-7a1b-02c3-2dfa-cb17d36d9bc9,19,2,20251231,643,15,1,10,0,0,Elite Model World,Personnel
1759,80,7177c969-6142-596d-d4e9-d67633d1e383,3,2,20251107,785,6,1,13,0,0,FASHIONPHILE,Personnel
1760,104,41ed446f-8949-ce63-27de-5fa29551077d,4,2,20260130,608,6,1,10,0,0,Convene,Personnel
1761,39,f88439d0-9fc6-8301-3ade-cda1008fd51c,1,1,20260211,582,1,1,9,0,1,The New York & Presbyterian,Personnel
1762,128,ed81938b-93f2-450a-0a47-5d2814e66a0b,5,2,20251230,481,7,1,8,0,0,Convene 31,Personnel
1763,22,eeb8e8ac-8fc3-f64e-6863-3501605d92e7,1,1,20251208,719,12,1,11,0,0,The New York & Presbyterian,Personnel
1764,181,ac4dc73d-cbad-8afc-bba6-e296288a1b0f,8,3,20260126,659,7,1,10,0,0,Amazon,Personnel
1765,70,dc721279-ece4-8963-1b9a-75808b9c7959,3,2,20251114,715,17,1,11,0,0,FASHIONPHILE,Personnel
1766,61,58adfc00-194f-3207-37f2-3d1c5873df31,2,1,20260122,549,5,1,9,0,0,Ralph Lauren Corporation,Personnel
1767,208,978c5f6d-4a07-852f-ec1d-5e908538def6,11,4,20251113,961,7,1,16,0,0,RGN-New York XXXII LLC,Personnel
1768,143,a3dfcc29-c6bb-2fe3-635c-e5982d7cb835,6,1,20260127,829,16,1,13,0,0,Jack Studios Inc,Personnel
1769,137,3c9618b5-2a2c-d9fa-cc60-f2975e5b27e7,6,1,20251229,827,2,1,13,0,0,Jack Studios Inc,Personnel
1770,215,df3e6e35-3f5a-2740-deb4-f942c4ba5a53,12,3,20251111,1086,13,1,18,0,0,Palantir & Current,Personnel
1771,200,a47bdce5-1135-62a0-f7b4-eb586da5f0ae,10,4,20251215,805,7,1,13,0,0,Linhart Dentistry,Personnel
1772,275,e2d768ed-b72f-c306-f2c4-eca1f76040fe,21,4,20251224,689,7,1,11,0,0,STRAUB COLLABORATIVE,Personnel
1773,112,59fe0e04-8bc5-8487-f8d8-cc36649d002a,5,2,20251110,841,5,1,14,0,0,Convene 31,Personnel
1774,251,cbc36bef-5a5f-9e73-0222-2ec1b285b0f7,17,4,20251219,625,5,1,10,0,0,StoneX Group Inc,Personnel
1775,270,73bb9f6d-c3c0-6f1e-4665-ee85cb5dbfed,20,3,20260102,634,18,1,10,0,0,West Monroe,Personnel
1776,212,22641690-d15c-01b2-9564-f5f9e3fc371e,11,4,20260210,1102,5,1,18,0,0,RGN-New York XXXII LLC,Personnel
1777,51,f228fd16-3afd-dab9-0bfc-fb69a5a2f572,2,1,20251203,630,6,1,10,0,0,Ralph Lauren Corporation,Personnel
1778,192,9fe06dd1-66c9-decf-2075-a2b9694ed7e8,9,1,20251118,554,19,1,9,0,0,Warburg Pincus,Personnel
1779,188,9a1aedfe-e476-9fba-a6a1-8f8f6594b1a2,9,1,20251201,617,17,1,10,0,0,Warburg Pincus,Personnel
1780,116,f1b75f8e-414e-c4b5-00c8-d52ece9d8565,5,2,20251231,654,3,1,10,0,0,Convene 31,Personnel
1781,113,02d248e3-0a37-d1a7-4db0-e02909f69500,5,2,20251205,713,9,1,11,0,0,Convene 31,Personnel
1782,121,a7b63698-60f9-5e52-e5af-046ebedfbc98,5,2,20260129,628,1,1,10,0,0,Convene 31,Personnel
1783,179,b194b98b-d086-3169-7240-344dba440fea,8,3,20251104,812,20,1,13,0,0,Amazon,Personnel
1784,174,1e5ddef2-7603-2fc1-ac6b-d384d6c48fb7,8,3,20260205,601,3,1,10,0,0,Amazon,Personnel
1785,17,d10ba14a-4540-8890-ec84-75ca06c8cf7f,1,1,20260105,552,12,1,9,0,0,The New York & Presbyterian,Personnel
1786,31,a719622b-ab2e-9e5c-258f-431ee3cde163,1,1,20260107,675,6,1,11,0,1,The New York & Presbyterian,Personnel
1787,259,7632e70d-a55a-de63-d58c-42dbc930b1ca,18,1,20251217,861,5,1,14,0,0,RXR (75 Rock),Personnel
1788,266,e0e3b519-3187-0247-45e0-82d954c47c38,19,2,20260203,1075,19,1,17,0,0,Elite Model World,Personnel
1789,144,4dd95de3-60bd-8f86-535b-7f7bcd1da8f4,6,1,20260129,800,2,1,13,0,0,Jack Studios Inc,Personnel
1790,247,5bf977b9-12f1-0097-96ed-7909951f0e03,16,5,20260209,651,12,1,10,1,1,Guidehouse,Personnel
1791,278,7f1f3fd9-b63c-71e8-2fe8-ffbadff9d442,22,5,20260113,579,13,1,9,0,0,JP Morgan Chase,Personnel
1792,1,a2d996fc-9e97-16e4-3c98-80a889ae7c23,1,1,20251125,854,10,2,14,0,0,The New York & Presbyterian,Visitor
1793,221,7df9fd56-a0b2-43f1-4d80-ee205c8ae199,13,2,20251212,614,18,2,10,0,0,Roku,Visitor
1794,128,ed81938b-93f2-450a-0a47-5d2814e66a0b,5,2,20260116,637,17,1,10,0,0,Convene 31,Personnel
1795,180,4cd6b1a1-d78e-20cf-d347-f0dc907db867,8,3,20251201,1020,9,1,17,0,0,Amazon,Personnel
1796,195,f6b0a376-8cea-b94f-8bde-b94d8c738d12,9,1,20260127,575,13,2,9,0,0,Warburg Pincus,Visitor
1797,213,808fb319-d439-5940-5e72-845190d0d1a9,12,3,20260121,766,8,1,12,0,0,Palantir & Current,Personnel
1798,261,91a0e8b1-4f94-74a2-3569-abf1db9a9784,19,2,20251204,829,19,1,13,0,0,Elite Model World,Personnel
1799,119,e6037a42-644e-0795-4680-a004d2c20519,5,2,20251110,544,12,1,9,0,0,Convene 31,Personnel
1800,254,4de1e144-160d-c296-0169-7132a0e97998,17,4,20251126,593,15,1,9,0,0,StoneX Group Inc,Personnel
1801,230,0cb306f5-6af0-a4a4-ce4e-7234015e9032,14,1,20251105,546,16,1,9,0,1,32 BJ Union,Personnel
1802,165,5b1b0279-4f83-823f-a667-5cbadc7b4dbf,7,3,20251223,561,4,1,9,0,1,Mizuho Americas Services,Personnel
1803,2,ce5ba133-1ae0-ef24-7369-f3921b5a442f,1,1,20251204,865,14,2,14,0,0,The New York & Presbyterian,Visitor
1804,25,0010b8ac-a7cb-c470-8833-500bc78a071c,1,1,20260113,568,16,2,9,0,0,The New York & Presbyterian,Visitor
1805,166,659d225e-18f6-f111-07b0-49fa215b966f,8,3,20251128,689,9,1,11,0,0,Amazon,Personnel
1806,290,d0d05c5a-d126-2a11-8f39-c42e82fe97cd,25,3,20251110,600,11,1,10,0,0,Persistent Systems LLC,Personnel
1807,114,2b0b6f7b-5406-8dd1-bd02-5ac3d62bfc1d,5,2,20260202,623,12,2,10,0,0,Convene 31,Visitor
1808,131,827ed2f0-ac49-49cb-da81-cbd09c862eea,6,1,20251106,666,7,1,11,0,0,Jack Studios Inc,Personnel
1809,282,23fc1600-174f-f26a-6237-3e54a3ca7074,23,5,20251118,530,3,1,8,0,0,Cahill Gordon,Personnel
1810,176,9d09c906-b028-0a68-3472-00433d506de3,8,3,20251106,553,15,1,9,0,0,Amazon,Personnel
1811,212,22641690-d15c-01b2-9564-f5f9e3fc371e,11,4,20251125,885,14,1,14,0,0,RGN-New York XXXII LLC,Personnel
1812,24,052d3456-bf63-939b-e6bb-264b60d69376,1,1,20251111,796,9,1,13,0,0,The New York & Presbyterian,Personnel
1813,266,e0e3b519-3187-0247-45e0-82d954c47c38,19,2,20260202,509,8,1,8,0,0,Elite Model World,Personnel
1814,211,7c81f492-0cca-fc8f-9f02-e80fe36f76a2,11,4,20251114,879,6,1,14,0,0,RGN-New York XXXII LLC,Personnel
1815,32,1aeab4a0-da16-2190-a658-562d7c11544d,1,1,20260205,544,18,1,9,0,0,The New York & Presbyterian,Personnel
1816,265,ec09cf85-b854-2abc-779a-1605be0c0c22,19,2,20260212,447,9,1,7,0,0,Elite Model World,Personnel
1817,190,364e1246-38e5-a9ad-d16e-7b3269d8801f,9,1,20251209,778,13,2,12,0,0,Warburg Pincus,Visitor
1818,177,4126361d-64f5-b5ab-3688-87d343197bdf,8,3,20251209,866,10,1,14,0,1,Amazon,Personnel
1819,152,95f5ed7d-c8fd-e221-d9e3-11c996511bed,7,3,20260203,1090,3,1,18,0,0,Mizuho Americas Services,Personnel
1820,39,f88439d0-9fc6-8301-3ade-cda1008fd51c,1,1,20260212,1078,9,1,17,0,0,The New York & Presbyterian,Personnel
1821,102,87d756d6-6ccb-890e-7763-c3cfdc28593c,4,2,20251205,795,14,1,13,0,0,Convene,Personnel
1822,71,90b1141d-899f-c9b1-5caa-d5d3fa56aec6,3,2,20260112,604,15,1,10,0,0,FASHIONPHILE,Personnel
1823,37,0002703b-c8c5-cddf-f827-adfd55d36b06,1,1,20251105,657,4,1,10,0,0,The New York & Presbyterian,Personnel
1824,221,7df9fd56-a0b2-43f1-4d80-ee205c8ae199,13,2,20260112,571,3,1,9,0,0,Roku,Personnel
1825,25,0010b8ac-a7cb-c470-8833-500bc78a071c,1,1,20251224,581,6,1,9,0,0,The New York & Presbyterian,Personnel
1826,66,02d325d2-5735-cb56-a419-10c3d5e8b901,2,1,20251119,551,15,1,9,0,0,Ralph Lauren Corporation,Personnel
1827,169,d5b55ec3-6648-5994-6790-bc6ddef9ddff,8,3,20251223,597,15,1,9,0,0,Amazon,Personnel
1828,1,a2d996fc-9e97-16e4-3c98-80a889ae7c23,1,1,20260122,577,11,1,9,0,0,The New York & Presbyterian,Personnel
1829,85,2e7ec643-23c3-3688-05b9-5d7c60f10718,3,2,20260108,560,18,2,9,0,0,FASHIONPHILE,Visitor
1830,1,a2d996fc-9e97-16e4-3c98-80a889ae7c23,1,1,20251224,718,14,1,11,1,1,The New York & Presbyterian,Personnel
1831,208,978c5f6d-4a07-852f-ec1d-5e908538def6,11,4,20260120,528,5,2,8,0,0,RGN-New York XXXII LLC,Visitor
1832,33,60b23c89-4e26-4556-62b4-fa6c336f3b03,1,1,20260121,429,19,2,7,0,0,The New York & Presbyterian,Visitor
1833,196,8bf33d70-3ae6-fe04-9f43-827a2b067afe,10,4,20260121,811,15,1,13,0,0,Linhart Dentistry,Personnel
1834,252,9233d4c3-f3c0-1d56-f8b9-820ebc1f2d46,17,4,20251117,683,18,1,11,0,0,StoneX Group Inc,Personnel
1835,139,6a463b15-8a30-fb2e-3638-d3577130c933,6,1,20251229,686,6,1,11,0,0,Jack Studios Inc,Personnel
1836,83,31c5450d-bf71-704f-206f-931c01fc159a,3,2,20251111,607,12,1,10,0,0,FASHIONPHILE,Personnel
1837,120,92c5f84d-48e8-98a9-1d3b-a4a31764e199,5,2,20251112,719,17,1,11,0,0,Convene 31,Personnel
1838,13,aabf7434-d264-ad4f-1096-7561dd51e1d8,1,1,20260107,816,7,2,13,0,1,The New York & Presbyterian,Visitor
1839,236,75ad8198-7bc2-c2ba-117c-f51d99587e8f,15,5,20251212,713,16,1,11,0,0,Canada,Personnel
1840,178,0dcf15f5-f087-d43f-3abf-2990bda5c0eb,8,3,20251111,575,12,1,9,0,0,Amazon,Personnel
1841,175,fa3dd4f4-daed-1319-75e9-0d9772ac3c35,8,3,20260105,600,1,2,10,0,0,Amazon,Visitor
1842,60,99d7efa5-6b53-ab32-795f-54bf7cef5409,2,1,20251111,720,2,1,12,1,1,Ralph Lauren Corporation,Personnel
1843,96,89504b4e-ae35-7bfd-750e-2aa682407952,4,2,20251128,795,7,1,13,0,0,Convene,Personnel
1844,130,189cfb80-115b-eb17-a31a-880583466263,5,2,20251125,1007,8,1,16,0,0,Convene 31,Personnel
1845,103,35b30d2f-1b6c-cfc5-0e89-270841512c15,4,2,20251210,697,10,2,11,0,0,Convene,Visitor
1846,81,3c6607ec-3a46-f23c-8ee3-b95b9ab30286,3,2,20251202,576,14,1,9,0,0,FASHIONPHILE,Personnel
1847,118,7f69be5f-db4a-fafa-815f-f52841f1cddb,5,2,20251121,625,18,2,10,0,0,Convene 31,Visitor
1848,69,9b0b5824-3206-0961-db19-b5a6bf2ff3bf,2,1,20260102,619,4,1,10,0,0,Ralph Lauren Corporation,Personnel
1849,198,37fec987-e539-7968-dc35-a1d5b60213be,10,4,20251128,598,19,1,9,0,0,Linhart Dentistry,Personnel
1850,90,0237f393-aae5-d173-a32c-020eeb16207d,3,2,20260128,623,4,1,10,0,0,FASHIONPHILE,Personnel
1851,161,42616865-95ea-2b04-a5ea-3da7787d6cea,7,3,20251118,809,20,1,13,0,0,Mizuho Americas Services,Personnel
1852,62,b316cf7c-4004-ea8c-6467-85619c2652de,2,1,20251212,659,5,1,10,1,1,Ralph Lauren Corporation,Personnel
1853,90,0237f393-aae5-d173-a32c-020eeb16207d,3,2,20260105,635,13,1,10,1,1,FASHIONPHILE,Personnel
1854,115,5c36f1c8-79da-fb49-82f6-19d3198b6f66,5,2,20260115,565,3,1,9,0,0,Convene 31,Personnel
1855,56,9a612bba-141b-0166-f3a7-bee44ca62d5e,2,1,20260205,658,5,1,10,1,1,Ralph Lauren Corporation,Personnel
1856,195,f6b0a376-8cea-b94f-8bde-b94d8c738d12,9,1,20251112,667,5,1,11,0,0,Warburg Pincus,Personnel
1857,80,7177c969-6142-596d-d4e9-d67633d1e383,3,2,20260129,648,4,1,10,0,0,FASHIONPHILE,Personnel
1858,251,cbc36bef-5a5f-9e73-0222-2ec1b285b0f7,17,4,20260128,608,10,1,10,0,0,StoneX Group Inc,Personnel
1859,36,fcc99495-138a-c336-7dea-1cdb18d9c42d,1,1,20251119,620,2,2,10,0,0,The New York & Presbyterian,Visitor
1860,24,052d3456-bf63-939b-e6bb-264b60d69376,1,1,20260210,563,15,1,9,0,0,The New York & Presbyterian,Personnel
1861,168,5c4d32cf-bd72-0552-f52e-7ded072a6024,8,3,20260202,601,3,2,10,0,0,Amazon,Visitor
1862,127,15ff71cd-a81e-e88e-b09e-337bdc581e13,5,2,20260211,899,7,1,14,0,0,Convene 31,Personnel
1863,61,58adfc00-194f-3207-37f2-3d1c5873df31,2,1,20251117,716,14,1,11,0,0,Ralph Lauren Corporation,Personnel
1864,78,c1f4fada-315b-5e69-40a6-c927127e4bc6,3,2,20260107,527,7,1,8,0,0,FASHIONPHILE,Personnel
1865,24,052d3456-bf63-939b-e6bb-264b60d69376,1,1,20251204,530,18,1,8,0,0,The New York & Presbyterian,Personnel
1866,75,12fa863d-6565-5988-6d20-9567ff7957c9,3,2,20251224,623,13,1,10,0,0,FASHIONPHILE,Personnel
1867,69,9b0b5824-3206-0961-db19-b5a6bf2ff3bf,2,1,20260113,820,10,2,13,0,0,Ralph Lauren Corporation,Visitor
1868,249,db81b5e0-ed39-264c-eec1-fbd4b229af8b,17,4,20251126,622,14,1,10,0,0,StoneX Group Inc,Personnel
1869,209,590e0260-8fc2-da42-0091-28adacf8f045,11,4,20251106,803,5,1,13,0,0,RGN-New York XXXII LLC,Personnel
1870,247,5bf977b9-12f1-0097-96ed-7909951f0e03,16,5,20260121,561,2,1,9,0,0,Guidehouse,Personnel
1871,211,7c81f492-0cca-fc8f-9f02-e80fe36f76a2,11,4,20251105,563,19,1,9,0,0,RGN-New York XXXII LLC,Personnel
1872,141,585ccf26-4246-9083-979b-3e11ed5c96a5,6,1,20251113,991,20,1,16,0,0,Jack Studios Inc,Personnel
1873,235,f06e7818-c806-e815-6f72-0adca9c98da0,14,1,20251125,785,8,2,13,0,0,32 BJ Union,Visitor
1874,91,2f3d9a2a-5cdc-266c-889f-bfc160332706,4,2,20251113,686,3,1,11,0,0,Convene,Personnel
1875,128,ed81938b-93f2-450a-0a47-5d2814e66a0b,5,2,20260129,778,12,1,12,0,0,Convene 31,Personnel
1876,75,12fa863d-6565-5988-6d20-9567ff7957c9,3,2,20251224,749,7,2,12,0,0,FASHIONPHILE,Visitor
1877,127,15ff71cd-a81e-e88e-b09e-337bdc581e13,5,2,20260120,594,8,1,9,0,0,Convene 31,Personnel
1878,191,56bc0763-8481-d2f9-a9b6-47775ab88a12,9,1,20260212,989,20,1,16,1,1,Warburg Pincus,Personnel
1879,209,590e0260-8fc2-da42-0091-28adacf8f045,11,4,20251103,774,16,1,12,0,0,RGN-New York XXXII LLC,Personnel
1880,213,808fb319-d439-5940-5e72-845190d0d1a9,12,3,20260120,634,2,2,10,0,0,Palantir & Current,Visitor
1881,191,56bc0763-8481-d2f9-a9b6-47775ab88a12,9,1,20251105,1056,9,1,17,0,1,Warburg Pincus,Personnel
1882,241,d6c97267-2383-8b3e-c3af-678cb50c254f,15,5,20260112,997,17,1,16,0,0,Canada,Personnel
1883,295,a120e9ae-cd3d-2774-8b69-8b9cc078085f,28,1,20260205,865,5,1,14,0,0,BasePoint Capital,Personnel
1884,141,585ccf26-4246-9083-979b-3e11ed5c96a5,6,1,20251203,578,6,1,9,0,0,Jack Studios Inc,Personnel
1885,13,aabf7434-d264-ad4f-1096-7561dd51e1d8,1,1,20251217,666,17,1,11,1,1,The New York & Presbyterian,Personnel
1886,133,78971143-2565-d391-6239-7d05b283d51b,6,1,20251107,572,13,1,9,0,0,Jack Studios Inc,Personnel
1887,186,8fa03b98-bd90-97ed-f498-8cdf20460f56,9,1,20251219,1035,15,1,17,0,0,Warburg Pincus,Personnel
1888,38,f361245f-e671-ec9c-9d65-5fb5b1c5589a,1,1,20251117,688,11,1,11,0,0,The New York & Presbyterian,Personnel
1889,222,22ee28a3-fcbf-eeaf-5ca2-d3f07c062749,13,2,20260127,735,9,1,12,0,0,Roku,Personnel
1890,283,d78d002f-d488-cc39-5712-dacc8d653be0,23,5,20251229,1047,15,2,17,0,0,Cahill Gordon,Visitor
1891,87,5c98abce-f087-ebcf-8e97-044df72d9ff9,3,2,20260205,593,6,1,9,0,0,FASHIONPHILE,Personnel
1892,111,8e548622-ae7d-5012-54e4-ea9ec9805bda,4,2,20251119,537,3,1,8,0,0,Convene,Personnel
1893,104,41ed446f-8949-ce63-27de-5fa29551077d,4,2,20260105,772,9,1,12,0,0,Convene,Personnel
1894,261,91a0e8b1-4f94-74a2-3569-abf1db9a9784,19,2,20251128,578,9,1,9,0,0,Elite Model World,Personnel
1895,101,fde7ddd2-b63c-db47-391f-f55398bfe71b,4,2,20251203,1038,20,1,17,0,0,Convene,Personnel
1896,192,9fe06dd1-66c9-decf-2075-a2b9694ed7e8,9,1,20260122,737,12,2,12,0,1,Warburg Pincus,Visitor
1897,130,189cfb80-115b-eb17-a31a-880583466263,5,2,20260129,859,15,2,14,0,0,Convene 31,Visitor
1898,174,1e5ddef2-7603-2fc1-ac6b-d384d6c48fb7,8,3,20251201,910,19,2,15,0,0,Amazon,Visitor
1899,72,cfbbe025-08e3-d4c2-bd14-8ec3e9f21f5f,3,2,20251230,503,5,1,8,0,0,FASHIONPHILE,Personnel
1900,98,098e9e87-dc8e-cac5-61d0-7922263d5f20,4,2,20251210,642,16,1,10,0,0,Convene,Personnel
1901,67,999cf579-8379-0fd7-4173-fa6279681752,2,1,20251117,647,2,1,10,0,0,Ralph Lauren Corporation,Personnel
1902,27,986d139d-d9ee-64f2-a9c3-4ede20186288,1,1,20251114,564,15,1,9,0,0,The New York & Presbyterian,Personnel
1903,242,31e4ed7f-6ad8-3e3d-e6cb-326ef7ee9a48,15,5,20260122,572,3,1,9,0,0,Canada,Personnel
1904,70,dc721279-ece4-8963-1b9a-75808b9c7959,3,2,20251222,915,16,2,15,0,0,FASHIONPHILE,Visitor
1905,217,a7d16a68-2ebb-fbb8-08df-7af4ea088bd8,12,3,20251231,622,4,1,10,0,0,Palantir & Current,Personnel
1906,130,189cfb80-115b-eb17-a31a-880583466263,5,2,20251121,547,18,1,9,1,1,Convene 31,Personnel
1907,117,534560d2-c372-09a0-5f49-5f2ce09ac5c6,5,2,20251126,835,18,2,13,0,0,Convene 31,Visitor
1908,33,60b23c89-4e26-4556-62b4-fa6c336f3b03,1,1,20260204,957,2,1,15,0,0,The New York & Presbyterian,Personnel
1909,236,75ad8198-7bc2-c2ba-117c-f51d99587e8f,15,5,20251217,684,14,1,11,0,0,Canada,Personnel
1910,190,364e1246-38e5-a9ad-d16e-7b3269d8801f,9,1,20251104,676,12,1,11,0,0,Warburg Pincus,Personnel
1911,196,8bf33d70-3ae6-fe04-9f43-827a2b067afe,10,4,20251203,572,19,1,9,0,0,Linhart Dentistry,Personnel
1912,169,d5b55ec3-6648-5994-6790-bc6ddef9ddff,8,3,20260127,611,7,1,10,0,0,Amazon,Personnel
1913,258,e81e9a0c-ff15-f54a-0c0b-84b7b67152d6,18,1,20251231,719,4,1,11,0,0,RXR (75 Rock),Personnel
1914,43,919204f7-7dee-8acb-e7b3-3ef5d96ba78a,1,1,20260122,845,4,1,14,0,0,The New York & Presbyterian,Personnel
1915,151,f4437f79-b809-babf-867d-1cbfb38b65de,7,3,20251117,882,14,1,14,0,0,Mizuho Americas Services,Personnel
1916,230,0cb306f5-6af0-a4a4-ce4e-7234015e9032,14,1,20260122,729,16,1,12,0,0,32 BJ Union,Personnel
1917,26,44413f8f-6262-02ec-e01e-0217c87acef5,1,1,20251204,874,20,1,14,0,0,The New York & Presbyterian,Personnel
1918,234,91efdb7f-828d-bfab-30e1-95c5293e2e9d,14,1,20251104,815,3,1,13,0,0,32 BJ Union,Personnel
1919,296,28fe66be-b334-41e0-2ebe-6cb3174df322,28,1,20251211,664,13,1,11,0,0,BasePoint Capital,Personnel
1920,102,87d756d6-6ccb-890e-7763-c3cfdc28593c,4,2,20260203,618,10,1,10,0,0,Convene,Personnel
1921,292,8e96a1f0-ce5a-0b2f-1a36-99a2372b98c6,26,4,20251219,692,12,2,11,0,0,The Bliss Group,Visitor
1922,98,098e9e87-dc8e-cac5-61d0-7922263d5f20,4,2,20260116,824,3,1,13,0,0,Convene,Personnel
1923,33,60b23c89-4e26-4556-62b4-fa6c336f3b03,1,1,20260121,591,10,1,9,0,0,The New York & Presbyterian,Personnel
1924,137,3c9618b5-2a2c-d9fa-cc60-f2975e5b27e7,6,1,20260203,590,6,1,9,0,0,Jack Studios Inc,Personnel
1925,162,7fff4cbd-c59b-bc4e-b7f8-4d6bbd0352ca,7,3,20251126,644,15,1,10,0,0,Mizuho Americas Services,Personnel
1926,212,22641690-d15c-01b2-9564-f5f9e3fc371e,11,4,20251226,715,6,1,11,0,0,RGN-New York XXXII LLC,Personnel
1927,83,31c5450d-bf71-704f-206f-931c01fc159a,3,2,20251113,791,14,1,13,0,0,FASHIONPHILE,Personnel
1928,115,5c36f1c8-79da-fb49-82f6-19d3198b6f66,5,2,20251128,700,4,1,11,0,0,Convene 31,Personnel
1929,86,d4dac8df-d0a9-d3dc-b8cc-a497880cb866,3,2,20260122,832,15,1,13,0,0,FASHIONPHILE,Personnel
1930,134,45900178-3626-7b9e-00bf-5aa273678844,6,1,20260129,713,8,1,11,1,1,Jack Studios Inc,Personnel
1931,44,2d4ef446-b0b1-9641-a3dd-96599f454fbf,1,1,20251112,799,7,1,13,0,0,The New York & Presbyterian,Personnel
1932,61,58adfc00-194f-3207-37f2-3d1c5873df31,2,1,20251121,895,2,1,14,1,1,Ralph Lauren Corporation,Personnel
1933,293,337570f7-8581-9ce0-05e7-8bb66662dab8,27,5,20251231,643,7,2,10,0,0,Equus Workforce,Visitor
1934,120,92c5f84d-48e8-98a9-1d3b-a4a31764e199,5,2,20251204,863,12,1,14,0,0,Convene 31,Personnel
1935,166,659d225e-18f6-f111-07b0-49fa215b966f,8,3,20251126,825,11,1,13,0,0,Amazon,Personnel
1936,212,22641690-d15c-01b2-9564-f5f9e3fc371e,11,4,20251118,577,10,1,9,0,0,RGN-New York XXXII LLC,Personnel
1937,100,d144b854-d786-59dd-1185-2ef56635747b,4,2,20260211,608,14,1,10,0,0,Convene,Personnel
1938,192,9fe06dd1-66c9-decf-2075-a2b9694ed7e8,9,1,20260205,658,16,1,10,0,0,Warburg Pincus,Personnel
1939,82,2a2686a4-90f3-4ff1-6782-c122b97c196c,3,2,20260105,1036,17,1,17,0,0,FASHIONPHILE,Personnel
1940,199,91af50fc-e08a-fe5b-a49f-70c0057b19d8,10,4,20251218,559,17,1,9,0,0,Linhart Dentistry,Personnel
1941,44,2d4ef446-b0b1-9641-a3dd-96599f454fbf,1,1,20260129,677,16,1,11,0,0,The New York & Presbyterian,Personnel
1942,17,d10ba14a-4540-8890-ec84-75ca06c8cf7f,1,1,20260205,696,4,1,11,0,0,The New York & Presbyterian,Personnel
1943,294,fd18849c-e2ba-23c6-4b3b-bc7efc31c684,27,5,20251202,574,7,1,9,1,1,Equus Workforce,Personnel
1944,105,d54bd26b-0304-a2c3-b643-e2c5e7f1ae72,4,2,20251105,774,1,2,12,0,0,Convene,Visitor
1945,51,f228fd16-3afd-dab9-0bfc-fb69a5a2f572,2,1,20251121,798,10,1,13,0,0,Ralph Lauren Corporation,Personnel
1946,95,42dfc728-7fda-d46f-e62f-a902faf6bf8a,4,2,20251212,565,16,1,9,0,0,Convene,Personnel
1947,128,ed81938b-93f2-450a-0a47-5d2814e66a0b,5,2,20251205,545,9,1,9,0,0,Convene 31,Personnel
1948,291,82319bfe-4e81-3d03-1b81-2a288c5db69c,26,4,20260105,658,2,1,10,0,0,The Bliss Group,Personnel
1949,120,92c5f84d-48e8-98a9-1d3b-a4a31764e199,5,2,20260120,1043,3,2,17,0,0,Convene 31,Visitor
1950,142,f93b1dfb-ac57-f315-d196-e38cfaa33b43,6,1,20260203,611,9,2,10,0,0,Jack Studios Inc,Visitor
1951,41,5c320523-b390-cd82-d946-b12ed9b83174,1,1,20251230,997,12,1,16,0,0,The New York & Presbyterian,Personnel
1952,200,a47bdce5-1135-62a0-f7b4-eb586da5f0ae,10,4,20251224,853,11,1,14,0,0,Linhart Dentistry,Personnel
1953,162,7fff4cbd-c59b-bc4e-b7f8-4d6bbd0352ca,7,3,20251107,877,18,1,14,0,0,Mizuho Americas Services,Personnel
1954,100,d144b854-d786-59dd-1185-2ef56635747b,4,2,20251210,523,6,1,8,0,0,Convene,Personnel
1955,269,c33a4658-a168-19f8-0fdf-c70240a735b2,20,3,20260123,689,10,1,11,0,0,West Monroe,Personnel
1956,286,07294c28-54d0-b560-0fc5-62f8a87f070a,24,2,20251204,756,20,1,12,0,0,Locality,Personnel
1957,56,9a612bba-141b-0166-f3a7-bee44ca62d5e,2,1,20251230,711,7,2,11,0,0,Ralph Lauren Corporation,Visitor
1958,32,1aeab4a0-da16-2190-a658-562d7c11544d,1,1,20260121,736,16,1,12,0,0,The New York & Presbyterian,Personnel
1959,282,23fc1600-174f-f26a-6237-3e54a3ca7074,23,5,20260205,645,10,1,10,0,0,Cahill Gordon,Personnel
1960,115,5c36f1c8-79da-fb49-82f6-19d3198b6f66,5,2,20251113,830,16,1,13,0,0,Convene 31,Personnel
1961,85,2e7ec643-23c3-3688-05b9-5d7c60f10718,3,2,20251124,482,10,1,8,0,1,FASHIONPHILE,Personnel
1962,103,35b30d2f-1b6c-cfc5-0e89-270841512c15,4,2,20251215,586,7,1,9,0,0,Convene,Personnel
1963,230,0cb306f5-6af0-a4a4-ce4e-7234015e9032,14,1,20251106,884,19,1,14,0,0,32 BJ Union,Personnel
1964,4,ee89629c-b43b-eeb9-00fb-ef14f8b9553c,1,1,20260105,751,3,1,12,0,0,The New York & Presbyterian,Personnel
1965,173,7156224d-6ba0-834b-470e-0e48b3e13072,8,3,20260109,699,15,1,11,0,0,Amazon,Personnel
1966,217,a7d16a68-2ebb-fbb8-08df-7af4ea088bd8,12,3,20260205,734,16,2,12,0,0,Palantir & Current,Visitor
1967,182,d383042a-d4e9-89e0-e340-17d711d8ce32,9,1,20260105,549,14,1,9,0,0,Warburg Pincus,Personnel
1968,204,03a19036-8e1d-d5eb-126f-9ddd281332bd,10,4,20251203,588,13,1,9,0,1,Linhart Dentistry,Personnel
1969,154,917e28a7-e138-938b-248b-8c1570825695,7,3,20260106,711,10,1,11,0,0,Mizuho Americas Services,Personnel
1970,201,f0a8b495-8758-b193-d7d5-504639cc60bc,10,4,20251111,575,6,1,9,0,0,Linhart Dentistry,Personnel
1971,198,37fec987-e539-7968-dc35-a1d5b60213be,10,4,20251226,620,19,1,10,0,0,Linhart Dentistry,Personnel
1972,230,0cb306f5-6af0-a4a4-ce4e-7234015e9032,14,1,20251205,977,7,1,16,0,0,32 BJ Union,Personnel
1973,7,1d2a6e46-8de1-6bb4-5927-fe7483fc0f15,1,1,20260102,932,15,1,15,0,0,The New York & Presbyterian,Personnel
1974,197,f574c172-0495-7752-55a9-a473e6a7e108,10,4,20251231,590,10,1,9,0,0,Linhart Dentistry,Personnel
1975,179,b194b98b-d086-3169-7240-344dba440fea,8,3,20251112,583,2,2,9,0,0,Amazon,Visitor
1976,158,38028e2e-fa7f-638f-0fce-56f79a5df419,7,3,20251215,1135,14,1,18,0,0,Mizuho Americas Services,Personnel
1977,134,45900178-3626-7b9e-00bf-5aa273678844,6,1,20251128,725,2,1,12,0,0,Jack Studios Inc,Personnel
1978,143,a3dfcc29-c6bb-2fe3-635c-e5982d7cb835,6,1,20251208,704,6,1,11,0,0,Jack Studios Inc,Personnel
1979,155,c15dc3c6-879b-4d76-efcb-fcb55d1e6214,7,3,20260123,851,14,2,14,0,1,Mizuho Americas Services,Visitor
1980,247,5bf977b9-12f1-0097-96ed-7909951f0e03,16,5,20260112,565,9,1,9,0,0,Guidehouse,Personnel
1981,300,edc35029-9868-9602-4551-462984ffb4a0,30,3,20260204,625,11,1,10,0,0,MHANY,Personnel
1982,92,03eadd55-3ced-2f7e-5dd1-f62d068a2039,4,2,20251119,638,19,2,10,0,0,Convene,Visitor
1983,78,c1f4fada-315b-5e69-40a6-c927127e4bc6,3,2,20251201,642,5,1,10,0,0,FASHIONPHILE,Personnel
1984,203,9ce2f2fe-36ca-6264-67a0-3d567fb7112d,10,4,20260127,715,8,1,11,0,0,Linhart Dentistry,Personnel
1985,269,c33a4658-a168-19f8-0fdf-c70240a735b2,20,3,20251119,717,16,1,11,0,0,West Monroe,Personnel
1986,189,9542698a-0ae9-fb94-816f-b5e4e9b773d6,9,1,20260122,563,16,2,9,0,0,Warburg Pincus,Visitor
1987,14,e3fc40c8-6c2f-e54c-7607-a0d3d529e8da,1,1,20260115,700,9,1,11,0,0,The New York & Presbyterian,Personnel
1988,214,1d0e7475-63e6-11a9-1c8f-09f4c7dad914,12,3,20251106,590,2,1,9,0,0,Palantir & Current,Personnel
1989,202,9f502a29-f707-81f3-3376-d335be6c6225,10,4,20260205,667,17,1,11,0,1,Linhart Dentistry,Personnel
1990,208,978c5f6d-4a07-852f-ec1d-5e908538def6,11,4,20260130,587,8,1,9,0,0,RGN-New York XXXII LLC,Personnel
1991,167,e6329b9f-76e1-5a1a-6284-e47ff6e3519e,8,3,20251210,580,16,1,9,0,0,Amazon,Personnel
1992,175,fa3dd4f4-daed-1319-75e9-0d9772ac3c35,8,3,20260102,814,5,1,13,0,0,Amazon,Personnel
1993,44,2d4ef446-b0b1-9641-a3dd-96599f454fbf,1,1,20260112,854,12,1,14,0,0,The New York & Presbyterian,Personnel
1994,130,189cfb80-115b-eb17-a31a-880583466263,5,2,20251205,755,20,1,12,0,0,Convene 31,Personnel
1995,248,7b7ec8a5-9ff2-75e0-6f53-0251394f0bbf,16,5,20251124,700,14,1,11,0,0,Guidehouse,Personnel
1996,54,149f31a3-a77c-57a3-75cd-148a2cda2a15,2,1,20260206,888,13,1,14,0,0,Ralph Lauren Corporation,Personnel
1997,36,fcc99495-138a-c336-7dea-1cdb18d9c42d,1,1,20260107,804,7,2,13,0,0,The New York & Presbyterian,Visitor
1998,133,78971143-2565-d391-6239-7d05b283d51b,6,1,20260122,782,1,1,13,0,0,Jack Studios Inc,Personnel
1999,110,4a6dd748-301f-dd4d-c854-9018a937a9f3,4,2,20251106,594,11,1,9,0,0,Convene,Personnel
2000,38,f361245f-e671-ec9c-9d65-5fb5b1c5589a,1,1,20251105,586,4,1,9,0,0,The New York & Presbyterian,Personnel
